,A_SOURCE,A_ID,A_MUNI,A_YEAR,A_CRASH_DATE,A_SEVERITY,A_CRASH_TIME,A_POLICE,A_CYCLIST,A_PEDESTRIAN,A_OTHER,A_LAT,A_LON,A_INTERSTATE,A_datetime,B_SOURCE,B_ID,B_MUNI,B_YEAR,B_CRASH_DATE,B_SEVERITY,B_CRASH_TIME,B_POLICE,B_CYCLIST,B_PEDESTRIAN,B_OTHER,B_LAT,B_LON,B_INTERSTATE,B_datetime,distance_m,time_diff_sec,confidence
0,MassDOT,5070789,SOMERVILLE,2022,2022-01-02,2,01:28:00,Local,0,0,0.0,42.38252456,-71.10366667,0,2022-01-02 01:28:00,SomervillePD,22000143,SOMERVILLE,2022,2022-01-02,2,01:28:00,,0,0,0.0,42.3827,-71.1036,,2022-01-02 01:28:00,20.226506991842896,0.0,0.8584144510570997
1,SomervillePD,22000281,SOMERVILLE,2022,2022-01-03,2,06:53:00,,0,0,0.0,42.3908,-71.108,,2022-01-03 06:53:00,MassDOT,5070802,SOMERVILLE,2022,2022-01-03,2,06:53:00,Local,0,0,0.0,42.3909171,-71.10782991,0,2022-01-03 06:53:00,19.062732968657507,0.0,0.8665608692193973
2,SomervillePD,22000950,SOMERVILLE,2022,2022-01-07,0,10:15:00,,0,0,0.0,42.3893,-71.0953,,2022-01-07 10:15:00,MassDOT,5070744,SOMERVILLE,2022,2022-01-07,0,10:15:00,Local,0,0,0.0,42.38932541,-71.09500829,0,2022-01-07 10:15:00,24.080869446860433,0.0,0.8314339138719768
3,MassDOT,5070798,SOMERVILLE,2022,2022-01-08,0,07:36:00,Local,0,0,0.0,42.39660452,-71.10564907,0,2022-01-08 07:36:00,SomervillePD,22001090,SOMERVILLE,2022,2022-01-08,0,07:36:00,,0,0,0.0,42.3966,-71.1056,,2022-01-08 07:36:00,4.053583317605813,0.0,0.9716249167767592
4,MassDOT,5070803,SOMERVILLE,2022,2022-01-08,0,09:39:00,Local,0,0,0.0,42.39019063,-71.10987052,0,2022-01-08 09:39:00,SomervillePD,22001100,SOMERVILLE,2022,2022-01-08,0,09:39:00,,0,0,0.0,42.3904,-71.11,,2022-01-08 09:39:00,25.549519202985294,0.0,0.821153365579103
5,MassDOT,5070952,SOMERVILLE,2022,2022-01-08,0,14:46:00,Local,0,0,0.0,42.39437765,-71.0966238,0,2022-01-08 14:46:00,SomervillePD,22001125,SOMERVILLE,2022,2022-01-08,0,14:46:00,,0,0,0.0,42.3948,-71.0969,,2022-01-08 14:46:00,52.062102220398984,0.0,0.6355652844572071
6,SomervillePD,22001239,SOMERVILLE,2022,2022-01-09,0,13:02:00,,0,0,0.0,42.3962,-71.1209,,2022-01-09 13:02:00,MassDOT,5070788,SOMERVILLE,2022,2022-01-09,0,13:02:00,Local,0,0,0.0,42.39587465,-71.12088917,0,2022-01-09 13:02:00,36.12476024609594,0.0,0.7471266782773284
7,MassDOT,5070741,SOMERVILLE,2022,2022-01-09,0,16:20:00,Local,0,0,0.0,42.39882481,-71.12868092,0,2022-01-09 16:20:00,SomervillePD,22001255,SOMERVILLE,2022,2022-01-09,0,16:20:00,,0,0,0.0,42.3988,-71.1287,,2022-01-09 16:20:00,3.16703049484794,0.0,0.9778307865360643
8,MassDOT,5070799,SOMERVILLE,2022,2022-01-12,0,09:46:00,Local,0,0,0.0,42.38668903,-71.10464758,0,2022-01-12 09:46:00,SomervillePD,22001670,SOMERVILLE,2022,2022-01-12,0,09:46:00,,0,0,0.0,42.3867,-71.1044,,2022-01-12 09:46:00,20.334567215506073,0.0,0.8576580294914575
9,SomervillePD,22001821,SOMERVILLE,2022,2022-01-13,0,06:06:00,,0,0,0.0,42.3869,-71.1161,,2022-01-13 06:06:00,MassDOT,5070796,SOMERVILLE,2022,2022-01-13,0,06:06:00,Local,0,0,0.0,42.3869103,-71.11615302,0,2022-01-13 06:06:00,4.494718571637822,0.0,0.9685369699985351
10,MassDOT,5070808,SOMERVILLE,2022,2022-01-13,0,09:54:00,Local,0,0,0.0,42.37678972,-71.09257183,0,2022-01-13 09:54:00,SomervillePD,22001849,SOMERVILLE,2022,2022-01-13,0,09:54:00,,0,0,0.0,42.3768,-71.0926,,2022-01-13 09:54:00,2.5763807094431734,0.0,0.9819653350338977
11,MassDOT,5070806,SOMERVILLE,2022,2022-01-15,0,13:51:00,Local,0,0,0.0,42.40148623,-71.11674607,0,2022-01-15 13:51:00,SomervillePD,22002214,SOMERVILLE,2022,2022-01-15,0,13:51:00,,0,0,0.0,42.4016,-71.1165,,2022-01-15 13:51:00,23.79680346278486,0.0,0.8334223757605059
12,SomervillePD,22002511,SOMERVILLE,2022,2022-01-17,0,14:46:00,,0,0,0.0,42.387,-71.0818,,2022-01-17 14:46:00,MassDOT,5070791,SOMERVILLE,2022,2022-01-17,0,14:46:00,Local,0,0,0.0,42.38692989,-71.08179818,0,2022-01-17 14:46:00,7.7836403567295465,0.0,0.9455145175028932
13,MassDOT,5070742,SOMERVILLE,2022,2022-01-18,0,14:20:00,Local,0,0,0.0,42.39076465,-71.09021547,0,2022-01-18 14:20:00,SomervillePD,22002708,SOMERVILLE,2022,2022-01-18,0,14:20:00,,0,0,0.0,42.3908,-71.0902,,2022-01-18 14:20:00,4.123715735144255,0.0,0.9711339898539901
14,SomervillePD,22002710,SOMERVILLE,2022,2022-01-18,2,14:38:00,,0,1,0.0,42.3871,-71.087,,2022-01-18 14:38:00,MassDOT,5070797,SOMERVILLE,2022,2022-01-18,2,14:38:00,Local,0,1,0.0,42.38704671,-71.08697579,0,2022-01-18 14:38:00,6.239324255739949,0.0,0.9563247302098203
15,MassDOT,5070740,SOMERVILLE,2022,2022-01-18,0,17:58:00,Local,0,0,0.0,42.39113151,-71.09089487,0,2022-01-18 17:58:00,SomervillePD,22002744,SOMERVILLE,2022,2022-01-18,0,17:58:00,,0,0,0.0,42.3914,-71.0906,,2022-01-18 17:58:00,38.37368353709914,0.0,0.7313842152403061
16,SomervillePD,22002892,SOMERVILLE,2022,2022-01-19,2,13:04:00,,0,0,0.0,42.4001,-71.1127,,2022-01-19 13:04:00,MassDOT,5070743,SOMERVILLE,2022,2022-01-19,2,13:04:00,Local,0,0,0.0,42.40009181,-71.11271118,0,2022-01-19 13:04:00,1.2908315692295798,0.0,0.9909641790153929
17,MassDOT,5070801,SOMERVILLE,2022,2022-01-19,2,18:20:00,Local,0,0,0.0,42.37688311,-71.08857033,0,2022-01-19 18:20:00,SomervillePD,22002953,SOMERVILLE,2022,2022-01-19,2,18:20:00,,0,0,0.0,42.3767,-71.0888,,2022-01-19 18:20:00,27.70889467036951,0.0,0.8060377373074135
18,MassDOT,5067186,BOSTON,2022,2022-01-20,0,13:50:00,State,0,0,0.0,42.36097269,-71.11779132,0,2022-01-20 13:50:00,BostonVisionZero,23992,BOSTON,2022,2022-01-20,,14:18:33,,1,0,,42.36010418886195,-71.11752429146709,,2022-01-20 14:18:33,98.86018913335245,1713.0,0.16522867606653285
19,MassDOT,5070811,SOMERVILLE,2022,2022-01-21,0,09:26:00,Local,0,0,0.0,42.39702676,-71.12196654,0,2022-01-21 09:26:00,SomervillePD,22003210,SOMERVILLE,2022,2022-01-21,0,09:26:00,,0,0,0.0,42.397,-71.122,,2022-01-21 09:26:00,4.043015718954095,0.0,0.9716988899673213
20,SomervillePD,22003257,SOMERVILLE,2022,2022-01-21,2,14:41:00,,0,1,0.0,42.3854,-71.087,,2022-01-21 14:41:00,MassDOT,5070745,SOMERVILLE,2022,2022-01-21,2,14:41:00,Local,0,1,0.0,42.38544498,-71.08703483,0,2022-01-21 14:41:00,5.751735958770514,0.0,0.9597378482886063
21,SomervillePD,22003400,SOMERVILLE,2022,2022-01-22,0,14:48:00,,0,0,0.0,42.3962,-71.1094,,2022-01-22 14:48:00,MassDOT,5070795,SOMERVILLE,2022,2022-01-22,0,14:48:00,Local,0,0,0.0,42.39633217,-71.10946185,0,2022-01-22 14:48:00,15.522240465311247,0.0,0.8913443167428212
22,MassDOT,5070746,SOMERVILLE,2022,2022-01-24,0,23:31:00,Local,0,0,0.0,42.39327589,-71.0806187,0,2022-01-24 23:31:00,SomervillePD,22003813,SOMERVILLE,2022,2022-01-24,0,23:31:00,,0,0,0.0,42.3938,-71.0804,,2022-01-24 23:31:00,60.87610709663548,0.0,0.5738672503235516
23,MassDOT,5070800,SOMERVILLE,2022,2022-01-25,0,00:48:00,Local,0,0,0.0,42.38570996,-71.08041692,0,2022-01-25 00:48:00,SomervillePD,22003826,SOMERVILLE,2022,2022-01-25,0,00:48:00,,0,0,0.0,42.3856,-71.0804,,2022-01-25 00:48:00,12.284139535228272,0.0,0.914011023253402
24,SomervillePD,22003849,SOMERVILLE,2022,2022-01-25,0,07:30:00,,0,0,0.0,42.3953,-71.0959,,2022-01-25 07:30:00,MassDOT,5070792,SOMERVILLE,2022,2022-01-25,0,07:30:00,Local,0,0,0.0,42.39530426,-71.09592742,0,2022-01-25 07:30:00,2.2969452998545297,0.0,0.9839213829010183
25,SomervillePD,22004123,SOMERVILLE,2022,2022-01-26,0,19:32:00,,0,0,0.0,42.384,-71.0829,,2022-01-26 19:32:00,MassDOT,5071067,SOMERVILLE,2022,2022-01-26,0,19:32:00,Local,0,0,0.0,42.38417313,-71.08278861,0,2022-01-26 19:32:00,21.27716432355616,0.0,0.8510598497351067
26,MassDOT,5070790,SOMERVILLE,2022,2022-01-27,0,18:49:00,Local,0,0,0.0,42.38188686,-71.08248241,0,2022-01-27 18:49:00,SomervillePD,22004276,SOMERVILLE,2022,2022-01-27,0,18:49:00,,0,0,0.0,42.3821,-71.0826,,2022-01-27 18:49:00,25.547687196811253,0.0,0.8211661896223212
27,MassDOT,5070807,SOMERVILLE,2022,2022-01-27,0,23:49:00,Local,0,0,0.0,42.39752394,-71.10491306,0,2022-01-27 23:49:00,SomervillePD,22004311,SOMERVILLE,2022,2022-01-27,0,23:49:00,,0,0,0.0,42.3972,-71.1049,,2022-01-27 23:49:00,35.97327313729435,0.0,0.7481870880389395
28,MassDOT,5070793,SOMERVILLE,2022,2022-01-28,0,16:13:00,Local,0,0,0.0,42.40570332,-71.13109395,0,2022-01-28 16:13:00,SomervillePD,22004433,SOMERVILLE,2022,2022-01-28,0,16:13:00,,0,0,0.0,42.4059,-71.131,,2022-01-28 16:13:00,23.149671395396716,0.0,0.8379523002322229
29,SomervillePD,22004829,SOMERVILLE,2022,2022-01-31,2,07:43:00,,0,0,0.0,42.3833,-71.1126,,2022-01-31 07:43:00,MassDOT,5070739,SOMERVILLE,2022,2022-01-31,2,07:43:00,Local,0,0,0.0,42.38317285,-71.11241406,0,2022-01-31 07:43:00,20.775319032670645,0.0,0.8545727667713054
30,SomervillePD,22004892,SOMERVILLE,2022,2022-01-31,2,16:07:00,,0,0,0.0,42.3929,-71.0857,,2022-01-31 16:07:00,MassDOT,5070805,SOMERVILLE,2022,2022-01-31,2,16:07:00,Local,0,0,0.0,42.39252505,-71.08544953,0,2022-01-31 16:07:00,46.40885739481925,0.0,0.6751379982362651
31,MassDOT,5070804,SOMERVILLE,2022,2022-01-31,0,16:25:00,Local,0,0,0.0,42.40118309,-71.11708477,0,2022-01-31 16:25:00,SomervillePD,22004897,SOMERVILLE,2022,2022-01-31,0,16:25:00,,0,0,0.0,42.4011,-71.1175,,2022-01-31 16:25:00,35.262663080871086,0.0,0.7531613584339023
32,MassDOT,5070794,SOMERVILLE,2022,2022-01-31,2,23:17:00,Local,0,0,0.0,42.38166925,-71.08385283,0,2022-01-31 23:17:00,SomervillePD,22004952,SOMERVILLE,2022,2022-01-31,2,23:17:00,,0,0,0.0,42.3817,-71.0839,,2022-01-31 23:17:00,5.158342098426538,0.0,0.9638916053110143
33,MassDOT,5081588,SOMERVILLE,2022,2022-02-01,0,08:15:00,Local,0,0,0.0,42.38814787,-71.08830828,0,2022-02-01 08:15:00,SomervillePD,22005010,SOMERVILLE,2022,2022-02-01,0,08:15:00,,0,0,0.0,42.3885,-71.0879,,2022-02-01 08:15:00,51.46020859061137,0.0,0.6397785398657203
34,SomervillePD,22005496,SOMERVILLE,2022,2022-02-03,0,21:43:00,,0,0,0.0,42.3929,-71.1182,,2022-02-03 21:43:00,MassDOT,5081399,SOMERVILLE,2022,2022-02-03,0,21:43:00,Local,0,0,0.0,42.39307338,-71.11813939,0,2022-02-03 21:43:00,19.876234287358344,0.0,0.8608663599884916
35,MassDOT,5081477,SOMERVILLE,2022,2022-02-04,2,06:36:00,Local,0,1,0.0,42.39708471,-71.12297968,0,2022-02-04 06:36:00,SomervillePD,22005546,SOMERVILLE,2022,2022-02-04,2,06:36:00,,0,1,0.0,42.3972,-71.1233,,2022-02-04 06:36:00,29.209900027046455,0.0,0.7955306998106748
36,SomervillePD,22005647,SOMERVILLE,2022,2022-02-04,0,18:03:00,,0,0,0.0,42.3943,-71.0904,,2022-02-04 18:03:00,MassDOT,5081479,SOMERVILLE,2022,2022-02-04,0,18:03:00,Local,0,0,0.0,42.39421909,-71.0904206,0,2022-02-04 18:03:00,9.138395177882332,0.0,0.9360312337548236
37,SomervillePD,22005906,SOMERVILLE,2022,2022-02-06,2,14:00:00,,0,1,0.0,42.3947,-71.0828,,2022-02-06 14:00:00,MassDOT,5081411,SOMERVILLE,2022,2022-02-06,2,14:00:00,Local,0,1,0.0,42.39465166,-71.08360633,0,2022-02-06 14:00:00,66.31670721689157,0.0,0.535783049481759
38,MassDOT,5081407,SOMERVILLE,2022,2022-02-06,0,16:12:00,Local,0,0,0.0,42.39503872,-71.11110032,0,2022-02-06 16:12:00,SomervillePD,22005920,SOMERVILLE,2022,2022-02-06,0,16:12:00,,0,0,0.0,42.395,-71.1109,,2022-02-06 16:12:00,16.974366910746028,0.0,0.8811794316247776
39,SomervillePD,22006039,SOMERVILLE,2022,2022-02-07,0,08:49:00,,0,0,1.0,42.3916,-71.1091,,2022-02-07 08:49:00,MassDOT,5081397,SOMERVILLE,2022,2022-02-07,0,08:49:00,Local,0,0,0.0,42.39137302,-71.10897973,0,2022-02-07 08:49:00,27.05531658851097,0.0,0.8106127838804231
40,MassDOT,5081398,SOMERVILLE,2022,2022-02-07,0,15:35:00,Local,0,0,0.0,42.37606008,-71.09622967,0,2022-02-07 15:35:00,SomervillePD,22006119,SOMERVILLE,2022,2022-02-07,0,15:35:00,,0,0,0.0,42.3761,-71.0962,,2022-02-07 15:35:00,5.0550958407120214,0.0,0.9646143291150158
41,SomervillePD,22006150,SOMERVILLE,2022,2022-02-07,0,18:04:00,,0,0,0.0,42.3983,-71.0904,,2022-02-07 18:04:00,MassDOT,5081406,SOMERVILLE,2022,2022-02-07,0,18:04:00,Local,0,0,0.0,42.3980969,-71.08982755,0,2022-02-07 18:04:00,52.05875117240828,0.0,0.6355887417931421
42,MassDOT,5081410,SOMERVILLE,2022,2022-02-09,0,21:39:00,Local,0,0,0.0,42.3956945,-71.12047373,0,2022-02-09 21:39:00,SomervillePD,22006577,SOMERVILLE,2022,2022-02-09,0,21:39:00,,0,0,0.0,42.3957,-71.1205,,2022-02-09 21:39:00,2.238326632319782,0.0,0.9843317135737615
43,SomervillePD,22006667,SOMERVILLE,2022,2022-02-10,0,08:24:00,,0,0,0.0,42.388,-71.0833,,2022-02-10 08:24:00,MassDOT,5081405,SOMERVILLE,2022,2022-02-10,0,08:24:00,Local,0,0,0.0,42.38775005,-71.08325328,0,2022-02-10 08:24:00,28.007601181632115,0.0,0.8039467917285752
44,SomervillePD,22007398,SOMERVILLE,2022,2022-02-13,0,21:11:00,,0,0,0.0,42.3891,-71.0829,,2022-02-13 21:11:00,MassDOT,5081586,SOMERVILLE,2022,2022-02-13,0,21:11:00,Local,0,0,0.0,42.3890854,-71.08294201,0,2022-02-13 21:11:00,3.8063296994257723,0.0,0.9733556921040196
45,MassDOT,5081408,SOMERVILLE,2022,2022-02-13,0,21:19:00,Local,0,0,0.0,42.39511428,-71.1066649,0,2022-02-13 21:19:00,SomervillePD,22007400,SOMERVILLE,2022,2022-02-13,0,21:19:00,,0,0,0.0,42.3952,-71.1068,,2022-02-13 21:19:00,14.600862005966327,0.0,0.8977939659582357
46,MassDOT,5081476,SOMERVILLE,2022,2022-02-14,0,17:00:00,Local,0,0,0.0,42.38552067,-71.0858108,0,2022-02-14 17:00:00,SomervillePD,22007567,SOMERVILLE,2022,2022-02-14,0,17:00:00,,0,0,0.0,42.3855,-71.0856,,2022-02-14 17:00:00,17.434583032209297,0.0,0.877957918774535
47,SomervillePD,22007602,SOMERVILLE,2022,2022-02-14,0,23:06:00,,0,0,0.0,42.3882,-71.1032,,2022-02-14 23:06:00,MassDOT,5081478,SOMERVILLE,2022,2022-02-14,0,23:06:00,Local,0,0,0.0,42.38832927,-71.10316575,0,2022-02-14 23:06:00,14.621132856514931,0.0,0.8976520700043955
48,MassDOT,5081409,SOMERVILLE,2022,2022-02-15,0,11:01:00,Local,0,0,0.0,42.40009181,-71.11271118,0,2022-02-15 11:01:00,SomervillePD,22007682,SOMERVILLE,2022,2022-02-15,0,11:01:00,,0,0,0.0,42.4001,-71.1127,,2022-02-15 11:01:00,1.2908316541476874,0.0,0.9909641784209662
49,SomervillePD,22007888,SOMERVILLE,2022,2022-02-16,0,10:34:00,,0,0,0.0,42.3972,-71.1049,,2022-02-16 10:34:00,MassDOT,5081475,SOMERVILLE,2022,2022-02-16,0,10:34:00,Local,0,0,0.0,42.39752394,-71.10491306,0,2022-02-16 10:34:00,35.97327330175788,0.0,0.7481870868876948
50,MassDOT,5081395,SOMERVILLE,2022,2022-02-16,2,13:27:00,Local,0,0,1.0,42.39287078,-71.09006651,0,2022-02-16 13:27:00,SomervillePD,22007918,SOMERVILLE,2022,2022-02-16,2,13:27:00,,0,0,1.0,42.3929,-71.09,,2022-02-16 13:27:00,6.344120334938673,0.0,0.9555911576554292
51,MassDOT,5081412,SOMERVILLE,2022,2022-02-17,0,10:07:00,Local,0,0,0.0,42.38112691,-71.09708131,0,2022-02-17 10:07:00,SomervillePD,22008104,SOMERVILLE,2022,2022-02-17,0,10:07:00,,0,0,0.0,42.3813,-71.0971,,2022-02-17 10:07:00,19.274008308369524,0.0,0.8650819418414133
52,MassDOT,5081414,SOMERVILLE,2022,2022-02-18,0,07:58:00,Local,0,0,0.0,42.39392894,-71.09604913,0,2022-02-18 07:58:00,SomervillePD,22008309,SOMERVILLE,2022,2022-02-18,0,07:58:00,,0,0,0.0,42.394,-71.096,,2022-02-18 07:58:00,8.856408401091329,0.0,0.9380051411923607
53,SomervillePD,22008418,SOMERVILLE,2022,2022-02-18,0,18:10:00,,0,0,0.0,42.3791,-71.0951,,2022-02-18 18:10:00,MassDOT,5081396,SOMERVILLE,2022,2022-02-18,0,18:10:00,Local,0,0,0.0,42.37943801,-71.09505401,0,2022-02-18 18:10:00,37.708141969054196,0.0,0.7360430062166206
54,SomervillePD,22008452,SOMERVILLE,2022,2022-02-18,2,20:51:00,,0,0,0.0,42.3932,-71.1012,,2022-02-18 20:51:00,MassDOT,5081400,SOMERVILLE,2022,2022-02-18,2,20:51:00,Local,0,0,0.0,42.3932846,-71.10118793,0,2022-02-18 20:51:00,9.442585151542692,0.0,0.9339019039392011
55,SomervillePD,22008784,SOMERVILLE,2022,2022-02-20,0,14:25:00,,0,0,0.0,42.3761,-71.1011,,2022-02-20 14:25:00,MassDOT,5081403,SOMERVILLE,2022,2022-02-20,0,14:25:00,Local,0,0,0.0,42.37601122,-71.10118164,0,2022-02-20 14:25:00,11.913376681116068,0.0,0.9166063632321875
56,SomervillePD,22008852,SOMERVILLE,2022,2022-02-20,2,21:22:00,,0,1,0.0,42.3937,-71.1114,,2022-02-20 21:22:00,MassDOT,5081404,SOMERVILLE,2022,2022-02-20,2,21:22:00,Local,0,1,0.0,42.39366768,-71.1113201,0,2022-02-20 21:22:00,7.468069863613109,0.0,0.9477235109547082
57,MassDOT,5081474,SOMERVILLE,2022,2022-02-22,2,17:58:00,Local,0,1,0.0,42.39987392,-71.11822484,0,2022-02-22 17:58:00,SomervillePD,22009180,SOMERVILLE,2022,2022-02-22,2,17:58:00,,0,1,0.0,42.3999,-71.1182,,2022-02-22 17:58:00,3.5392152235717065,0.0,0.975225493434998
58,SomervillePD,22009504,SOMERVILLE,2022,2022-02-24,0,09:21:00,,0,0,0.0,42.3959,-71.1052,,2022-02-24 09:21:00,MassDOT,5081413,SOMERVILLE,2022,2022-02-24,0,09:21:00,Local,0,0,0.0,42.3957074,-71.10521082,0,2022-02-24 09:21:00,21.396991183467996,0.0,0.850221061715724
59,MassDOT,5081481,SOMERVILLE,2022,2022-02-24,0,15:59:00,Local,0,0,0.0,42.3815371,-71.09463487,0,2022-02-24 15:59:00,SomervillePD,22009588,SOMERVILLE,2022,2022-02-24,0,15:59:00,,0,0,0.0,42.3814,-71.0947,,2022-02-24 15:59:00,16.127867465206403,0.0,0.8871049277435552
60,SomervillePD,22010191,SOMERVILLE,2022,2022-02-27,0,13:12:00,,0,0,0.0,42.3972,-71.1049,,2022-02-27 13:12:00,MassDOT,5081402,SOMERVILLE,2022,2022-02-27,0,13:12:00,Local,0,0,0.0,42.39752394,-71.10491306,0,2022-02-27 13:12:00,35.97327330175788,0.0,0.7481870868876948
61,SomervillePD,22010542,SOMERVILLE,2022,2022-03-01,0,09:37:00,,0,0,0.0,42.3954,-71.1064,,2022-03-01 09:37:00,MassDOT,5093216,SOMERVILLE,2022,2022-03-01,0,09:37:00,Local,0,0,0.0,42.39535651,-71.10649363,0,2022-03-01 09:37:00,9.067170202173733,0.0,0.9365298085847837
62,SomervillePD,22010873,SOMERVILLE,2022,2022-03-02,0,18:07:00,,0,0,0.0,42.3822,-71.091,,2022-03-02 18:07:00,MassDOT,5093208,SOMERVILLE,2022,2022-03-02,0,18:07:00,Local,0,0,0.0,42.38276188,-71.09110839,0,2022-03-02 18:07:00,62.9986715643795,0.0,0.5590092990493434
63,SomervillePD,22011192,SOMERVILLE,2022,2022-03-04,2,08:13:00,,0,0,0.0,42.3861,-71.1138,,2022-03-04 08:13:00,MassDOT,5093207,SOMERVILLE,2022,2022-03-04,2,08:13:00,Local,0,0,0.0,42.3861266,-71.11383199,0,2022-03-04 08:13:00,3.949264215218374,0.0,0.9723551504934713
64,MassDOT,5093200,SOMERVILLE,2022,2022-03-04,0,10:47:00,Local,0,0,0.0,42.39661921,-71.10382963,0,2022-03-04 10:47:00,SomervillePD,22011231,SOMERVILLE,2022,2022-03-04,0,10:47:00,,0,0,0.0,42.3965,-71.104,,2022-03-04 10:47:00,19.238911803255483,0.0,0.8653276173772115
65,SomervillePD,22011245,SOMERVILLE,2022,2022-03-04,0,11:25:00,,0,0,0.0,42.3868,-71.117,,2022-03-04 11:25:00,MassDOT,5093209,SOMERVILLE,2022,2022-03-04,0,11:25:00,Local,0,0,0.0,42.38669028,-71.11695345,0,2022-03-04 11:25:00,12.762887343451277,0.0,0.910659788595841
66,MassDOT,5093213,SOMERVILLE,2022,2022-03-05,0,22:08:00,Local,0,0,0.0,42.38815734,-71.08495184,0,2022-03-05 22:08:00,SomervillePD,22011554,SOMERVILLE,2022,2022-03-05,0,22:08:00,,0,0,0.0,42.3881,-71.085,,2022-03-05 22:08:00,7.489952132999167,0.0,0.9475703350690057
67,SomervillePD,22011620,SOMERVILLE,2022,2022-03-06,2,08:13:00,,0,1,0.0,42.3957,-71.1205,,2022-03-06 08:13:00,MassDOT,5093206,SOMERVILLE,2022,2022-03-06,2,08:13:00,Local,0,1,0.0,42.3956945,-71.12047373,0,2022-03-06 08:13:00,2.2383264507449265,0.0,0.9843317148447854
68,BostonVisionZero,18264,BOSTON,2022,2022-03-06,,16:35:24,,0,0,,42.30014448398101,-71.04967027617751,,2022-03-06 16:35:24,MassDOT,5077838,BOSTON,2022,2022-03-06,0,17:03:00,State,0,0,0.0,42.30062503,-71.04914679,0,2022-03-06 17:03:00,68.50033794640039,1656.0,0.38249763437519724
69,MassDOT,5093229,SOMERVILLE,2022,2022-03-07,0,08:21:00,Local,0,0,0.0,42.38683621,-71.09872423,0,2022-03-07 08:21:00,SomervillePD,22011828,SOMERVILLE,2022,2022-03-07,0,08:21:00,,0,0,0.0,42.3868,-71.0987,,2022-03-07 08:21:00,4.483424178719609,0.0,0.9686160307489626
70,SomervillePD,22011834,SOMERVILLE,2022,2022-03-07,0,08:47:00,,0,0,0.0,42.3936,-71.0825,,2022-03-07 08:47:00,MassDOT,5093225,SOMERVILLE,2022,2022-03-07,0,08:47:00,Local,0,0,0.0,42.39374296,-71.08335541,0,2022-03-07 08:47:00,71.89692124079593,0.0,0.49672155131442847
71,MassDOT,5093204,SOMERVILLE,2022,2022-03-07,2,15:36:00,Local,0,1,0.0,42.39255687,-71.09341686,0,2022-03-07 15:36:00,SomervillePD,22011910,SOMERVILLE,2022,2022-03-07,2,15:36:00,,0,1,0.0,42.3927,-71.0933,,2022-03-07 15:36:00,18.552262678921075,0.0,0.8701341612475524
72,MassDOT,5093217,SOMERVILLE,2022,2022-03-07,2,20:04:00,Local,0,1,0.0,42.3948776,-71.12479778,0,2022-03-07 20:04:00,SomervillePD,22011953,SOMERVILLE,2022,2022-03-07,2,20:04:00,,0,1,0.0,42.3949,-71.1248,,2022-03-07 20:04:00,2.4930510437427573,0.0,0.9825486426938006
73,MassDOT,5093227,SOMERVILLE,2022,2022-03-09,0,13:25:00,Local,0,0,0.0,42.38111259,-71.08709746,0,2022-03-09 13:25:00,SomervillePD,22012381,SOMERVILLE,2022,2022-03-09,0,13:25:00,,0,0,0.0,42.3811,-71.087,,2022-03-09 13:25:00,8.11233584035302,0.0,0.9432136491175287
74,MassDOT,5093214,SOMERVILLE,2022,2022-03-09,2,18:22:00,Local,0,1,0.0,42.39236044,-71.09308147,0,2022-03-09 18:22:00,SomervillePD,22012453,SOMERVILLE,2022,2022-03-09,2,18:22:00,,0,1,0.0,42.3925,-71.093,,2022-03-09 18:22:00,16.869566574811596,0.0,0.8819130339763188
75,SomervillePD,22012553,SOMERVILLE,2022,2022-03-10,2,07:46:00,,0,0,0.0,42.3963,-71.1228,,2022-03-10 07:46:00,MassDOT,5093210,SOMERVILLE,2022,2022-03-10,2,07:46:00,Local,0,0,0.0,42.39650989,-71.12254999,0,2022-03-10 07:46:00,31.028982691920074,0.0,0.7827971211565594
76,MassDOT,5093215,SOMERVILLE,2022,2022-03-11,0,14:57:00,Local,0,0,0.0,42.38098764,-71.08755857,0,2022-03-11 14:57:00,SomervillePD,22012877,SOMERVILLE,2022,2022-03-11,0,14:57:00,,0,0,0.0,42.381,-71.0876,,2022-03-11 14:57:00,3.663575420043174,0.0,0.9743549720596978
77,MassDOT,5093222,SOMERVILLE,2022,2022-03-13,0,08:31:00,Local,0,0,0.0,42.39061263,-71.09034587,0,2022-03-13 08:31:00,SomervillePD,22013176,SOMERVILLE,2022,2022-03-13,0,08:31:00,,0,0,0.0,42.3903,-71.0901,,2022-03-13 08:31:00,40.13120100871739,0.0,0.7190815929389782
78,SomervillePD,22013286,SOMERVILLE,2022,2022-03-13,0,20:30:00,,0,0,0.0,42.3972,-71.1215,,2022-03-13 20:30:00,MassDOT,5093201,SOMERVILLE,2022,2022-03-13,0,20:30:00,Local,0,0,0.0,42.39735067,-71.12177586,0,2022-03-13 20:30:00,28.125532743161568,0.0,0.803121270797869
79,SomervillePD,22014144,SOMERVILLE,2022,2022-03-17,2,17:15:00,,0,0,0.0,42.3932,-71.1012,,2022-03-17 17:15:00,MassDOT,5093205,SOMERVILLE,2022,2022-03-17,2,17:15:00,Local,0,0,0.0,42.3932846,-71.10118793,0,2022-03-17 17:15:00,9.442585151542692,0.0,0.9339019039392011
80,MassDOT,5093212,SOMERVILLE,2022,2022-03-18,0,16:29:00,Local,0,0,0.0,42.3933017,-71.08589281,0,2022-03-18 16:29:00,SomervillePD,22014366,SOMERVILLE,2022,2022-03-18,0,16:29:00,,0,0,0.0,42.3941,-71.0858,,2022-03-18 16:29:00,88.93733134634951,0.0,0.3774386805755534
81,MassDOT,5449199,BOSTON,2022,2022-03-18,0,16:49:00,Local,0,0,0.0,42.33373277,-71.08258144,0,2022-03-18 16:49:00,BostonVisionZero,4128,BOSTON,2022,2022-03-18,,17:40:53,,0,0,,42.3338261496791,-71.08251021213488,,2022-03-18 17:40:53,11.899396711389103,3113.0,0.6572875563536095
82,MassDOT,5093219,SOMERVILLE,2022,2022-03-19,2,01:04:00,Local,0,0,0.0,42.39011445,-71.09765362,0,2022-03-19 01:04:00,SomervillePD,22014456,SOMERVILLE,2022,2022-03-19,2,01:04:00,,0,0,0.0,42.3901,-71.0974,,2022-03-19 01:04:00,20.853911034099614,0.0,0.8540226227613026
83,MassDOT,5093228,SOMERVILLE,2022,2022-03-19,0,01:27:00,Local,0,0,0.0,42.3883136,-71.09304025,0,2022-03-19 01:27:00,SomervillePD,22014466,SOMERVILLE,2022,2022-03-19,0,01:27:00,,0,0,0.0,42.3884,-71.093,,2022-03-19 01:27:00,10.142227104487333,0.0,0.9290044102685886
84,MassDOT,5093455,SOMERVILLE,2022,2022-03-20,0,00:24:00,Local,0,0,0.0,42.39503891,-71.09152949,0,2022-03-20 00:24:00,SomervillePD,22014623,SOMERVILLE,2022,2022-03-20,0,00:24:00,,0,0,0.0,42.395,-71.0915,,2022-03-20 00:24:00,4.949533326945393,0.0,0.9653532667113822
85,MassDOT,5093458,SOMERVILLE,2022,2022-03-20,0,19:40:00,Local,0,0,0.0,42.38528014,-71.08189959,0,2022-03-20 19:40:00,SomervillePD,22014771,SOMERVILLE,2022,2022-03-20,0,19:40:00,,0,0,0.0,42.3853,-71.0819,,2022-03-20 19:40:00,2.2047162764736266,0.0,0.9845669860646846
86,SomervillePD,22014794,SOMERVILLE,2022,2022-03-20,0,22:17:00,,0,0,0.0,42.3789,-71.1067,,2022-03-20 22:17:00,MassDOT,5093203,SOMERVILLE,2022,2022-03-20,0,22:17:00,Local,0,0,0.0,42.37880885,-71.10703264,0,2022-03-20 22:17:00,29.09127790732291,0.0,0.7963610546487396
87,SomervillePD,22015315,SOMERVILLE,2022,2022-03-23,0,08:22:00,,0,0,0.0,42.3787,-71.0961,,2022-03-23 08:22:00,MassDOT,5093226,SOMERVILLE,2022,2022-03-23,0,08:22:00,Local,0,0,0.0,42.37869019,-71.09611232,0,2022-03-23 08:22:00,1.485334740725289,0.0,0.989602656814923
88,SomervillePD,22015331,SOMERVILLE,2022,2022-03-23,2,09:22:00,,1,0,0.0,42.397,-71.122,,2022-03-23 09:22:00,MassDOT,5093218,SOMERVILLE,2022,2022-03-23,2,09:22:00,Local,1,0,0.0,42.39702676,-71.12196654,0,2022-03-23 09:22:00,4.04301651242434,0.0,0.9716988844130297
89,SomervillePD,22015418,SOMERVILLE,2022,2022-03-23,0,15:29:00,,0,0,0.0,42.3898,-71.0905,,2022-03-23 15:29:00,MassDOT,5093220,SOMERVILLE,2022,2022-03-23,0,15:29:00,Local,0,0,0.0,42.38976381,-71.09073545,0,2022-03-23 15:29:00,19.716200236169257,0.0,0.8619865983468151
90,MassDOT,5093223,SOMERVILLE,2022,2022-03-25,2,15:45:00,Local,0,1,0.0,42.38695281,-71.0815489,0,2022-03-25 15:45:00,SomervillePD,22015870,SOMERVILLE,2022,2022-03-25,2,15:45:00,,0,1,0.0,42.3868,-71.0817,,2022-03-25 15:45:00,21.00403475885013,0.0,0.852971756688049
91,SomervillePD,22016230,SOMERVILLE,2022,2022-03-27,0,10:01:00,,0,0,0.0,42.3947,-71.0828,,2022-03-27 10:01:00,MassDOT,5093224,SOMERVILLE,2022,2022-03-27,0,10:01:00,Local,0,0,0.0,42.39523495,-71.08376903,0,2022-03-27 10:01:00,99.17714526262799,0.0,0.3057599831616041
92,MassDOT,5093202,SOMERVILLE,2022,2022-03-28,0,17:58:00,Local,0,0,0.0,42.39634207,-71.10361232,0,2022-03-28 17:58:00,SomervillePD,22016504,SOMERVILLE,2022,2022-03-28,0,17:58:00,,0,0,0.0,42.3962,-71.1037,,2022-03-28 17:58:00,17.33045480010202,0.0,0.8786868163992858
93,MassDOT,5093221,SOMERVILLE,2022,2022-03-29,0,06:36:00,Local,0,0,0.0,42.38436233,-71.10040268,0,2022-03-29 06:36:00,SomervillePD,22016574,SOMERVILLE,2022,2022-03-29,0,06:36:00,,0,0,0.0,42.3844,-71.1004,,2022-03-29 06:36:00,4.187139421901928,0.0,0.9706900240466865
94,SomervillePD,22016639,SOMERVILLE,2022,2022-03-29,0,11:50:00,,0,0,0.0,42.3874,-71.0928,,2022-03-29 11:50:00,MassDOT,5093211,SOMERVILLE,2022,2022-03-29,0,11:50:00,Local,0,0,0.0,42.38736083,-71.09317513,0,2022-03-29 11:50:00,31.060844271675784,0.0,0.7825740900982694
95,MassDOT,5103081,SOMERVILLE,2022,2022-04-01,0,13:36:00,Local,0,0,0.0,42.39561474,-71.08501268,0,2022-04-01 13:36:00,SomervillePD,22017312,SOMERVILLE,2022,2022-04-01,0,13:36:00,,0,0,0.0,42.3956,-71.0844,,2022-04-01 13:36:00,50.250639558933706,0.0,0.648245523087464
96,SomervillePD,22017868,SOMERVILLE,2022,2022-04-04,2,13:00:00,,0,0,0.0,42.394,-71.096,,2022-04-04 13:00:00,MassDOT,5103169,SOMERVILLE,2022,2022-04-04,2,13:00:00,Local,0,0,0.0,42.39404077,-71.09600818,0,2022-04-04 13:00:00,4.574881259706652,0.0,0.9679758311820534
97,MassDOT,5103167,SOMERVILLE,2022,2022-04-08,0,09:48:00,Local,0,0,0.0,42.38079615,-71.09850393,0,2022-04-08 09:48:00,SomervillePD,22018710,SOMERVILLE,2022,2022-04-08,0,09:48:00,,0,0,0.0,42.3809,-71.0982,,2022-04-08 09:48:00,27.457280769123283,0.0,0.807799034616137
98,MassDOT,5103083,SOMERVILLE,2022,2022-04-09,0,20:33:00,Local,0,0,0.0,42.39163569,-71.0918567,0,2022-04-09 20:33:00,SomervillePD,22019034,SOMERVILLE,2022,2022-04-09,0,20:33:00,,0,0,0.0,42.3917,-71.0922,,2022-04-09 20:33:00,29.034744551924916,0.0,0.7967567881365255
99,SomervillePD,22019366,SOMERVILLE,2022,2022-04-11,0,17:22:00,,0,0,0.0,42.4004,-71.1191,,2022-04-11 17:22:00,MassDOT,5103085,SOMERVILLE,2022,2022-04-11,0,17:22:00,Local,0,0,0.0,42.4003702,-71.11914459,0,2022-04-11 17:22:00,4.929526321908255,0.0,0.9654933157466421
100,SomervillePD,22019435,SOMERVILLE,2022,2022-04-11,0,22:52:00,,0,0,0.0,42.3829,-71.0891,,2022-04-11 22:52:00,MassDOT,5103173,SOMERVILLE,2022,2022-04-11,0,22:52:00,Local,0,0,0.0,42.38282209,-71.08926263,0,2022-04-11 22:52:00,15.893027951600493,0.0,0.8887488043387965
101,SomervillePD,22019505,SOMERVILLE,2022,2022-04-12,2,09:10:00,,1,0,0.0,42.3991,-71.1197,,2022-04-12 09:10:00,MassDOT,5103172,SOMERVILLE,2022,2022-04-12,2,09:10:00,Local,1,0,0.0,42.39905242,-71.11975514,0,2022-04-12 09:10:00,6.951378255879247,0.0,0.9513403522088453
102,MassDOT,5103080,SOMERVILLE,2022,2022-04-12,0,14:51:00,Local,0,0,0.0,42.38908928,-71.08667704,0,2022-04-12 14:51:00,SomervillePD,22019575,SOMERVILLE,2022,2022-04-12,0,14:51:00,,0,0,0.0,42.3891,-71.0863,,2022-04-12 14:51:00,30.933687479080778,0.0,0.7834641876464344
103,MassDOT,5103075,SOMERVILLE,2022,2022-04-12,0,21:57:00,Local,0,0,0.0,42.38424397,-71.08905855,0,2022-04-12 21:57:00,SomervillePD,22019674,SOMERVILLE,2022,2022-04-12,0,21:57:00,,0,0,0.0,42.3842,-71.0891,,2022-04-12 21:57:00,5.947301580439931,0.0,0.9583688889369204
104,SomervillePD,22019882,SOMERVILLE,2022,2022-04-13,0,17:36:00,,0,0,0.0,42.3795,-71.0931,,2022-04-13 17:36:00,MassDOT,5103078,SOMERVILLE,2022,2022-04-13,0,17:36:00,Local,0,0,0.0,42.37949416,-71.09305213,0,2022-04-13 17:36:00,3.978284744741562,0.0,0.972152006786809
105,SomervillePD,22020098,SOMERVILLE,2022,2022-04-14,0,16:32:00,,0,0,0.0,42.3965,-71.1218,,2022-04-14 16:32:00,MassDOT,5103168,SOMERVILLE,2022,2022-04-14,0,16:32:00,Local,0,0,0.0,42.39618619,-71.12160816,0,2022-04-14 16:32:00,38.2181888961326,0.0,0.7324726777270718
106,MassDOT,5103164,SOMERVILLE,2022,2022-04-15,2,11:02:00,Local,0,0,0.0,42.385275,-71.09129092,0,2022-04-15 11:02:00,SomervillePD,22020277,SOMERVILLE,2022,2022-04-15,2,11:02:00,,0,0,0.0,42.3855,-71.0913,,2022-04-15 11:02:00,24.98609271821377,0.0,0.8250973509725035
107,MassDOT,5096515,BOSTON,2022,2022-04-16,0,00:40:00,State,0,0,0.0,42.36405765,-71.05808411,1,2022-04-16 00:40:00,BostonVisionZero,15497,BOSTON,2022,2022-04-16,,00:49:42,,0,0,,42.36431896907301,-71.05838976991437,,2022-04-16 00:49:42,38.33822106654805,582.0,0.6831324525341635
108,SomervillePD,22020662,SOMERVILLE,2022,2022-04-17,0,16:51:00,,0,0,0.0,42.3927,-71.0933,,2022-04-17 16:51:00,MassDOT,5103166,SOMERVILLE,2022,2022-04-17,0,16:51:00,Local,0,0,0.0,42.39266338,-71.09330364,0,2022-04-17 16:51:00,4.075758127199771,0.0,0.9714696931096016
109,MassDOT,5103079,SOMERVILLE,2022,2022-04-17,0,18:16:00,Local,0,0,0.0,42.38908928,-71.08667704,0,2022-04-17 18:16:00,SomervillePD,22020675,SOMERVILLE,2022,2022-04-17,0,18:16:00,,0,0,0.0,42.389,-71.0868,,2022-04-17 18:16:00,14.13606277017947,0.0,0.9010475606087436
110,MassDOT,5103073,SOMERVILLE,2022,2022-04-18,2,11:52:00,Local,1,0,0.0,42.37467695,-71.08830094,0,2022-04-18 11:52:00,SomervillePD,22020808,SOMERVILLE,2022,2022-04-18,2,11:52:00,,1,0,0.0,42.3747,-71.0884,,2022-04-18 11:52:00,8.516490289507043,0.0,0.9403845679734506
111,SomervillePD,22021108,SOMERVILLE,2022,2022-04-19,2,16:45:00,,0,0,0.0,42.3765,-71.0944,,2022-04-19 16:45:00,MassDOT,5103072,SOMERVILLE,2022,2022-04-19,2,16:45:00,Local,0,0,0.0,42.37635256,-71.09539303,0,2022-04-19 16:45:00,83.05607185085077,0.0,0.41860749704404465
112,MassDOT,5103076,SOMERVILLE,2022,2022-04-25,2,22:20:00,Local,1,0,0.0,42.40118309,-71.11708477,0,2022-04-25 22:20:00,SomervillePD,22022380,SOMERVILLE,2022,2022-04-25,2,22:20:00,,1,0,0.0,42.4013,-71.1169,,2022-04-25 22:20:00,19.944299645731434,0.0,0.86038990247988
113,SomervillePD,22022534,SOMERVILLE,2022,2022-04-26,0,15:21:00,,0,0,0.0,42.3935,-71.1029,,2022-04-26 15:21:00,MassDOT,5103082,SOMERVILLE,2022,2022-04-26,0,15:21:00,Local,0,0,0.0,42.39351764,-71.10313302,0,2022-04-26 15:21:00,19.202378509200372,0.0,0.8655833504355974
114,SomervillePD,22022933,SOMERVILLE,2022,2022-04-28,0,07:16:00,,0,0,0.0,42.3938,-71.1209,,2022-04-28 07:16:00,MassDOT,5103077,SOMERVILLE,2022,2022-04-28,0,07:16:00,Local,0,0,0.0,42.39381202,-71.12088678,0,2022-04-28 07:16:00,1.718899743088946,0.0,0.9879677017983775
115,SomervillePD,22023128,SOMERVILLE,2022,2022-04-29,0,06:13:00,,1,0,0.0,42.3839,-71.1085,,2022-04-29 06:13:00,MassDOT,5103188,SOMERVILLE,2022,2022-04-29,0,06:13:00,Local,1,0,0.0,42.38368403,-71.10850951,0,2022-04-29 06:13:00,23.985347016274183,0.0,0.8321025708860808
116,MassDOT,5103074,SOMERVILLE,2022,2022-04-29,0,13:45:00,Local,0,0,0.0,42.37503718,-71.10243473,0,2022-04-29 13:45:00,SomervillePD,22023208,SOMERVILLE,2022,2022-04-29,0,13:45:00,,0,0,0.0,42.3748,-71.1026,,2022-04-29 13:45:00,29.610395184766954,0.0,0.7927272337066312
117,MassDOT,5103171,SOMERVILLE,2022,2022-04-29,2,20:12:00,Local,1,0,0.0,42.39523495,-71.08376903,0,2022-04-29 20:12:00,SomervillePD,22023284,SOMERVILLE,2022,2022-04-29,2,20:12:00,,1,0,0.0,42.3947,-71.0828,,2022-04-29 20:12:00,99.17660292151322,0.0,0.3057637795494074
118,MassDOT,5103165,SOMERVILLE,2022,2022-04-30,0,01:28:00,Local,0,0,0.0,42.38175631,-71.10129991,0,2022-04-30 01:28:00,SomervillePD,22023337,SOMERVILLE,2022,2022-04-30,0,01:28:00,,0,0,0.0,42.3818,-71.1013,,2022-04-30 01:28:00,4.849595614120615,0.0,0.9660528307011556
119,SomervillePD,22023349,SOMERVILLE,2022,2022-04-30,2,02:39:00,,0,0,0.0,42.3962,-71.1103,,2022-04-30 02:39:00,MassDOT,5103084,SOMERVILLE,2022,2022-04-30,2,02:39:00,Local,0,0,0.0,42.39620686,-71.11030236,0,2022-04-30 02:39:00,0.7856507664014819,0.0,0.9945004446351895
120,MassDOT,5115210,SOMERVILLE,2022,2022-05-03,2,14:49:00,Local,0,0,0.0,42.37503718,-71.10243473,0,2022-05-03 14:49:00,SomervillePD,22024094,SOMERVILLE,2022,2022-05-03,2,14:49:00,,0,0,0.0,42.3748,-71.1026,,2022-05-03 14:49:00,29.610395184766954,0.0,0.7927272337066312
121,SomervillePD,22024352,SOMERVILLE,2022,2022-05-04,2,15:00:00,,0,0,0.0,42.3775,-71.0871,,2022-05-04 15:00:00,MassDOT,5115217,SOMERVILLE,2022,2022-05-04,2,15:00:00,Local,0,0,0.0,42.3774872,-71.08708262,0,2022-05-04 15:00:00,2.012374487063939,0.0,0.9859133785905523
122,SomervillePD,22024621,SOMERVILLE,2022,2022-05-05,0,18:25:00,,0,0,0.0,42.394,-71.096,,2022-05-05 18:25:00,MassDOT,5115230,SOMERVILLE,2022,2022-05-05,0,18:25:00,Local,0,0,0.0,42.39404077,-71.09600818,0,2022-05-05 18:25:00,4.574881259706652,0.0,0.9679758311820534
123,MassDOT,5115213,SOMERVILLE,2022,2022-05-06,2,14:02:00,Local,0,0,0.0,42.3975657,-71.09642084,0,2022-05-06 14:02:00,SomervillePD,22024819,SOMERVILLE,2022,2022-05-06,2,14:02:00,,0,0,0.0,42.3976,-71.0964,,2022-05-06 14:02:00,4.172983394020455,0.0,0.9707891162418567
124,SomervillePD,22024841,SOMERVILLE,2022,2022-05-06,2,15:25:00,,1,0,0.0,42.3965,-71.1218,,2022-05-06 15:25:00,MassDOT,5115214,SOMERVILLE,2022,2022-05-06,2,15:25:00,Local,1,0,0.0,42.39614178,-71.12150537,0,2022-05-06 15:25:00,46.52264537273135,0.0,0.6743414823908807
125,SomervillePD,22025242,SOMERVILLE,2022,2022-05-08,0,11:35:00,,0,0,0.0,42.3964,-71.1037,,2022-05-08 11:35:00,MassDOT,5115211,SOMERVILLE,2022,2022-05-08,0,11:35:00,Local,0,0,0.0,42.39639742,-71.1036571,0,2022-05-08 11:35:00,3.5282936967709886,0.0,0.975301944122603
126,SomervillePD,22025617,SOMERVILLE,2022,2022-05-10,2,07:00:00,,0,0,0.0,42.375,-71.102,,2022-05-10 07:00:00,MassDOT,5115216,SOMERVILLE,2022,2022-05-10,2,07:00:00,Local,0,0,0.0,42.37481306,-71.10214897,0,2022-05-10 07:00:00,24.07904423077979,0.0,0.8314466903845414
127,SomervillePD,22025710,SOMERVILLE,2022,2022-05-10,0,14:43:00,,0,0,0.0,42.3866,-71.0901,,2022-05-10 14:43:00,MassDOT,5115212,SOMERVILLE,2022,2022-05-10,0,14:43:00,Local,0,0,0.0,42.38641047,-71.09012783,0,2022-05-10 14:43:00,21.161198373561863,0.0,0.8518716113850668
128,MassDOT,5115220,SOMERVILLE,2022,2022-05-11,0,09:11:00,Local,0,0,0.0,42.39620034,-71.12224285,0,2022-05-11 09:11:00,SomervillePD,22025873,SOMERVILLE,2022,2022-05-11,0,09:11:00,,0,0,0.0,42.3962,-71.1222,,2022-05-11 09:11:00,3.5127674822034374,0.0,0.975410627624576
129,MassDOT,5115225,SOMERVILLE,2022,2022-05-12,0,11:34:00,Local,0,0,0.0,42.38683621,-71.09872423,0,2022-05-12 11:34:00,SomervillePD,22026178,SOMERVILLE,2022,2022-05-12,0,11:34:00,,0,0,0.0,42.3868,-71.0987,,2022-05-12 11:34:00,4.483424178719609,0.0,0.9686160307489626
130,SomervillePD,22026458,SOMERVILLE,2022,2022-05-13,0,13:16:00,,0,0,0.0,42.388,-71.0879,,2022-05-13 13:16:00,MassDOT,5115215,SOMERVILLE,2022,2022-05-13,0,13:16:00,Local,0,0,0.0,42.38798779,-71.0878393,0,2022-05-13 13:16:00,5.157697153824443,0.0,0.9638961199232288
131,SomervillePD,22026755,SOMERVILLE,2022,2022-05-14,2,21:01:00,,0,0,0.0,42.3986,-71.0967,,2022-05-14 21:01:00,MassDOT,5115306,SOMERVILLE,2022,2022-05-14,2,21:01:00,Local,0,0,0.0,42.39847438,-71.09654839,0,2022-05-14 21:01:00,18.678157552281377,0.0,0.8692528971340303
132,SomervillePD,22027077,SOMERVILLE,2022,2022-05-16,0,08:04:00,,0,0,0.0,42.3909,-71.1183,,2022-05-16 08:04:00,MassDOT,5115221,SOMERVILLE,2022,2022-05-16,0,08:04:00,Local,0,0,0.0,42.39091866,-71.11830813,0,2022-05-16 08:04:00,2.1758541824213173,0.0,0.9847690207230506
133,SomervillePD,22027164,SOMERVILLE,2022,2022-05-16,0,13:47:00,,0,0,0.0,42.4011,-71.1175,,2022-05-16 13:47:00,MassDOT,5115223,SOMERVILLE,2022,2022-05-16,0,13:47:00,Local,0,0,0.0,42.40118309,-71.11708477,0,2022-05-16 13:47:00,35.2627065834159,0.0,0.7531610539160887
134,SomervillePD,22027640,SOMERVILLE,2022,2022-05-18,2,16:52:00,,1,0,0.0,42.3817,-71.0839,,2022-05-18 16:52:00,MassDOT,5115222,SOMERVILLE,2022,2022-05-18,2,16:52:00,Local,1,0,0.0,42.38166925,-71.08385283,0,2022-05-18 16:52:00,5.15834067824556,0.0,0.963891615252281
135,SomervillePD,22027668,SOMERVILLE,2022,2022-05-18,2,18:13:00,,0,0,0.0,42.3947,-71.1203,,2022-05-18 18:13:00,MassDOT,5115229,SOMERVILLE,2022,2022-05-18,2,18:13:00,Local,0,0,0.0,42.39407166,-71.12061935,0,2022-05-18 18:13:00,74.49698802650606,0.0,0.47852108381445757
136,SomervillePD,22027676,SOMERVILLE,2022,2022-05-18,2,18:45:00,,0,0,0.0,42.3831,-71.0877,,2022-05-18 18:45:00,MassDOT,5115293,SOMERVILLE,2022,2022-05-18,2,18:45:00,Local,0,0,0.0,42.38347832,-71.08878332,0,2022-05-18 18:45:00,98.2487487828266,0.0,0.3122587585202138
137,SomervillePD,22027991,SOMERVILLE,2022,2022-05-20,2,07:40:00,,1,0,0.0,42.3862,-71.1161,,2022-05-20 07:40:00,MassDOT,5115232,SOMERVILLE,2022,2022-05-20,2,07:40:00,Local,1,0,0.0,42.3861878,-71.11614564,0,2022-05-20 07:40:00,3.9793750725064854,0.0,0.9721443744924545
138,MassDOT,5115233,SOMERVILLE,2022,2022-05-24,0,18:53:00,Local,0,0,0.0,42.38779368,-71.10962326,0,2022-05-24 18:53:00,SomervillePD,22029014,SOMERVILLE,2022,2022-05-24,0,18:53:00,,0,0,0.0,42.3878,-71.1096,,2022-05-24 18:53:00,2.0319014580794894,0.0,0.9857766897934435
139,SomervillePD,22029202,SOMERVILLE,2022,2022-05-25,0,13:49:00,,0,0,0.0,42.3927,-71.0933,,2022-05-25 13:49:00,MassDOT,5115234,SOMERVILLE,2022,2022-05-25,0,13:49:00,Local,0,0,0.0,42.39266338,-71.09330364,0,2022-05-25 13:49:00,4.075758127199771,0.0,0.9714696931096016
140,MassDOT,5115219,SOMERVILLE,2022,2022-05-25,2,15:23:00,Local,1,0,0.0,42.37943634,-71.1009208,0,2022-05-25 15:23:00,SomervillePD,22029228,SOMERVILLE,2022,2022-05-25,2,15:23:00,,1,0,0.0,42.3793,-71.1009,,2022-05-25 15:23:00,15.229538121905126,0.0,0.8933932331466641
141,MassDOT,5115228,SOMERVILLE,2022,2022-05-26,0,14:09:00,Local,0,0,0.0,42.37958991,-71.09398297,0,2022-05-26 14:09:00,SomervillePD,22029445,SOMERVILLE,2022,2022-05-26,0,14:09:00,,0,0,0.0,42.3795,-71.094,,2022-05-26 14:09:00,10.077225403595762,0.0,0.9294594221748296
142,MassDOT,5115224,SOMERVILLE,2022,2022-05-26,0,16:53:00,Local,0,0,0.0,42.40556511,-71.13081467,0,2022-05-26 16:53:00,SomervillePD,22029465,SOMERVILLE,2022,2022-05-26,0,16:53:00,,0,0,0.0,42.4053,-71.1309,,2022-05-26 16:53:00,30.246872611028838,0.0,0.7882718917227982
143,SomervillePD,22029468,SOMERVILLE,2022,2022-05-26,2,17:06:00,,0,0,0.0,42.3813,-71.0821,,2022-05-26 17:06:00,MassDOT,5115227,SOMERVILLE,2022,2022-05-26,2,17:06:00,Local,0,0,0.0,42.38204223,-71.08151723,0,2022-05-26 17:06:00,95.24139929263436,0.0,0.3333102049515595
144,MassDOT,5115209,SOMERVILLE,2022,2022-05-29,2,11:36:00,Local,1,0,0.0,42.38224887,-71.09620991,0,2022-05-29 11:36:00,SomervillePD,22029977,SOMERVILLE,2022,2022-05-29,2,11:36:00,,1,0,0.0,42.3824,-71.0963,,2022-05-29 11:36:00,18.329686979146544,0.0,0.8716921911459741
145,SomervillePD,22030010,SOMERVILLE,2022,2022-05-29,0,17:40:00,,0,0,0.0,42.3808,-71.087,,2022-05-29 17:40:00,MassDOT,5115226,SOMERVILLE,2022,2022-05-29,0,17:40:00,Local,0,0,0.0,42.38106406,-71.08727657,0,2022-05-29 17:40:00,37.058872149853116,0.0,0.7405878949510281
146,MassDOT,5115231,SOMERVILLE,2022,2022-05-31,0,07:51:00,Local,0,0,0.0,42.39578905,-71.12069178,0,2022-05-31 07:51:00,SomervillePD,22030246,SOMERVILLE,2022,2022-05-31,0,07:51:00,,0,0,0.0,42.3959,-71.1213,,2022-05-31 07:51:00,51.35674907071608,0.0,0.6405027565049874
147,SomervillePD,22030278,SOMERVILLE,2022,2022-05-31,2,10:32:00,,0,0,0.0,42.3923,-71.1121,,2022-05-31 10:32:00,MassDOT,5115208,SOMERVILLE,2022,2022-05-31,2,10:32:00,Local,0,0,0.0,42.39211563,-71.11216735,0,2022-05-31 10:32:00,21.19677778562094,0.0,0.8516225555006534
148,MassDOT,5115218,SOMERVILLE,2022,2022-05-31,0,15:17:00,Local,0,0,0.0,42.3981378,-71.10682794,0,2022-05-31 15:17:00,SomervillePD,22030343,SOMERVILLE,2022,2022-05-31,0,15:17:00,,0,0,0.0,42.398,-71.1069,,2022-05-31 15:17:00,16.39671065872186,0.0,0.885223025388947
149,MassDOT,5126761,SOMERVILLE,2022,2022-06-01,2,20:30:00,Local,0,0,0.0,42.40315569,-71.1269279,0,2022-06-01 20:30:00,SomervillePD,22030637,SOMERVILLE,2022,2022-06-01,2,20:30:00,,0,0,0.0,42.4034,-71.1269,,2022-06-01 20:30:00,27.21465870938365,0.0,0.8094973890343145
150,SomervillePD,22030953,SOMERVILLE,2022,2022-06-03,0,10:21:00,,0,0,0.0,42.3837,-71.1131,,2022-06-03 10:21:00,MassDOT,5126786,SOMERVILLE,2022,2022-06-03,0,10:21:00,Local,0,0,0.0,42.38372369,-71.11307593,0,2022-06-03 10:21:00,3.287769330509336,0.0,0.9769856146864346
151,SomervillePD,22031179,SOMERVILLE,2022,2022-06-04,0,10:01:00,,0,0,0.0,42.4001,-71.1128,,2022-06-04 10:01:00,MassDOT,5127293,SOMERVILLE,2022,2022-06-04,0,10:01:00,Local,0,0,0.0,42.40009181,-71.11271118,0,2022-06-04 10:01:00,7.33697275597043,0.0,0.9486411907082068
152,MassDOT,5126779,SOMERVILLE,2022,2022-06-04,0,19:37:00,Local,0,0,0.0,42.39419266,-71.09938167,0,2022-06-04 19:37:00,SomervillePD,22031281,SOMERVILLE,2022,2022-06-04,0,19:37:00,,0,0,0.0,42.3942,-71.0993,,2022-06-04 19:37:00,6.744382712174484,0.0,0.9527893210147786
153,SomervillePD,22031429,SOMERVILLE,2022,2022-06-05,0,13:06:00,,0,0,0.0,42.4067,-71.1323,,2022-06-05 13:06:00,MassDOT,5126758,SOMERVILLE,2022,2022-06-05,0,13:06:00,Local,0,0,0.0,42.40728145,-71.13317666,0,2022-06-05 13:06:00,96.58199443572272,0.0,0.323926038949941
154,SomervillePD,22031526,SOMERVILLE,2022,2022-06-05,0,22:39:00,,0,0,0.0,42.3988,-71.1197,,2022-06-05 22:39:00,MassDOT,5126785,SOMERVILLE,2022,2022-06-05,0,22:39:00,Local,0,0,0.0,42.39898347,-71.11991912,0,2022-06-05 22:39:00,27.154154540246402,0.0,0.8099209182182752
155,MassDOT,5126784,SOMERVILLE,2022,2022-06-06,0,10:19:00,Local,0,0,0.0,42.38973382,-71.08845553,0,2022-06-06 10:19:00,SomervillePD,22031619,SOMERVILLE,2022,2022-06-06,0,10:19:00,,0,0,0.0,42.3897,-71.0888,,2022-06-06 10:19:00,28.48874375745705,0.0,0.8005787936978006
156,MassDOT,5126766,SOMERVILLE,2022,2022-06-06,2,15:31:00,Local,0,0,0.0,42.39167971,-71.09168271,0,2022-06-06 15:31:00,SomervillePD,22031678,SOMERVILLE,2022,2022-06-06,2,15:31:00,,0,0,0.0,42.3917,-71.0917,,2022-06-06 15:31:00,2.6610995173814276,0.0,0.9813723033783299
157,SomervillePD,22031825,SOMERVILLE,2022,2022-06-07,2,06:50:00,,1,0,0.0,42.3908,-71.0912,,2022-06-07 06:50:00,MassDOT,5126777,SOMERVILLE,2022,2022-06-07,2,06:50:00,Local,1,0,0.0,42.39083811,-71.09077765,0,2022-06-07 06:50:00,34.88194306881556,0.0,0.755826398518291
158,MassDOT,5126768,SOMERVILLE,2022,2022-06-07,2,15:02:00,Local,0,0,0.0,42.39083811,-71.09077765,0,2022-06-07 15:02:00,SomervillePD,22031941,SOMERVILLE,2022,2022-06-07,2,15:02:00,,0,0,0.0,42.3908,-71.0912,,2022-06-07 15:02:00,34.881922201192836,0.0,0.7558265445916501
159,SomervillePD,22032084,SOMERVILLE,2022,2022-06-08,0,07:42:00,,0,0,0.0,42.3879,-71.1025,,2022-06-08 07:42:00,MassDOT,5126789,SOMERVILLE,2022,2022-06-08,0,07:42:00,Local,0,0,0.0,42.38809401,-71.10245399,0,2022-06-08 07:42:00,21.862975549787727,0.0,0.8469591711514859
160,MassDOT,5126763,SOMERVILLE,2022,2022-06-09,2,18:35:00,Local,0,0,0.0,42.39129352,-71.10189299,0,2022-06-09 18:35:00,SomervillePD,22032427,SOMERVILLE,2022,2022-06-09,2,18:35:00,,0,0,0.0,42.3914,-71.1018,,2022-06-09 18:35:00,14.064503927299057,0.0,0.9015484725089065
161,MassDOT,5126788,SOMERVILLE,2022,2022-06-10,0,18:57:00,Local,0,0,0.0,42.40953738,-71.12809331,0,2022-06-10 18:57:00,SomervillePD,22032681,SOMERVILLE,2022,2022-06-10,0,18:57:00,,0,0,0.0,42.4095,-71.1284,,2022-06-10 18:57:00,25.475272304914732,0.0,0.821673093865597
162,SomervillePD,22032853,SOMERVILLE,2022,2022-06-11,0,17:26:00,,0,0,0.0,42.3958,-71.0809,,2022-06-11 17:26:00,MassDOT,5126787,SOMERVILLE,2022,2022-06-11,0,17:26:00,Local,0,0,0.0,42.39620622,-71.0811846,0,2022-06-11 17:26:00,50.76835579660367,0.0,0.6446215094237743
163,MassDOT,5126780,SOMERVILLE,2022,2022-06-15,0,14:51:00,Local,0,0,0.0,42.39704135,-71.1033855,0,2022-06-15 14:51:00,SomervillePD,22033688,SOMERVILLE,2022,2022-06-15,0,14:51:00,,0,0,0.0,42.3975,-71.1036,,2022-06-15 14:51:00,53.86100747556796,0.0,0.6229729476710243
164,SomervillePD,22033796,SOMERVILLE,2022,2022-06-16,2,07:10:00,,0,0,0.0,42.376,-71.1029,,2022-06-16 07:10:00,MassDOT,5126770,SOMERVILLE,2022,2022-06-16,2,07:10:00,Local,0,0,0.0,42.37574349,-71.10328712,0,2022-06-16 07:10:00,42.64221075326484,0.0,0.7015045247271461
165,MassDOT,5126762,SOMERVILLE,2022,2022-06-16,0,09:36:00,Local,0,0,0.0,42.39137232,-71.10714938,0,2022-06-16 09:36:00,SomervillePD,22033819,SOMERVILLE,2022,2022-06-16,0,09:36:00,,0,0,0.0,42.3914,-71.1071,,2022-06-16 09:36:00,5.0821017476853685,0.0,0.9644252877662025
166,SomervillePD,22034133,SOMERVILLE,2022,2022-06-17,0,18:37:00,,0,1,0.0,42.4009,-71.1199,,2022-06-17 18:37:00,MassDOT,5126765,SOMERVILLE,2022,2022-06-17,0,18:37:00,Local,0,1,0.0,42.400899,-71.11989284,0,2022-06-17 18:37:00,0.5972910391615833,0.0,0.9958189627258689
167,SomervillePD,22034169,SOMERVILLE,2022,2022-06-17,0,22:15:00,,0,0,0.0,42.3974,-71.0919,,2022-06-17 22:15:00,MassDOT,5126781,SOMERVILLE,2022,2022-06-17,0,22:15:00,Local,0,0,0.0,42.39750051,-71.09168022,0,2022-06-17 22:15:00,21.19053413202564,0.0,0.8516662610758206
168,MassDOT,5126757,SOMERVILLE,2022,2022-06-18,0,08:27:00,Local,0,0,0.0,42.39583252,-71.09499679,0,2022-06-18 08:27:00,SomervillePD,22034238,SOMERVILLE,2022,2022-06-18,0,08:27:00,,0,0,0.0,42.3962,-71.0949,,2022-06-18 08:27:00,41.554776605733444,0.0,0.7091165637598659
169,SomervillePD,22034241,SOMERVILLE,2022,2022-06-18,0,08:53:00,,0,0,0.0,42.3883,-71.1038,,2022-06-18 08:53:00,MassDOT,5126782,SOMERVILLE,2022,2022-06-18,0,08:53:00,Local,0,0,0.0,42.3880162,-71.10371898,0,2022-06-18 08:53:00,32.19447071626677,0.0,0.7746387049861325
170,SomervillePD,22034260,SOMERVILLE,2022,2022-06-18,0,10:00:00,,0,0,0.0,42.388,-71.1035,,2022-06-18 10:00:00,MassDOT,5127297,SOMERVILLE,2022,2022-06-18,0,10:00:00,Local,0,0,0.0,42.38803655,-71.10370415,0,2022-06-18 10:00:00,17.221772025406228,0.0,0.8794475958221564
171,SomervillePD,22034281,SOMERVILLE,2022,2022-06-18,0,12:02:00,,0,0,0.0,42.4039,-71.1293,,2022-06-18 12:02:00,MassDOT,5126775,SOMERVILLE,2022,2022-06-18,0,12:02:00,Local,0,0,0.0,42.40408109,-71.1293456,0,2022-06-18 12:02:00,20.44551181976436,0.0,0.8568814172616495
172,SomervillePD,22034284,SOMERVILLE,2022,2022-06-18,0,12:23:00,,0,0,0.0,42.3827,-71.1077,,2022-06-18 12:23:00,MassDOT,5126776,SOMERVILLE,2022,2022-06-18,0,12:23:00,Local,0,0,0.0,42.38343495,-71.10741089,0,2022-06-18 12:23:00,84.95356376572826,0.0,0.4053250536399022
173,MassDOT,5126759,SOMERVILLE,2022,2022-06-18,0,13:14:00,Local,0,0,0.0,42.39882481,-71.12868092,0,2022-06-18 13:14:00,SomervillePD,22034290,SOMERVILLE,2022,2022-06-18,0,13:14:00,,0,0,0.0,42.3988,-71.1287,,2022-06-18 13:14:00,3.16703049484794,0.0,0.9778307865360643
174,SomervillePD,22034286,SOMERVILLE,2022,2022-06-18,2,15:22:00,,0,0,0.0,42.3857,-71.0878,,2022-06-18 15:22:00,MassDOT,5126769,SOMERVILLE,2022,2022-06-18,2,15:22:00,Local,0,0,0.0,42.3856915,-71.08783795,0,2022-06-18 15:22:00,3.2513221536641375,0.0,0.977240744924351
175,MassDOT,5126771,SOMERVILLE,2022,2022-06-18,0,22:58:00,Local,0,0,0.0,42.38158063,-71.08456748,0,2022-06-18 22:58:00,SomervillePD,22034361,SOMERVILLE,2022,2022-06-18,0,22:58:00,,0,0,0.0,42.3816,-71.0846,,2022-06-18 22:58:00,3.425271753420003,0.0,0.97602309772606
176,SomervillePD,22034506,SOMERVILLE,2022,2022-06-19,0,20:31:00,,0,0,0.0,42.3965,-71.104,,2022-06-19 20:31:00,MassDOT,5126764,SOMERVILLE,2022,2022-06-19,0,20:31:00,Local,0,0,0.0,42.39668012,-71.10387701,0,2022-06-19 20:31:00,22.391449611771545,0.0,0.8432598527175992
177,MassDOT,5127291,SOMERVILLE,2022,2022-06-26,0,07:07:00,Local,0,0,0.0,42.39360435,-71.09255861,0,2022-06-26 07:07:00,SomervillePD,22035715,SOMERVILLE,2022,2022-06-26,0,07:07:00,,0,0,0.0,42.3936,-71.0926,,2022-06-26 07:07:00,3.427207968005228,0.0,0.9760095442239634
178,SomervillePD,22036016,SOMERVILLE,2022,2022-06-28,0,03:48:00,,0,0,0.0,42.392,-71.1115,,2022-06-28 03:48:00,MassDOT,5126772,SOMERVILLE,2022,2022-06-28,0,03:48:00,Local,0,0,0.0,42.39181695,-71.1115236,0,2022-06-28 03:48:00,20.410452091186684,0.0,0.8571268353616932
179,MassDOT,5127299,SOMERVILLE,2022,2022-06-29,0,08:05:00,Local,0,0,0.0,42.3795359,-71.09370813,0,2022-06-29 08:05:00,SomervillePD,22036234,SOMERVILLE,2022,2022-06-29,0,08:05:00,,0,0,0.0,42.3798,-71.0942,,2022-06-29 08:05:00,49.859460059065846,0.0,0.650983779586539
180,MassDOT,5126778,SOMERVILLE,2022,2022-06-29,2,09:43:00,Local,0,0,0.0,42.39404077,-71.09600818,0,2022-06-29 09:43:00,SomervillePD,22036253,SOMERVILLE,2022,2022-06-29,2,09:43:00,,0,0,0.0,42.394,-71.096,,2022-06-29 09:43:00,4.574881195856565,0.0,0.9679758316290039
181,SomervillePD,22036871,SOMERVILLE,2022,2022-07-02,0,12:22:00,,0,0,0.0,42.387,-71.0814,,2022-07-02 12:22:00,MassDOT,5138495,SOMERVILLE,2022,2022-07-02,0,12:22:00,Local,0,0,0.0,42.38704095,-71.0814175,0,2022-07-02 12:22:00,4.766509588954282,0.0,0.96663443287732
182,SomervillePD,22037048,SOMERVILLE,2022,2022-07-03,2,16:59:00,,0,0,0.0,42.3963,-71.1228,,2022-07-03 16:59:00,MassDOT,5138491,SOMERVILLE,2022,2022-07-03,2,16:59:00,Local,0,0,0.0,42.39651857,-71.1225506,0,2022-07-03 16:59:00,31.726533058835486,0.0,0.7779142685881516
183,SomervillePD,22037332,SOMERVILLE,2022,2022-07-05,0,09:45:00,,0,0,0.0,42.3993,-71.125,,2022-07-05 09:45:00,MassDOT,5138492,SOMERVILLE,2022,2022-07-05,0,09:45:00,Local,0,0,0.0,42.39940454,-71.12487515,0,2022-07-05 09:45:00,15.47203481351286,0.0,0.89169575630541
184,SomervillePD,22037561,SOMERVILLE,2022,2022-07-06,2,11:40:00,,0,0,0.0,42.3817,-71.0839,,2022-07-06 11:40:00,MassDOT,5138536,SOMERVILLE,2022,2022-07-06,2,11:40:00,Local,0,0,0.0,42.38166925,-71.08385283,0,2022-07-06 11:40:00,5.15834067824556,0.0,0.963891615252281
185,SomervillePD,22038608,SOMERVILLE,2022,2022-07-11,2,17:44:00,,0,0,0.0,42.389,-71.0868,,2022-07-11 17:44:00,MassDOT,5138498,SOMERVILLE,2022,2022-07-11,2,17:44:00,Local,0,0,0.0,42.38908928,-71.08667704,0,2022-07-11 17:44:00,14.13607299463947,0.0,0.9010474890375237
186,MassDOT,5138538,SOMERVILLE,2022,2022-07-12,2,19:47:00,Local,0,0,0.0,42.38132353,-71.08623211,0,2022-07-12 19:47:00,SomervillePD,22038884,SOMERVILLE,2022,2022-07-12,2,19:47:00,,0,0,0.0,42.3813,-71.0864,,2022-07-12 19:47:00,14.011379020262668,0.0,0.9019203468581614
187,MassDOT,5138487,SOMERVILLE,2022,2022-07-13,2,17:24:00,Local,0,1,0.0,42.39247784,-71.10057323,0,2022-07-13 17:24:00,SomervillePD,22039064,SOMERVILLE,2022,2022-07-13,2,17:24:00,,0,1,0.0,42.3925,-71.1006,,2022-07-13 17:24:00,3.2964400375019056,0.0,0.9769249197374867
188,SomervillePD,22039369,SOMERVILLE,2022,2022-07-15,2,03:39:00,,0,0,0.0,42.3964,-71.0886,,2022-07-15 03:39:00,MassDOT,5138486,SOMERVILLE,2022,2022-07-15,2,03:39:00,Local,0,0,0.0,42.39603394,-71.08843456,0,2022-07-15 03:39:00,42.83610055220379,0.0,0.7001472961345734
189,SomervillePD,22039628,SOMERVILLE,2022,2022-07-16,2,14:34:00,,0,1,0.0,42.394,-71.0808,,2022-07-16 14:34:00,MassDOT,5138496,SOMERVILLE,2022,2022-07-16,2,14:34:00,Local,0,1,0.0,42.3939798,-71.08081894,0,2022-07-16 14:34:00,2.7272933414197755,0.0,0.9809089466100616
190,SomervillePD,22040303,SOMERVILLE,2022,2022-07-20,0,09:43:00,,0,0,0.0,42.381,-71.0984,,2022-07-20 09:43:00,MassDOT,5138535,SOMERVILLE,2022,2022-07-20,0,09:43:00,Local,0,0,0.0,42.38082435,-71.09857472,0,2022-07-20 09:43:00,24.19441434193046,0.0,0.8306390996064867
191,MassDOT,5138484,SOMERVILLE,2022,2022-07-20,2,12:45:00,Local,1,1,0.0,42.38150951,-71.10054992,0,2022-07-20 12:45:00,SomervillePD,22040339,SOMERVILLE,2022,2022-07-20,2,12:45:00,,1,0,0.0,42.3815,-71.1005,,2022-07-20 12:45:00,4.227005736127103,0.0,0.9704109598471102
192,SomervillePD,22040547,SOMERVILLE,2022,2022-07-21,0,13:28:00,,0,0,0.0,42.403,-71.1265,,2022-07-21 13:28:00,MassDOT,5137934,SOMERVILLE,2022,2022-07-21,0,13:28:00,Local,0,0,0.0,42.40297159,-71.12650199,0,2022-07-21 13:28:00,3.157725456914614,0.0,0.9778959218015977
193,MassDOT,5138481,SOMERVILLE,2022,2022-07-22,0,09:47:00,Local,0,0,0.0,42.3856915,-71.08783795,0,2022-07-22 09:47:00,SomervillePD,22040678,SOMERVILLE,2022,2022-07-22,0,09:47:00,,0,0,0.0,42.3857,-71.0878,,2022-07-22 09:47:00,3.251322556812523,0.0,0.9772407421023124
194,SomervillePD,22040709,SOMERVILLE,2022,2022-07-22,2,12:02:00,,0,0,0.0,42.3865,-71.0978,,2022-07-22 12:02:00,MassDOT,5138485,SOMERVILLE,2022,2022-07-22,2,12:02:00,Local,0,0,0.0,42.38653203,-71.09782522,0,2022-07-22 12:02:00,4.112872350421624,0.0,0.9712098935470486
195,MassDOT,5138488,SOMERVILLE,2022,2022-07-22,0,17:25:00,Local,0,0,0.0,42.39407166,-71.12061935,0,2022-07-22 17:25:00,SomervillePD,22040772,SOMERVILLE,2022,2022-07-22,0,17:25:00,,0,0,0.0,42.3941,-71.1206,,2022-07-22 17:25:00,3.5230442988240167,0.0,0.9753386899082319
196,SomervillePD,22041099,SOMERVILLE,2022,2022-07-24,2,17:59:00,,0,0,0.0,42.3956,-71.0891,,2022-07-24 17:59:00,MassDOT,5138483,SOMERVILLE,2022,2022-07-24,2,17:59:00,Local,0,0,0.0,42.39559907,-71.08908739,0,2022-07-24 17:59:00,1.0388375449945042,0.0,0.9927281371850385
197,SomervillePD,22041245,SOMERVILLE,2022,2022-07-25,0,13:46:00,,0,0,0.0,42.3926,-71.083,,2022-07-25 13:46:00,MassDOT,5138493,SOMERVILLE,2022,2022-07-25,0,13:46:00,Local,0,0,0.0,42.39260337,-71.08303708,0,2022-07-25 13:46:00,3.0626819173365827,0.0,0.9785612265786439
198,SomervillePD,22041411,SOMERVILLE,2022,2022-07-26,0,11:57:00,,0,0,0.0,42.4062,-71.1296,,2022-07-26 11:57:00,MassDOT,5138482,SOMERVILLE,2022,2022-07-26,0,11:57:00,Local,0,0,0.0,42.40556523,-71.1298402,0,2022-07-26 11:57:00,73.15812246110049,0.0,0.4878931427722965
199,SomervillePD,22041418,SOMERVILLE,2022,2022-07-26,0,12:28:00,,0,0,0.0,42.3874,-71.1113,,2022-07-26 12:28:00,MassDOT,5138494,SOMERVILLE,2022,2022-07-26,0,12:28:00,Local,0,0,0.0,42.38746179,-71.11131224,0,2022-07-26 12:28:00,6.9317121668155925,0.0,0.9514780148322908
200,SomervillePD,22041458,SOMERVILLE,2022,2022-07-26,0,16:17:00,,1,0,0.0,42.4045,-71.1235,,2022-07-26 16:17:00,MassDOT,5138537,SOMERVILLE,2022,2022-07-26,0,16:17:00,Local,1,0,0.0,42.40445959,-71.12348211,0,2022-07-26 16:17:00,4.71909641941597,0.0,0.9669663250640881
201,SomervillePD,22041669,SOMERVILLE,2022,2022-07-27,2,18:40:00,,0,0,0.0,42.3845,-71.0789,,2022-07-27 18:40:00,MassDOT,5138497,SOMERVILLE,2022,2022-07-27,2,18:40:00,Local,0,0,0.0,42.38438715,-71.0789966,0,2022-07-27 18:40:00,14.820178689581526,0.0,0.8962587491729292
202,MassDOT,5150640,SOMERVILLE,2022,2022-08-01,0,11:05:00,Local,0,0,0.0,42.38574792,-71.10529182,0,2022-08-01 11:05:00,SomervillePD,22042580,SOMERVILLE,2022,2022-08-01,0,11:05:00,,0,0,0.0,42.3857,-71.1051,,2022-08-01 11:05:00,16.601943953849467,0.0,0.8837863923230538
203,MassDOT,5150646,SOMERVILLE,2022,2022-08-02,0,04:44:00,Local,0,0,0.0,42.37573189,-71.09272398,0,2022-08-02 04:44:00,SomervillePD,22042741,SOMERVILLE,2022,2022-08-02,0,04:44:00,,0,0,0.0,42.3755,-71.0932,,2022-08-02 04:44:00,46.756504112671436,0.0,0.6727044712113
204,SomervillePD,22042845,SOMERVILLE,2022,2022-08-02,0,14:21:00,,0,0,0.0,42.4054,-71.1258,,2022-08-02 14:21:00,MassDOT,5150642,SOMERVILLE,2022,2022-08-02,0,14:21:00,Local,0,0,0.0,42.40543731,-71.12583656,0,2022-08-02 14:21:00,5.111786479704041,0.0,0.9642174946420716
205,MassDOT,5150532,SOMERVILLE,2022,2022-08-04,0,13:37:00,Local,0,0,0.0,42.38700129,-71.09921597,0,2022-08-04 13:37:00,SomervillePD,22043211,SOMERVILLE,2022,2022-08-04,0,13:37:00,,0,0,0.0,42.3873,-71.0992,,2022-08-04 13:37:00,33.18265117301299,0.0,0.7677214417889089
206,SomervillePD,22043223,SOMERVILLE,2022,2022-08-04,0,15:05:00,,0,0,0.0,42.3965,-71.1223,,2022-08-04 15:05:00,MassDOT,5150655,SOMERVILLE,2022,2022-08-04,0,15:05:00,Local,0,0,0.0,42.39648884,-71.12230871,0,2022-08-04 15:05:00,1.4297909300307685,0.0,0.9899914634897846
207,MassDOT,5150643,SOMERVILLE,2022,2022-08-05,0,08:12:00,Local,0,0,0.0,42.39081024,-71.10564387,0,2022-08-05 08:12:00,SomervillePD,22043362,SOMERVILLE,2022,2022-08-05,0,08:12:00,,0,0,0.0,42.3909,-71.1055,,2022-08-05 08:12:00,15.439551346009202,0.0,0.8919231405779355
208,SomervillePD,22043466,SOMERVILLE,2022,2022-08-05,2,15:20:00,,0,0,0.0,42.3935,-71.1204,,2022-08-05 15:20:00,MassDOT,5150651,SOMERVILLE,2022,2022-08-05,2,15:20:00,Local,0,0,0.0,42.3933589,-71.1206151,0,2022-08-05 15:20:00,23.584597326592554,0.0,0.8349078187138521
209,SomervillePD,22043595,SOMERVILLE,2022,2022-08-06,0,08:48:00,,0,0,0.0,42.3902,-71.091,,2022-08-06 08:48:00,MassDOT,5150653,SOMERVILLE,2022,2022-08-06,0,08:48:00,Local,0,0,0.0,42.39021252,-71.09129746,0,2022-08-06 08:48:00,24.42573710962507,0.0,0.8290198402326245
210,SomervillePD,22044733,SOMERVILLE,2022,2022-08-11,0,17:20:00,,1,0,0.0,42.4079,-71.1299,,2022-08-11 17:20:00,MassDOT,5150609,SOMERVILLE,2022,2022-08-11,0,17:20:00,Local,1,0,0.0,42.40791044,-71.12989386,0,2022-08-11 17:20:00,1.2633859352048733,0.0,0.9911562984535658
211,SomervillePD,22044869,SOMERVILLE,2022,2022-08-12,1,11:28:00,,1,0,0.0,42.4022,-71.1241,,2022-08-12 11:28:00,MassDOT,5137938,SOMERVILLE,2022,2022-08-12,2,11:28:00,Local,1,0,0.0,42.40207161,-71.12442774,0,2022-08-12 11:28:00,30.409588067939648,0.0,0.7871328835244225
212,SomervillePD,22044876,SOMERVILLE,2022,2022-08-12,0,11:46:00,,0,0,0.0,42.4025,-71.126,,2022-08-12 11:46:00,MassDOT,5150637,SOMERVILLE,2022,2022-08-12,0,11:46:00,Local,0,0,0.0,42.40263829,-71.12574874,0,2022-08-12 11:46:00,25.685904610302853,0.0,0.8201986677278801
213,SomervillePD,22044929,SOMERVILLE,2022,2022-08-12,2,16:31:00,,0,0,0.0,42.3972,-71.1059,,2022-08-12 16:31:00,MassDOT,5150608,SOMERVILLE,2022,2022-08-12,2,16:31:00,Local,0,0,0.0,42.39706991,-71.10616964,0,2022-08-12 16:31:00,26.401803322096068,0.0,0.8151873767453275
214,SomervillePD,22044937,SOMERVILLE,2022,2022-08-12,0,17:26:00,,0,0,0.0,42.3966,-71.1091,,2022-08-12 17:26:00,MassDOT,5150605,SOMERVILLE,2022,2022-08-12,0,17:26:00,Local,0,0,0.0,42.39679196,-71.10913934,0,2022-08-12 17:26:00,21.550210187606517,0.0,0.8491485286867544
215,MassDOT,5150610,SOMERVILLE,2022,2022-08-14,2,15:37:00,Local,1,0,0.0,42.4061245,-71.12706585,0,2022-08-14 15:37:00,SomervillePD,22045260,SOMERVILLE,2022,2022-08-14,2,15:37:00,,1,0,0.0,42.4059,-71.1272,,2022-08-14 15:37:00,27.237320937244792,0.0,0.8093387534392864
216,MassDOT,5150641,SOMERVILLE,2022,2022-08-15,0,06:34:00,Local,1,0,0.0,42.40084721,-71.11755525,0,2022-08-15 06:34:00,SomervillePD,22045361,SOMERVILLE,2022,2022-08-15,0,06:34:00,,1,0,0.0,42.4005,-71.1165,,2022-08-15 06:34:00,94.69391318183189,0.0,0.33714260772717675
217,SomervillePD,22045426,SOMERVILLE,2022,2022-08-15,2,13:11:00,,0,0,0.0,42.4007,-71.1174,,2022-08-15 13:11:00,MassDOT,5150533,SOMERVILLE,2022,2022-08-15,2,13:11:00,Local,0,0,0.0,42.40083348,-71.11786459,0,2022-08-15 13:11:00,40.86209300185577,0.0,0.7139653489870096
218,SomervillePD,22045430,SOMERVILLE,2022,2022-08-15,0,13:18:00,,0,0,0.0,42.3963,-71.1029,,2022-08-15 13:18:00,MassDOT,5150645,SOMERVILLE,2022,2022-08-15,0,13:18:00,Local,0,0,0.0,42.39588787,-71.10292747,0,2022-08-15 13:18:00,45.80181764771018,0.0,0.6793872764660287
219,MassDOT,5150636,SOMERVILLE,2022,2022-08-15,2,18:06:00,Local,0,0,0.0,42.39255687,-71.09341686,0,2022-08-15 18:06:00,SomervillePD,22045485,SOMERVILLE,2022,2022-08-15,2,18:06:00,,0,0,0.0,42.3927,-71.0933,,2022-08-15 18:06:00,18.552262678921075,0.0,0.8701341612475524
220,SomervillePD,22045635,SOMERVILLE,2022,2022-08-16,0,12:03:00,,0,0,0.0,42.4031,-71.1168,,2022-08-16 12:03:00,MassDOT,5150604,SOMERVILLE,2022,2022-08-16,0,12:03:00,Local,0,0,0.0,42.4028747,-71.11701675,0,2022-08-16 12:03:00,30.676356628551716,0.0,0.7852655036001379
221,SomervillePD,22045834,SOMERVILLE,2022,2022-08-17,2,06:22:00,,1,0,0.0,42.3947,-71.1025,,2022-08-17 06:22:00,MassDOT,5150607,SOMERVILLE,2022,2022-08-17,2,06:22:00,Local,1,0,0.0,42.39477834,-71.10235356,0,2022-08-17 06:22:00,14.823076881542278,0.0,0.8962384618292041
222,SomervillePD,22046014,SOMERVILLE,2022,2022-08-17,0,21:32:00,,0,0,1.0,42.3838,-71.0822,,2022-08-17 21:32:00,MassDOT,5150534,SOMERVILLE,2022,2022-08-17,0,21:32:00,Local,1,1,0.0,42.38398567,-71.08206277,0,2022-08-17 21:32:00,23.480655604006063,0.0,0.8356354107719575
223,MassDOT,5150638,SOMERVILLE,2022,2022-08-18,0,19:00:00,Local,0,0,0.0,42.39381202,-71.12088678,0,2022-08-18 19:00:00,SomervillePD,22046181,SOMERVILLE,2022,2022-08-18,0,19:00:00,,0,0,0.0,42.3938,-71.1205,,2022-08-18 19:00:00,31.734978793684842,0.0,0.777855148444206
224,SomervillePD,22046324,SOMERVILLE,2022,2022-08-19,0,13:20:00,,0,0,0.0,42.3746,-71.085,,2022-08-19 13:20:00,MassDOT,5150649,SOMERVILLE,2022,2022-08-19,0,13:20:00,Local,0,0,0.0,42.37528162,-71.08543528,0,2022-08-19 13:20:00,83.65673355031848,0.0,0.4144028651477707
225,MassDOT,5150639,SOMERVILLE,2022,2022-08-21,0,15:40:00,Local,0,0,0.0,42.4074936,-71.13016531,0,2022-08-21 15:40:00,SomervillePD,22046753,SOMERVILLE,2022,2022-08-21,0,15:40:00,,0,0,0.0,42.4077,-71.1299,,2022-08-21 15:40:00,31.586527143261048,0.0,0.7788943099971726
226,MassDOT,5150809,SOMERVILLE,2022,2022-08-22,2,06:16:00,Local,0,0,0.0,42.39681402,-71.09805112,0,2022-08-22 06:16:00,SomervillePD,22046881,SOMERVILLE,2022,2022-08-22,2,06:16:00,,0,0,0.0,42.3968,-71.0982,,2022-08-22 06:16:00,12.302917801014232,0.0,0.9138795753929003
227,MassDOT,5150808,SOMERVILLE,2022,2022-08-22,0,09:44:00,Local,0,0,0.0,42.39537819,-71.12535668,0,2022-08-22 09:44:00,SomervillePD,22046920,SOMERVILLE,2022,2022-08-22,0,09:44:00,,0,0,0.0,42.3954,-71.1252,,2022-08-22 09:44:00,13.069943326417924,0.0,0.9085103967150745
228,MassDOT,5150644,SOMERVILLE,2022,2022-08-23,0,10:29:00,Local,0,0,0.0,42.3997581,-71.09536298,0,2022-08-23 10:29:00,SomervillePD,22047190,SOMERVILLE,2022,2022-08-23,0,10:29:00,,0,0,0.0,42.3999,-71.0953,,2022-08-23 10:29:00,16.575319346970765,0.0,0.8839727645712046
229,MassDOT,5150648,SOMERVILLE,2022,2022-08-23,2,11:35:00,Local,1,0,0.0,42.38119283,-71.10416312,0,2022-08-23 11:35:00,SomervillePD,22047204,SOMERVILLE,2022,2022-08-23,2,11:35:00,,1,0,0.0,42.3812,-71.1041,,2022-08-23 11:35:00,5.236241495310841,0.0,0.9633463095328241
230,MassDOT,5150647,SOMERVILLE,2022,2022-08-25,2,06:24:00,Local,0,0,0.0,42.39127781,-71.09112936,0,2022-08-25 06:24:00,SomervillePD,22047626,SOMERVILLE,2022,2022-08-25,2,06:24:00,,0,0,0.0,42.3916,-71.0909,,2022-08-25 06:24:00,40.40480585218853,0.0,0.7171663590346802
231,SomervillePD,22047659,SOMERVILLE,2022,2022-08-25,0,09:37:00,,0,0,0.0,42.3936,-71.0926,,2022-08-25 09:37:00,MassDOT,5150650,SOMERVILLE,2022,2022-08-25,0,09:37:00,Local,0,0,0.0,42.39360435,-71.09255861,0,2022-08-25 09:37:00,3.427208200832075,0.0,0.9760095425941755
232,SomervillePD,22047684,SOMERVILLE,2022,2022-08-25,2,11:00:00,,1,0,0.0,42.4067,-71.1323,,2022-08-25 11:00:00,MassDOT,5150654,SOMERVILLE,2022,2022-08-25,2,11:00:00,Local,1,0,0.0,42.40728145,-71.13317666,0,2022-08-25 11:00:00,96.58199443572272,0.0,0.323926038949941
233,SomervillePD,22048871,SOMERVILLE,2022,2022-08-30,0,14:08:00,,0,0,0.0,42.3765,-71.0956,,2022-08-30 14:08:00,MassDOT,5150652,SOMERVILLE,2022,2022-08-30,0,14:08:00,Local,0,0,0.0,42.37690806,-71.0956357,0,2022-08-30 14:08:00,45.38915878621995,0.0,0.6822758884964604
234,MassDOT,5150606,SOMERVILLE,2022,2022-08-30,0,17:58:00,Local,0,0,0.0,42.3796585,-71.09128777,0,2022-08-30 17:58:00,SomervillePD,22048927,SOMERVILLE,2022,2022-08-30,0,17:58:00,,0,0,0.0,42.3798,-71.0915,,2022-08-30 17:58:00,23.4417909209413,0.0,0.835907463553411
235,MassDOT,5163166,SOMERVILLE,2022,2022-09-01,2,21:00:00,Local,1,0,0.0,42.37959806,-71.09412035,0,2022-09-01 21:00:00,SomervillePD,22049419,SOMERVILLE,2022,2022-09-01,2,21:00:00,,1,0,0.0,42.3798,-71.0942,,2022-09-01 21:00:00,23.347384051826783,0.0,0.8365683116372125
236,SomervillePD,22049494,SOMERVILLE,2022,2022-09-02,0,08:46:00,,0,0,0.0,42.3956,-71.0844,,2022-09-02 08:46:00,MassDOT,5163190,SOMERVILLE,2022,2022-09-02,0,08:46:00,Local,0,0,0.0,42.39561474,-71.08501268,0,2022-09-02 08:46:00,50.25065134908667,0.0,0.6482454405563933
237,MassDOT,5163202,SOMERVILLE,2022,2022-09-05,2,15:14:00,Local,0,1,0.0,42.38841507,-71.10342838,0,2022-09-05 15:14:00,SomervillePD,22050205,SOMERVILLE,2022,2022-09-05,2,15:14:00,,0,1,0.0,42.3884,-71.1034,,2022-09-05 15:14:00,2.8656023775787416,0.0,0.9799407833569487
238,SomervillePD,22050318,SOMERVILLE,2022,2022-09-06,2,07:41:00,,1,0,0.0,42.3838,-71.1095,,2022-09-06 07:41:00,MassDOT,5163171,SOMERVILLE,2022,2022-09-06,2,07:41:00,Local,1,0,0.0,42.38392038,-71.10957421,0,2022-09-06 07:41:00,14.682249716109698,0.0,0.897224251987232
239,SomervillePD,22050547,SOMERVILLE,2022,2022-09-07,0,12:28:00,,0,0,0.0,42.3888,-71.1052,,2022-09-07 12:28:00,MassDOT,5163199,SOMERVILLE,2022,2022-09-07,0,12:28:00,Local,0,0,0.0,42.38894376,-71.10498883,0,2022-09-07 12:28:00,23.5447672240922,0.0,0.8351866294313546
240,MassDOT,5163174,SOMERVILLE,2022,2022-09-07,2,12:45:00,Local,0,0,0.0,42.40735512,-71.13025548,0,2022-09-07 12:45:00,SomervillePD,22050551,SOMERVILLE,2022,2022-09-07,2,12:45:00,,0,0,0.0,42.4074,-71.1303,,2022-09-07 12:45:00,6.175027345194221,0.0,0.9567748085836405
241,SomervillePD,22050588,SOMERVILLE,2022,2022-09-07,0,14:53:00,,0,0,0.0,42.3922,-71.1124,,2022-09-07 14:53:00,MassDOT,5163165,SOMERVILLE,2022,2022-09-07,0,14:53:00,Local,0,0,0.0,42.39221947,-71.11238935,0,2022-09-07 14:53:00,2.330861018216273,0.0,0.983683972872486
242,MassDOT,5163163,SOMERVILLE,2022,2022-09-08,2,18:49:00,Local,1,0,0.0,42.38656841,-71.07980424,0,2022-09-08 18:49:00,SomervillePD,22050850,SOMERVILLE,2022,2022-09-08,2,18:49:00,,1,0,0.0,42.3868,-71.0795,,2022-09-08 18:49:00,35.81897789927221,0.0,0.7492671547050944
243,MassDOT,5163172,SOMERVILLE,2022,2022-09-08,0,18:55:00,Local,1,0,0.0,42.38750604,-71.11723601,0,2022-09-08 18:55:00,SomervillePD,22050853,SOMERVILLE,2022,2022-09-08,0,18:55:00,,1,0,0.0,42.3876,-71.1171,,2022-09-08 18:55:00,15.268110394429803,0.0,0.8931232272389913
244,SomervillePD,22050935,SOMERVILLE,2022,2022-09-09,0,05:36:00,,0,0,0.0,42.3841,-71.0918,,2022-09-09 05:36:00,MassDOT,5163577,SOMERVILLE,2022,2022-09-09,0,05:36:00,Local,0,0,0.0,42.38402923,-71.09188703,0,2022-09-09 05:36:00,10.612454606386176,0.0,0.9257128177552967
245,SomervillePD,22051087,SOMERVILLE,2022,2022-09-09,0,20:07:00,,0,0,0.0,42.3831,-71.105,,2022-09-09 20:07:00,MassDOT,5163161,SOMERVILLE,2022,2022-09-09,0,20:07:00,Local,0,0,0.0,42.38288763,-71.10497607,0,2022-09-09 20:07:00,23.65458121222051,0.0,0.8344179315144564
246,SomervillePD,22051280,SOMERVILLE,2022,2022-09-10,0,14:46:00,,1,0,0.0,42.377,-71.0956,,2022-09-10 14:46:00,MassDOT,5163173,SOMERVILLE,2022,2022-09-10,0,14:46:00,Local,1,0,0.0,42.37697163,-71.09558941,0,2022-09-10 14:46:00,3.266603681243136,0.0,0.977133774231298
247,SomervillePD,22051442,SOMERVILLE,2022,2022-09-11,0,07:55:00,,0,0,0.0,42.3825,-71.1019,,2022-09-11 07:55:00,MassDOT,5163196,SOMERVILLE,2022,2022-09-11,0,07:55:00,Local,0,0,0.0,42.38240092,-71.10176286,0,2022-09-11 07:55:00,15.728561917918906,0.0,0.8899000665745675
248,MassDOT,5163194,SOMERVILLE,2022,2022-09-11,0,15:24:00,Local,0,0,0.0,42.39467317,-71.0792775,0,2022-09-11 15:24:00,SomervillePD,22051513,SOMERVILLE,2022,2022-09-11,0,15:24:00,,0,0,0.0,42.3946,-71.0797,,2022-09-11 15:24:00,35.574199894755246,0.0,0.7509806007367132
249,MassDOT,5163179,SOMERVILLE,2022,2022-09-12,0,06:48:00,Local,0,0,0.0,42.39943451,-71.1189153,0,2022-09-12 06:48:00,SomervillePD,22051622,SOMERVILLE,2022,2022-09-12,0,06:48:00,,0,0,0.0,42.3994,-71.1189,,2022-09-12 06:48:00,4.030684190903129,0.0,0.971785210663678
250,MassDOT,5163160,SOMERVILLE,2022,2022-09-12,0,11:25:00,Local,0,0,0.0,42.40279142,-71.12563134,0,2022-09-12 11:25:00,SomervillePD,22051684,SOMERVILLE,2022,2022-09-12,0,11:25:00,,0,0,0.0,42.403,-71.1252,,2022-09-12 11:25:00,42.26097752204263,0.0,0.7041731573457015
251,SomervillePD,22051720,SOMERVILLE,2022,2022-09-12,2,15:15:00,,0,0,0.0,42.3957,-71.1031,,2022-09-12 15:15:00,MassDOT,5163203,SOMERVILLE,2022,2022-09-12,2,15:15:00,Local,0,0,0.0,42.39570531,-71.10309712,0,2022-09-12 15:15:00,0.6349334997003014,0.0,0.995555465502098
252,MassDOT,5163200,SOMERVILLE,2022,2022-09-12,0,19:41:00,Local,0,0,0.0,42.39390709,-71.10360845,0,2022-09-12 19:41:00,SomervillePD,22051766,SOMERVILLE,2022,2022-09-12,0,19:41:00,,0,0,0.0,42.3941,-71.1037,,2022-09-12 19:41:00,22.690113547127453,0.0,0.8411692051701078
253,SomervillePD,22051780,SOMERVILLE,2022,2022-09-12,0,21:15:00,,0,0,0.0,42.3797,-71.0903,,2022-09-12 21:15:00,MassDOT,5163158,SOMERVILLE,2022,2022-09-12,0,21:15:00,Local,0,0,0.0,42.37987703,-71.09040066,0,2022-09-12 21:15:00,21.313323328243744,0.0,0.8508067367022938
254,SomervillePD,22051862,SOMERVILLE,2022,2022-09-13,2,09:39:00,,0,0,1.0,42.39,-71.107,,2022-09-13 09:39:00,MassDOT,5163167,SOMERVILLE,2022,2022-09-13,2,09:39:00,Local,1,0,0.0,42.38980762,-71.10707797,0,2022-09-13 09:39:00,22.290357090608058,0.0,0.8439675003657436
255,MassDOT,5163177,SOMERVILLE,2022,2022-09-13,0,12:27:00,Local,0,0,0.0,42.37952823,-71.0932911,0,2022-09-13 12:27:00,SomervillePD,22051890,SOMERVILLE,2022,2022-09-13,0,12:27:00,,0,0,0.0,42.3798,-71.0933,,2022-09-13 12:27:00,30.175295508531857,0.0,0.7887729314402769
256,SomervillePD,22051926,SOMERVILLE,2022,2022-09-13,0,14:32:00,,0,0,0.0,42.3944,-71.0962,,2022-09-13 14:32:00,MassDOT,5163168,SOMERVILLE,2022,2022-09-13,0,14:32:00,Local,0,0,0.0,42.39417315,-71.09625522,0,2022-09-13 14:32:00,25.58400088393104,0.0,0.8209119938124827
257,SomervillePD,22051970,SOMERVILLE,2022,2022-09-13,0,17:56:00,,0,0,0.0,42.3919,-71.0926,,2022-09-13 17:56:00,MassDOT,5163185,SOMERVILLE,2022,2022-09-13,0,17:56:00,Local,0,1,0.0,42.39206479,-71.09248634,0,2022-09-13 17:56:00,20.52818392197862,0.0,0.8563027125461495
258,SomervillePD,22052184,SOMERVILLE,2022,2022-09-14,2,13:48:00,,0,0,0.0,42.3896,-71.1098,,2022-09-14 13:48:00,MassDOT,5163164,SOMERVILLE,2022,2022-09-14,2,13:48:00,Local,0,0,0.0,42.39004374,-71.10904195,0,2022-09-14 13:48:00,79.29856680717188,0.0,0.44491003234979687
259,MassDOT,5163193,SOMERVILLE,2022,2022-09-14,0,17:16:00,Local,0,0,0.0,42.38067121,-71.0886002,0,2022-09-14 17:16:00,SomervillePD,22052216,SOMERVILLE,2022,2022-09-14,0,17:16:00,,0,0,0.0,42.3807,-71.0886,,2022-09-14 17:16:00,3.1957320744357287,0.0,0.9776298754789499
260,SomervillePD,22052257,SOMERVILLE,2022,2022-09-14,0,21:16:00,,0,1,0.0,42.3877,-71.1005,,2022-09-14 21:16:00,MassDOT,5163178,SOMERVILLE,2022,2022-09-14,0,21:16:00,Local,0,1,0.0,42.38747398,-71.1006391,0,2022-09-14 21:16:00,27.558507698032326,0.0,0.8070904461137738
261,SomervillePD,22052467,SOMERVILLE,2022,2022-09-15,2,19:14:00,,1,0,0.0,42.3802,-71.1087,,2022-09-15 19:14:00,MassDOT,5163579,SOMERVILLE,2022,2022-09-15,2,19:14:00,Local,1,0,0.0,42.38018825,-71.1087094,0,2022-09-15 19:14:00,1.514965215284686,0.0,0.9893952434930071
262,SomervillePD,22053050,SOMERVILLE,2022,2022-09-18,2,00:37:00,,0,0,0.0,42.3884,-71.1034,,2022-09-18 00:37:00,MassDOT,5163204,SOMERVILLE,2022,2022-09-18,2,00:37:00,Local,0,0,0.0,42.38841507,-71.10342838,0,2022-09-18 00:37:00,2.865602831111123,0.0,0.979940780182222
263,SomervillePD,22053317,SOMERVILLE,2022,2022-09-19,2,13:53:00,,0,0,0.0,42.3827,-71.107,,2022-09-19 13:53:00,MassDOT,5163157,SOMERVILLE,2022,2022-09-19,2,13:53:00,Local,0,0,0.0,42.38322517,-71.10649931,0,2022-09-19 13:53:00,71.29834320340322,0.0,0.5009115975761774
264,SomervillePD,22053784,SOMERVILLE,2022,2022-09-21,2,16:32:00,,1,0,0.0,42.3835,-71.1064,,2022-09-21 16:32:00,MassDOT,5163180,SOMERVILLE,2022,2022-09-21,2,16:32:00,Local,1,0,0.0,42.38320494,-71.10641149,0,2022-09-21 16:32:00,32.765205957492455,0.0,0.7706435582975527
265,SomervillePD,22053815,SOMERVILLE,2022,2022-09-21,0,18:57:00,,0,0,0.0,42.4043,-71.1323,,2022-09-21 18:57:00,MassDOT,5163198,SOMERVILLE,2022,2022-09-21,0,18:57:00,Local,0,0,0.0,42.40448715,-71.1323717,0,2022-09-21 18:57:00,21.588900571304194,0.0,0.8488776960008706
266,MassDOT,5163162,SOMERVILLE,2022,2022-09-21,2,21:04:00,Local,0,0,0.0,42.39570475,-71.0996658,0,2022-09-21 21:04:00,SomervillePD,22053850,SOMERVILLE,2022,2022-09-21,2,21:04:00,,0,0,0.0,42.3955,-71.0999,,2022-09-21 21:04:00,29.75070438839129,0.0,0.7917450692812609
267,MassDOT,5163170,SOMERVILLE,2022,2022-09-22,2,08:54:00,Local,1,1,0.0,42.38988422,-71.09795231,0,2022-09-22 08:54:00,SomervillePD,22053940,SOMERVILLE,2022,2022-09-22,2,08:54:00,,1,0,0.0,42.3898,-71.0978,,2022-09-22 08:54:00,15.59837064838804,0.0,0.8908114054612837
268,MassDOT,5163187,SOMERVILLE,2022,2022-09-22,0,09:08:00,Local,0,0,0.0,42.3986684,-71.09760514,0,2022-09-22 09:08:00,SomervillePD,22053942,SOMERVILLE,2022,2022-09-22,0,09:08:00,,0,0,0.0,42.3986,-71.0974,,2022-09-22 09:08:00,18.449977429591534,0.0,0.8708501579928591
269,MassDOT,5163189,SOMERVILLE,2022,2022-09-22,0,09:31:00,Local,0,0,0.0,42.4008488,-71.11768317,0,2022-09-22 09:31:00,SomervillePD,22053948,SOMERVILLE,2022,2022-09-22,0,09:31:00,,0,0,0.0,42.4011,-71.1175,,2022-09-22 09:31:00,31.66847460832028,0.0,0.7783206777417581
270,MassDOT,5163195,SOMERVILLE,2022,2022-09-22,0,16:55:00,Local,0,0,0.0,42.40475167,-71.11730673,0,2022-09-22 16:55:00,SomervillePD,22054055,SOMERVILLE,2022,2022-09-22,0,16:55:00,,0,0,0.0,42.4048,-71.1171,,2022-09-22 16:55:00,17.773038120823315,0.0,0.8755887331542367
271,MassDOT,5163183,SOMERVILLE,2022,2022-09-23,2,12:29:00,Local,0,0,0.0,42.37947595,-71.09248746,0,2022-09-23 12:29:00,SomervillePD,22054229,SOMERVILLE,2022,2022-09-23,2,12:29:00,,0,0,0.0,42.379,-71.0924,,2022-09-23 12:29:00,53.31495269068363,0.0,0.6267953311652146
272,SomervillePD,22054268,SOMERVILLE,2022,2022-09-23,2,15:56:00,,0,0,0.0,42.4054,-71.1258,,2022-09-23 15:56:00,MassDOT,5163175,SOMERVILLE,2022,2022-09-23,2,15:56:00,Local,0,0,0.0,42.40543731,-71.12583656,0,2022-09-23 15:56:00,5.111786479704041,0.0,0.9642174946420716
273,SomervillePD,22054506,SOMERVILLE,2022,2022-09-24,0,16:41:00,,0,0,0.0,42.3802,-71.0887,,2022-09-24 16:41:00,MassDOT,5163184,SOMERVILLE,2022,2022-09-24,0,16:41:00,Local,0,0,0.0,42.38021119,-71.08922185,0,2022-09-24 16:41:00,42.8068035510242,0.0,0.7003523751428307
274,SomervillePD,22054708,SOMERVILLE,2022,2022-09-25,0,16:26:00,,0,0,0.0,42.3859,-71.0785,,2022-09-25 16:26:00,MassDOT,5163169,SOMERVILLE,2022,2022-09-25,0,16:26:00,Local,0,0,0.0,42.38602783,-71.0783214,0,2022-09-25 16:26:00,20.389827886501674,0.0,0.8572712047944882
275,MassDOT,5163159,SOMERVILLE,2022,2022-09-26,2,16:53:00,Local,0,0,0.0,42.39694968,-71.10408553,0,2022-09-26 16:53:00,SomervillePD,22054896,SOMERVILLE,2022,2022-09-26,2,16:53:00,,0,0,0.0,42.3969,-71.1043,,2022-09-26 16:53:00,18.42521837891246,0.0,0.8710234713476126
276,SomervillePD,22055090,SOMERVILLE,2022,2022-09-27,2,15:27:00,,0,0,0.0,42.397,-71.122,,2022-09-27 15:27:00,MassDOT,5163201,SOMERVILLE,2022,2022-09-27,2,15:27:00,Local,1,0,0.0,42.39702676,-71.12196654,0,2022-09-27 15:27:00,4.04301651242434,0.0,0.9716988844130297
277,MassDOT,5163182,SOMERVILLE,2022,2022-09-28,0,07:12:00,Local,0,0,0.0,42.38971222,-71.09061576,0,2022-09-28 07:12:00,SomervillePD,22055236,SOMERVILLE,2022,2022-09-28,0,07:12:00,,0,0,0.0,42.3895,-71.0905,,2022-09-28 07:12:00,25.396249062146698,0.0,0.822226256564973
278,SomervillePD,22055318,SOMERVILLE,2022,2022-09-28,0,12:27:00,,0,0,0.0,42.3923,-71.0919,,2022-09-28 12:27:00,MassDOT,5163176,SOMERVILLE,2022,2022-09-28,0,12:27:00,Local,0,0,0.0,42.39221884,-71.09250087,0,2022-09-28 12:27:00,50.07550095302989,0.0,0.6494714933287908
279,MassDOT,5163192,SOMERVILLE,2022,2022-09-29,0,08:07:00,Local,0,0,0.0,42.37963533,-71.0963869,0,2022-09-29 08:07:00,SomervillePD,22055497,SOMERVILLE,2022,2022-09-29,0,08:07:00,,0,0,0.0,42.3796,-71.0964,,2022-09-29 08:07:00,4.066073134955836,0.0,0.9715374880553092
280,MassDOT,5163191,SOMERVILLE,2022,2022-09-29,0,09:11:00,Local,0,0,0.0,42.39047432,-71.09529013,0,2022-09-29 09:11:00,SomervillePD,22055510,SOMERVILLE,2022,2022-09-29,0,09:11:00,,0,0,0.0,42.3904,-71.0957,,2022-09-29 09:11:00,34.59940038513339,0.0,0.7578041973040661
281,MassDOT,5163188,SOMERVILLE,2022,2022-09-29,0,14:26:00,Local,0,0,0.0,42.40543731,-71.12583656,0,2022-09-29 14:26:00,SomervillePD,22055587,SOMERVILLE,2022,2022-09-29,0,14:26:00,,0,0,0.0,42.4054,-71.1258,,2022-09-29 14:26:00,5.111785435044708,0.0,0.964217501954687
282,MassDOT,5163186,SOMERVILLE,2022,2022-09-29,0,14:28:00,Local,0,0,0.0,42.39255687,-71.09341686,0,2022-09-29 14:28:00,SomervillePD,22055588,SOMERVILLE,2022,2022-09-29,0,14:28:00,,0,0,0.0,42.3927,-71.0933,,2022-09-29 14:28:00,18.552262678921075,0.0,0.8701341612475524
283,MassDOT,5163181,SOMERVILLE,2022,2022-09-29,2,18:47:00,Local,0,1,0.0,42.37368064,-71.08753094,0,2022-09-29 18:47:00,SomervillePD,22055652,SOMERVILLE,2022,2022-09-29,2,18:47:00,,0,1,0.0,42.3736,-71.0877,,2022-09-29 18:47:00,16.50197978981125,0.0,0.8844861414713212
284,SomervillePD,22056163,SOMERVILLE,2022,2022-10-02,0,02:04:00,,0,0,0.0,42.401,-71.1166,,2022-10-02 02:04:00,MassDOT,5175508,SOMERVILLE,2022,2022-10-02,0,02:04:00,Local,0,0,0.0,42.40095495,-71.11672406,0,2022-10-02 02:04:00,11.33186302105479,0.0,0.9206769588526165
285,SomervillePD,22056415,SOMERVILLE,2022,2022-10-03,0,09:05:00,,0,0,0.0,42.3986,-71.1181,,2022-10-03 09:05:00,MassDOT,5175514,SOMERVILLE,2022,2022-10-03,0,09:05:00,Local,0,0,0.0,42.39868216,-71.11882358,0,2022-10-03 09:05:00,60.009147485921076,0.0,0.5799359675985525
286,SomervillePD,22056524,SOMERVILLE,2022,2022-10-03,0,17:47:00,,0,0,0.0,42.3926,-71.0908,,2022-10-03 17:47:00,MassDOT,5175524,SOMERVILLE,2022,2022-10-03,0,17:47:00,Local,0,0,0.0,42.39243768,-71.09066407,0,2022-10-03 17:47:00,21.18499743187644,0.0,0.8517050179768648
287,MassDOT,5175519,SOMERVILLE,2022,2022-10-04,0,00:34:00,Local,0,0,0.0,42.39503828,-71.12164698,0,2022-10-04 00:34:00,SomervillePD,22056588,SOMERVILLE,2022,2022-10-04,0,00:34:00,,0,0,0.0,42.3953,-71.1216,,2022-10-04 00:34:00,29.30507791032471,0.0,0.794864454627727
288,SomervillePD,22056817,SOMERVILLE,2022,2022-10-04,2,21:33:00,,0,0,0.0,42.3963,-71.1228,,2022-10-04 21:33:00,MassDOT,5175520,SOMERVILLE,2022,2022-10-04,2,21:33:00,Local,0,0,0.0,42.39636113,-71.12246272,0,2022-10-04 21:33:00,28.46845401739981,0.0,0.8007208218782014
289,SomervillePD,22057042,SOMERVILLE,2022,2022-10-05,0,19:43:00,,0,1,0.0,42.3796,-71.0964,,2022-10-05 19:43:00,MassDOT,5175506,SOMERVILLE,2022,2022-10-05,0,19:43:00,Local,0,1,0.0,42.37963533,-71.0963869,0,2022-10-05 19:43:00,4.066073294611769,0.0,0.9715374869377176
290,SomervillePD,22057079,SOMERVILLE,2022,2022-10-06,2,00:17:00,,1,0,0.0,42.3738,-71.0876,,2022-10-06 00:17:00,MassDOT,5175961,SOMERVILLE,2022,2022-10-06,2,00:17:00,Local,1,0,0.0,42.37376823,-71.08764683,0,2022-10-06 00:17:00,5.213736110998396,0.0,0.9635038472230111
291,MassDOT,5175521,SOMERVILLE,2022,2022-10-07,0,20:41:00,Local,0,0,0.0,42.39094169,-71.08686499,0,2022-10-07 20:41:00,SomervillePD,22057509,SOMERVILLE,2022,2022-10-07,0,20:41:00,,0,0,0.0,42.3906,-71.0867,,2022-10-07 20:41:00,40.26727197184382,0.0,0.7181290961970932
292,SomervillePD,22057657,SOMERVILLE,2022,2022-10-08,2,10:21:00,,0,0,0.0,42.3778,-71.0904,,2022-10-08 10:21:00,MassDOT,5175522,SOMERVILLE,2022,2022-10-08,2,10:21:00,Local,0,0,0.0,42.37775604,-71.0903759,0,2022-10-08 10:21:00,5.264526347263212,0.0,0.9631483155691576
293,SomervillePD,22057936,SOMERVILLE,2022,2022-10-09,0,18:20:00,,0,0,0.0,42.3961,-71.0813,,2022-10-09 18:20:00,MassDOT,5175513,SOMERVILLE,2022,2022-10-09,0,18:20:00,Local,0,0,0.0,42.39620622,-71.0811846,0,2022-10-09 18:20:00,15.116250211054298,0.0,0.89418624852262
294,MassDOT,5436732,BOSTON,2022,2022-10-09,0,20:29:00,Local,0,0,0.0,42.32772177,-71.07513866,0,2022-10-09 20:29:00,BostonVisionZero,36246,BOSTON,2022,2022-10-09,,21:23:25,,0,0,,42.32788654960194,-71.07513131512289,,2022-10-09 21:23:25,18.30046442653124,3265.0,0.599813415680948
295,MassDOT,5175528,SOMERVILLE,2022,2022-10-12,2,08:52:00,Local,1,0,0.0,42.37792508,-71.09491127,0,2022-10-12 08:52:00,SomervillePD,22058478,SOMERVILLE,2022,2022-10-12,2,08:52:00,,1,0,0.0,42.378,-71.0954,,2022-10-12 08:52:00,40.928346424451696,0.0,0.7135015750288382
296,SomervillePD,22058517,SOMERVILLE,2022,2022-10-12,0,13:10:00,,0,0,0.0,42.3965,-71.1218,,2022-10-12 13:10:00,MassDOT,5175525,SOMERVILLE,2022,2022-10-12,0,13:10:00,Local,0,0,0.0,42.3963212,-71.12192069,0,2022-10-12 13:10:00,22.175967897850946,0.0,0.8447682247150434
297,MassDOT,5167626,BOSTON,2022,2022-10-13,0,21:50:00,State,0,0,0.0,42.3008733,-71.04874185,1,2022-10-13 21:50:00,BostonVisionZero,18883,BOSTON,2022,2022-10-13,,22:35:22,,0,0,,42.30146550561281,-71.0495744777996,,2022-10-13 22:35:22,94.83536803587691,2722.0,0.1093190904155283
298,SomervillePD,22059179,SOMERVILLE,2022,2022-10-15,2,14:37:00,,0,0,0.0,42.3939,-71.096,,2022-10-15 14:37:00,MassDOT,5175511,SOMERVILLE,2022,2022-10-15,2,14:37:00,Local,0,0,0.0,42.39392894,-71.09604913,0,2022-10-15 14:37:00,5.151692220324681,0.0,0.9639381544577272
299,MassDOT,5175517,SOMERVILLE,2022,2022-10-15,2,17:39:00,Local,1,0,0.0,42.38190527,-71.08238335,0,2022-10-15 17:39:00,SomervillePD,22059206,SOMERVILLE,2022,2022-10-15,2,17:39:00,,1,0,0.0,42.3819,-71.0824,,2022-10-15 17:39:00,1.4852199562577832,0.0,0.9896034603061954
300,MassDOT,5175516,SOMERVILLE,2022,2022-10-20,0,08:44:00,Local,0,0,0.0,42.37528162,-71.08543528,0,2022-10-20 08:44:00,SomervillePD,22060128,SOMERVILLE,2022,2022-10-20,0,08:44:00,,0,0,0.0,42.3746,-71.085,,2022-10-20 08:44:00,83.65656826023665,0.0,0.41440402217834343
301,MassDOT,5175527,SOMERVILLE,2022,2022-10-20,0,10:24:00,Local,0,0,0.0,42.38588775,-71.09605155,0,2022-10-20 10:24:00,SomervillePD,22060147,SOMERVILLE,2022,2022-10-20,0,10:24:00,,0,0,0.0,42.3859,-71.096,,2022-10-20 10:24:00,4.439776878770887,0.0,0.9689215618486038
302,SomervillePD,22060382,SOMERVILLE,2022,2022-10-21,0,13:48:00,,0,0,0.0,42.3873,-71.0934,,2022-10-21 13:48:00,MassDOT,5175510,SOMERVILLE,2022,2022-10-21,0,13:48:00,Local,0,0,0.0,42.38726789,-71.09320956,0,2022-10-21 13:48:00,16.014903012020657,0.0,0.8878956789158554
303,SomervillePD,22060698,SOMERVILLE,2022,2022-10-22,0,21:07:00,,0,0,0.0,42.3909,-71.1094,,2022-10-22 21:07:00,MassDOT,5175901,SOMERVILLE,2022,2022-10-22,0,21:07:00,Local,0,0,0.0,42.39086629,-71.1094094,0,2022-10-22 21:07:00,3.820339141574202,0.0,0.9732576260089805
304,MassDOT,5175526,SOMERVILLE,2022,2022-10-26,0,08:34:00,Local,0,0,0.0,42.3905468,-71.10771114,0,2022-10-26 08:34:00,SomervillePD,22061364,SOMERVILLE,2022,2022-10-26,0,08:34:00,,0,0,0.0,42.3905,-71.1076,,2022-10-26 08:34:00,10.488220002211364,0.0,0.9265824599845203
305,SomervillePD,22061609,SOMERVILLE,2022,2022-10-27,0,15:17:00,,0,0,0.0,42.3848,-71.094,,2022-10-27 15:17:00,MassDOT,5175515,SOMERVILLE,2022,2022-10-27,0,15:17:00,Local,0,0,0.0,42.38510234,-71.09405983,0,2022-10-27 15:17:00,33.91634947961324,0.0,0.7625855536427073
306,SomervillePD,22061770,SOMERVILLE,2022,2022-10-28,2,07:54:00,,1,0,0.0,42.3938,-71.1108,,2022-10-28 07:54:00,MassDOT,5175512,SOMERVILLE,2022,2022-10-28,2,07:54:00,Local,1,0,0.0,42.39373433,-71.11114014,0,2022-10-28 07:54:00,28.820590423763,0.0,0.798255867033659
307,MassDOT,5175523,SOMERVILLE,2022,2022-10-28,2,08:39:00,Local,0,1,0.0,42.38372808,-71.09977836,0,2022-10-28 08:39:00,SomervillePD,22061780,SOMERVILLE,2022,2022-10-28,2,08:39:00,,0,1,0.0,42.3837,-71.0998,,2022-10-28 08:39:00,3.5864936357858967,0.0,0.9748945445494988
308,MassDOT,5175507,SOMERVILLE,2022,2022-10-28,0,19:39:00,Local,0,0,0.0,42.3956945,-71.12047373,0,2022-10-28 19:39:00,SomervillePD,22061914,SOMERVILLE,2022,2022-10-28,0,19:39:00,,0,0,0.0,42.3957,-71.1205,,2022-10-28 19:39:00,2.238326632319782,0.0,0.9843317135737615
309,SomervillePD,22062318,SOMERVILLE,2022,2022-10-30,2,19:18:00,,0,1,0.0,42.3954,-71.0995,,2022-10-30 19:18:00,MassDOT,5175518,SOMERVILLE,2022,2022-10-30,2,19:18:00,Local,0,1,0.0,42.39498171,-71.10001748,0,2022-10-30 19:18:00,62.89066026644981,0.0,0.5597653781348513
310,MassDOT,5175509,SOMERVILLE,2022,2022-10-31,0,14:40:00,Local,0,0,0.0,42.3852493,-71.10097049,0,2022-10-31 14:40:00,SomervillePD,22062454,SOMERVILLE,2022,2022-10-31,0,14:40:00,,0,0,0.0,42.3852,-71.1014,,2022-10-31 14:40:00,35.637241711473095,0.0,0.7505393080196883
311,SomervillePD,22063075,SOMERVILLE,2022,2022-11-03,2,10:52:00,,0,0,0.0,42.3962,-71.0949,,2022-11-03 10:52:00,MassDOT,5188819,SOMERVILLE,2022,2022-11-03,2,10:52:00,Local,0,0,0.0,42.39583252,-71.09499679,0,2022-11-03 10:52:00,41.554767734775105,0.0,0.7091166258565742
312,SomervillePD,22063157,SOMERVILLE,2022,2022-11-03,0,18:08:00,,1,0,0.0,42.3774,-71.105,,2022-11-03 18:08:00,MassDOT,5188800,SOMERVILLE,2022,2022-11-03,0,18:08:00,Local,1,0,0.0,42.37724319,-71.10510682,0,2022-11-03 18:08:00,19.485542263364348,0.0,0.8636012041564496
313,SomervillePD,22063235,SOMERVILLE,2022,2022-11-04,0,05:32:00,,0,0,0.0,42.3795,-71.0962,,2022-11-04 05:32:00,MassDOT,5188824,SOMERVILLE,2022,2022-11-04,0,05:32:00,Local,0,0,0.0,42.37964605,-71.09629078,0,2022-11-04 05:32:00,17.838737777499926,0.0,0.8751288355575004
314,MassDOT,5188796,SOMERVILLE,2022,2022-11-04,0,10:59:00,Local,0,0,0.0,42.38533322,-71.08209248,0,2022-11-04 10:59:00,SomervillePD,22063292,SOMERVILLE,2022,2022-11-04,0,10:59:00,,0,0,0.0,42.3852,-71.0823,,2022-11-04 10:59:00,22.54211531711059,0.0,0.8422051927802259
315,SomervillePD,22063444,SOMERVILLE,2022,2022-11-05,0,07:58:00,,0,0,0.0,42.3829,-71.1085,,2022-11-05 07:58:00,MassDOT,5188808,SOMERVILLE,2022,2022-11-05,0,07:58:00,Local,0,0,0.0,42.38359895,-71.10811693,0,2022-11-05 07:58:00,83.69987811293551,0.0,0.4141008532094514
316,SomervillePD,22063512,SOMERVILLE,2022,2022-11-05,2,15:04:00,,0,0,0.0,42.3973,-71.1043,,2022-11-05 15:04:00,MassDOT,5188812,SOMERVILLE,2022,2022-11-05,2,15:04:00,Local,0,0,0.0,42.39736097,-71.10439599,0,2022-11-05 15:04:00,10.378566060692888,0.0,0.9273500375751498
317,MassDOT,5188803,SOMERVILLE,2022,2022-11-07,2,08:28:00,Local,0,0,0.0,42.39636216,-71.09008568,0,2022-11-07 08:28:00,SomervillePD,22063846,SOMERVILLE,2022,2022-11-07,2,08:28:00,,0,0,0.0,42.3958,-71.0898,,2022-11-07 08:28:00,66.64937285648868,0.0,0.5334543900045792
318,MassDOT,5188820,SOMERVILLE,2022,2022-11-07,2,22:18:00,Local,0,1,0.0,42.39114265,-71.091159,0,2022-11-07 22:18:00,SomervillePD,22063989,SOMERVILLE,2022,2022-11-07,2,22:18:00,,0,1,0.0,42.3912,-71.0911,,2022-11-07 22:18:00,7.994932029290594,0.0,0.9440354757949658
319,MassDOT,5188789,SOMERVILLE,2022,2022-11-09,0,16:23:00,Local,0,0,0.0,42.38854526,-71.08174267,0,2022-11-09 16:23:00,SomervillePD,22064378,SOMERVILLE,2022,2022-11-09,0,16:23:00,,0,0,0.0,42.3889,-71.0816,,2022-11-09 16:23:00,41.076642273541104,0.0,0.7124635040852122
320,SomervillePD,22064442,SOMERVILLE,2022,2022-11-09,2,23:01:00,,0,0,0.0,42.3796,-71.0969,,2022-11-09 23:01:00,MassDOT,5188793,SOMERVILLE,2022,2022-11-09,2,23:01:00,Local,0,0,0.0,42.37957491,-71.09698486,0,2022-11-09 23:01:00,7.494763889603794,0.0,0.9475366527727733
321,MassDOT,5188810,SOMERVILLE,2022,2022-11-10,0,07:09:00,Local,0,0,0.0,42.38678102,-71.10728537,0,2022-11-10 07:09:00,SomervillePD,22064492,SOMERVILLE,2022,2022-11-10,0,07:09:00,,0,0,0.0,42.387,-71.1071,,2022-11-10 07:09:00,28.666878549241858,0.0,0.7993318501553069
322,SomervillePD,22064589,SOMERVILLE,2022,2022-11-10,2,16:22:00,,0,0,0.0,42.3884,-71.104,,2022-11-10 16:22:00,MassDOT,5188802,SOMERVILLE,2022,2022-11-10,2,16:22:00,Local,0,0,0.0,42.38861125,-71.1040086,0,2022-11-10 16:22:00,23.45934751532894,0.0,0.8357845673926974
323,SomervillePD,22064728,SOMERVILLE,2022,2022-11-11,0,11:12:00,,0,0,0.0,42.3953,-71.1194,,2022-11-11 11:12:00,MassDOT,5188817,SOMERVILLE,2022,2022-11-11,0,11:12:00,Local,0,0,0.0,42.3952347,-71.11942379,0,2022-11-11 11:12:00,7.506067273520019,0.0,0.9474575290853597
324,MassDOT,5188804,SOMERVILLE,2022,2022-11-12,0,03:17:00,Local,0,0,0.0,42.38036149,-71.10591565,0,2022-11-12 03:17:00,SomervillePD,22064871,SOMERVILLE,2022,2022-11-12,0,03:17:00,,0,0,0.0,42.3803,-71.1061,,2022-11-12 03:17:00,16.58518014367155,0.0,0.8839037389942992
325,MassDOT,5188816,SOMERVILLE,2022,2022-11-12,2,14:50:00,Local,0,0,0.0,42.39523495,-71.08376903,0,2022-11-12 14:50:00,SomervillePD,22064946,SOMERVILLE,2022,2022-11-12,2,14:50:00,,0,0,0.0,42.3947,-71.0828,,2022-11-12 14:50:00,99.17660292151322,0.0,0.3057637795494074
326,MassDOT,5188801,SOMERVILLE,2022,2022-11-13,2,16:50:00,Local,0,0,0.0,42.39465166,-71.08360633,0,2022-11-13 16:50:00,SomervillePD,22065118,SOMERVILLE,2022,2022-11-13,2,16:50:00,,0,0,0.0,42.3947,-71.0828,,2022-11-13 16:50:00,66.31675796315474,0.0,0.5357826942579168
327,SomervillePD,22065137,SOMERVILLE,2022,2022-11-13,0,18:07:00,,0,0,0.0,42.3862,-71.0788,,2022-11-13 18:07:00,MassDOT,5188806,SOMERVILLE,2022,2022-11-13,0,18:07:00,Local,0,0,0.0,42.38618076,-71.07883822,0,2022-11-13 18:07:00,3.792090097914836,0.0,0.9734553693145962
328,SomervillePD,22065244,SOMERVILLE,2022,2022-11-14,0,09:23:00,,0,0,0.0,42.4049,-71.1252,,2022-11-14 09:23:00,MassDOT,5188818,SOMERVILLE,2022,2022-11-14,0,09:23:00,Local,0,0,0.0,42.40508177,-71.12501589,0,2022-11-14 09:23:00,25.195228647659995,0.0,0.82363339946638
329,MassDOT,5188813,SOMERVILLE,2022,2022-11-14,0,11:13:00,Local,0,0,0.0,42.40445959,-71.12348211,0,2022-11-14 11:13:00,SomervillePD,22065260,SOMERVILLE,2022,2022-11-14,0,11:13:00,,0,0,0.0,42.4045,-71.1235,,2022-11-14 11:13:00,4.7190967128828545,0.0,0.96696632300982
330,SomervillePD,22065263,SOMERVILLE,2022,2022-11-14,0,11:17:00,,0,0,0.0,42.3794,-71.1001,,2022-11-14 11:17:00,MassDOT,5188797,SOMERVILLE,2022,2022-11-14,0,11:17:00,Local,0,0,0.0,42.37936205,-71.10014542,0,2022-11-14 11:17:00,5.622690486473238,0.0,0.9606411665946872
331,SomervillePD,22065461,SOMERVILLE,2022,2022-11-15,0,14:11:00,,0,0,0.0,42.3795,-71.0931,,2022-11-15 14:11:00,MassDOT,5188809,SOMERVILLE,2022,2022-11-15,0,14:11:00,Local,0,0,0.0,42.37950675,-71.0930481,0,2022-11-15 14:11:00,4.321011541412729,0.0,0.9697529192101109
332,MassDOT,5188822,SOMERVILLE,2022,2022-11-15,0,15:42:00,Local,1,0,0.0,42.37601122,-71.10118164,0,2022-11-15 15:42:00,SomervillePD,22065470,SOMERVILLE,2022,2022-11-15,0,15:42:00,,1,0,0.0,42.376,-71.1012,,2022-11-15 15:42:00,1.9538818881011322,0.0,0.986322826783292
333,SomervillePD,22065487,SOMERVILLE,2022,2022-11-15,0,17:25:00,,0,0,0.0,42.3948,-71.0976,,2022-11-15 17:25:00,MassDOT,5188791,SOMERVILLE,2022,2022-11-15,0,17:25:00,Local,0,0,0.0,42.39472793,-71.09764916,0,2022-11-15 17:25:00,8.957481477389296,0.0,0.9372976296582749
334,MassDOT,5188811,SOMERVILLE,2022,2022-11-17,0,11:18:00,Local,0,0,0.0,42.39195895,-71.08025225,0,2022-11-17 11:18:00,SomervillePD,22065787,SOMERVILLE,2022,2022-11-17,0,11:18:00,,0,0,0.0,42.3915,-71.0804,,2022-11-17 11:18:00,52.363588788855935,0.0,0.6334548784780085
335,MassDOT,5188798,SOMERVILLE,2022,2022-11-18,0,15:02:00,Local,0,0,0.0,42.39064924,-71.09041881,0,2022-11-18 15:02:00,SomervillePD,22065975,SOMERVILLE,2022,2022-11-18,0,15:02:00,,0,0,0.0,42.3905,-71.0901,,2022-11-18 15:02:00,30.94391424396868,0.0,0.7833926002922192
336,SomervillePD,22066251,SOMERVILLE,2022,2022-11-20,0,05:12:00,,0,0,0.0,42.3797,-71.0957,,2022-11-20 05:12:00,MassDOT,5188792,SOMERVILLE,2022,2022-11-20,0,05:12:00,Local,0,0,0.0,42.37965891,-71.09565952,0,2022-11-20 05:12:00,5.640873343274487,0.0,0.9605138865970786
337,MassDOT,5188821,SOMERVILLE,2022,2022-11-21,2,18:19:00,Local,0,0,0.0,42.38229014,-71.11132695,0,2022-11-21 18:19:00,SomervillePD,22066517,SOMERVILLE,2022,2022-11-21,2,18:19:00,,0,0,0.0,42.3823,-71.1112,,2022-11-21 18:19:00,10.466224506276738,0.0,0.9267364284560626
338,MassDOT,5188805,SOMERVILLE,2022,2022-11-22,0,11:10:00,Local,0,0,0.0,42.39871086,-71.1205675,0,2022-11-22 11:10:00,SomervillePD,22066655,SOMERVILLE,2022,2022-11-22,0,11:10:00,,0,0,0.0,42.3988,-71.1211,,2022-11-22 11:10:00,44.75656208998424,0.0,0.6867040653701102
339,MassDOT,5188795,SOMERVILLE,2022,2022-11-22,2,19:27:00,Local,0,0,0.0,42.39763321,-71.12160942,0,2022-11-22 19:27:00,SomervillePD,22066737,SOMERVILLE,2022,2022-11-22,2,19:27:00,,0,0,0.0,42.3978,-71.1218,,2022-11-22 19:27:00,24.224128809435644,0.0,0.8304310983339505
340,SomervillePD,22066832,SOMERVILLE,2022,2022-11-23,2,12:22:00,,1,0,0.0,42.3859,-71.1139,,2022-11-23 12:22:00,MassDOT,5188807,SOMERVILLE,2022,2022-11-23,2,12:22:00,Local,1,0,0.0,42.38553721,-71.1137025,0,2022-11-23 12:22:00,43.40325500453576,0.0,0.6961772149682497
341,SomervillePD,22066980,SOMERVILLE,2022,2022-11-24,0,14:23:00,,0,0,0.0,42.4034,-71.1276,,2022-11-24 14:23:00,MassDOT,5188823,SOMERVILLE,2022,2022-11-24,0,14:23:00,Local,0,0,0.0,42.40345067,-71.12762013,0,2022-11-24 14:23:00,5.861384748792981,0.0,0.958970306758449
342,SomervillePD,22067807,SOMERVILLE,2022,2022-11-30,0,09:12:00,,0,0,0.0,42.3887,-71.1043,,2022-11-30 09:12:00,MassDOT,5188799,SOMERVILLE,2022,2022-11-30,0,09:12:00,Local,0,0,0.0,42.38871522,-71.10431609,0,2022-11-30 09:12:00,2.143407257389657,0.0,0.9849961491982724
343,MassDOT,5188790,SOMERVILLE,2022,2022-11-30,0,11:56:00,Local,0,0,0.0,42.40475378,-71.129699,0,2022-11-30 11:56:00,SomervillePD,22067832,SOMERVILLE,2022,2022-11-30,0,11:56:00,,0,0,0.0,42.4048,-71.1297,,2022-11-30 11:56:00,5.131074663466467,0.0,0.9640824773557348
344,BostonVisionZero,24995,BOSTON,2022,2022-12-01,,12:53:01,,1,0,,42.29868030969056,-71.08665732939623,,2022-12-01 12:53:01,MassDOT,5381960,BOSTON,2022,2022-12-01,2,12:59:00,Local,1,0,0.0,42.29814797,-71.0870246,0,2022-12-01 12:59:00,66.33859204504795,359.0,0.5057131890179976
345,MassDOT,5202719,SOMERVILLE,2022,2022-12-01,2,16:11:00,Local,0,0,1.0,42.38098764,-71.08755857,0,2022-12-01 16:11:00,SomervillePD,22068035,SOMERVILLE,2022,2022-12-01,2,16:11:00,,0,0,0.0,42.381,-71.0876,,2022-12-01 16:11:00,3.663575420043174,0.0,0.9743549720596978
346,MassDOT,5203015,SOMERVILLE,2022,2022-12-01,0,17:57:00,Local,0,0,0.0,42.40009181,-71.11271118,0,2022-12-01 17:57:00,SomervillePD,22068051,SOMERVILLE,2022,2022-12-01,0,17:57:00,,0,0,0.0,42.4001,-71.1127,,2022-12-01 17:57:00,1.2908316541476874,0.0,0.9909641784209662
347,MassDOT,5202715,SOMERVILLE,2022,2022-12-02,0,14:58:00,Local,0,0,0.0,42.39323961,-71.09285619,0,2022-12-02 14:58:00,SomervillePD,22068245,SOMERVILLE,2022,2022-12-02,0,14:58:00,,0,0,0.0,42.3934,-71.093,,2022-12-02 14:58:00,21.352788389904415,0.0,0.8505304812706691
348,SomervillePD,22068412,SOMERVILLE,2022,2022-12-03,2,11:38:00,,0,0,0.0,42.389,-71.0868,,2022-12-03 11:38:00,MassDOT,5202708,SOMERVILLE,2022,2022-12-03,2,11:38:00,Local,0,0,0.0,42.38908928,-71.08667704,0,2022-12-03 11:38:00,14.13607299463947,0.0,0.9010474890375237
349,SomervillePD,22068441,SOMERVILLE,2022,2022-12-03,0,15:15:00,,0,0,0.0,42.3933,-71.1116,,2022-12-03 15:15:00,MassDOT,5202730,SOMERVILLE,2022,2022-12-03,0,15:15:00,Local,0,0,0.0,42.39331866,-71.11159072,0,2022-12-03 15:15:00,2.206548770125599,0.0,0.9845541586091209
350,SomervillePD,22068516,SOMERVILLE,2022,2022-12-04,0,00:58:00,,0,0,0.0,42.3809,-71.0947,,2022-12-04 00:58:00,MassDOT,5202721,SOMERVILLE,2022,2022-12-04,0,00:58:00,Local,0,0,0.0,42.38070019,-71.09503961,0,2022-12-04 00:58:00,35.59906068651066,0.0,0.7508065751944253
351,SomervillePD,22068640,SOMERVILLE,2022,2022-12-04,2,20:18:00,,0,1,0.0,42.3746,-71.085,,2022-12-04 20:18:00,MassDOT,5202724,SOMERVILLE,2022,2022-12-04,2,20:18:00,Local,0,1,0.0,42.37528162,-71.08543528,0,2022-12-04 20:18:00,83.65673355031848,0.0,0.4144028651477707
352,MassDOT,5202725,SOMERVILLE,2022,2022-12-05,0,17:34:00,Local,0,0,0.0,42.38990329,-71.09665248,0,2022-12-05 17:34:00,SomervillePD,22068802,SOMERVILLE,2022,2022-12-05,0,17:34:00,,0,0,0.0,42.3898,-71.0965,,2022-12-05 17:34:00,16.9621620535574,0.0,0.8812648656250981
353,SomervillePD,22068806,SOMERVILLE,2022,2022-12-05,2,17:43:00,,1,0,0.0,42.4022,-71.1264,,2022-12-05 17:43:00,MassDOT,5202709,SOMERVILLE,2022,2022-12-05,2,17:43:00,Local,1,0,0.0,42.40210674,-71.12664512,0,2022-12-05 17:43:00,22.60146794983186,0.0,0.8417897243511769
354,MassDOT,5382872,BOSTON,2022,2022-12-06,0,15:36:00,Local,0,0,0.0,42.31732598,-71.09679897,0,2022-12-06 15:36:00,BostonVisionZero,16838,BOSTON,2022,2022-12-06,,16:32:13,,0,0,,42.31733445683931,-71.09678415476978,,2022-12-06 16:32:13,1.537517146420287,3373.0,0.7081540466417247
355,SomervillePD,22069375,SOMERVILLE,2022,2022-12-08,2,19:35:00,,0,0,0.0,42.395,-71.0915,,2022-12-08 19:35:00,MassDOT,5202710,SOMERVILLE,2022,2022-12-08,2,19:35:00,Local,0,0,0.0,42.39503891,-71.09152949,0,2022-12-08 19:35:00,4.949534058997291,0.0,0.9653532615870188
356,MassDOT,5202722,SOMERVILLE,2022,2022-12-09,0,12:09:00,Local,0,0,0.0,42.37943801,-71.09505401,0,2022-12-09 12:09:00,SomervillePD,22069472,SOMERVILLE,2022,2022-12-09,0,12:09:00,,0,0,0.0,42.3791,-71.0951,,2022-12-09 12:09:00,37.70813993906003,0.0,0.7360430204265798
357,MassDOT,5202728,SOMERVILLE,2022,2022-12-09,0,12:35:00,Local,0,1,0.0,42.39943451,-71.1189153,0,2022-12-09 12:35:00,SomervillePD,22069476,SOMERVILLE,2022,2022-12-09,0,12:35:00,,0,1,0.0,42.3994,-71.1189,,2022-12-09 12:35:00,4.030684190903129,0.0,0.971785210663678
358,MassDOT,5202717,SOMERVILLE,2022,2022-12-09,0,19:17:00,Local,0,0,0.0,42.39523495,-71.08376903,0,2022-12-09 19:17:00,SomervillePD,22069543,SOMERVILLE,2022,2022-12-09,0,19:17:00,,0,0,0.0,42.3947,-71.0828,,2022-12-09 19:17:00,99.17660292151322,0.0,0.3057637795494074
359,SomervillePD,22069885,SOMERVILLE,2022,2022-12-11,2,18:09:00,,0,1,0.0,42.3833,-71.0898,,2022-12-11 18:09:00,MassDOT,5202706,SOMERVILLE,2022,2022-12-11,0,19:02:00,Local,0,0,0.0,42.38331546,-71.08976851,0,2022-12-11 19:02:00,3.1001527488640863,3180.0,0.7132989307579514
360,MassDOT,5202706,SOMERVILLE,2022,2022-12-11,0,19:02:00,Local,0,0,0.0,42.38331546,-71.08976851,0,2022-12-11 19:02:00,SomervillePD,22069897,SOMERVILLE,2022,2022-12-11,0,19:02:00,,0,0,0.0,42.3833,-71.0898,,2022-12-11 19:02:00,3.1001522193824407,0.0,0.9782989344643229
361,SomervillePD,22069900,SOMERVILLE,2022,2022-12-11,0,19:08:00,,0,0,0.0,42.3914,-71.1071,,2022-12-11 19:08:00,MassDOT,5202726,SOMERVILLE,2022,2022-12-11,0,19:08:00,Local,0,0,0.0,42.39137232,-71.10714938,0,2022-12-11 19:08:00,5.082100325633896,0.0,0.9644252977205627
362,SomervillePD,22070336,SOMERVILLE,2022,2022-12-14,0,06:15:00,,0,0,0.0,42.4012,-71.1164,,2022-12-14 06:15:00,MassDOT,5202713,SOMERVILLE,2022,2022-12-14,0,06:15:00,Local,0,0,0.0,42.40119637,-71.11709246,0,2022-12-14 06:15:00,56.76028181636399,0.0,0.6026780272854521
363,MassDOT,5202737,SOMERVILLE,2022,2022-12-14,2,18:14:00,Local,0,1,0.0,42.38243596,-71.10339871,0,2022-12-14 18:14:00,SomervillePD,22070443,SOMERVILLE,2022,2022-12-14,2,18:14:00,,0,1,0.0,42.3825,-71.1034,,2022-12-14 18:14:00,7.109226843671537,0.0,0.9502354120942993
364,SomervillePD,22070563,SOMERVILLE,2022,2022-12-15,0,12:01:00,,0,0,0.0,42.3955,-71.1254,,2022-12-15 12:01:00,MassDOT,5202733,SOMERVILLE,2022,2022-12-15,0,12:01:00,Local,0,0,0.0,42.39546549,-71.12545415,0,2022-12-15 12:01:00,5.863236176982037,0.0,0.9589573467611257
365,MassDOT,5202720,SOMERVILLE,2022,2022-12-15,0,18:16:00,Local,0,0,0.0,42.37697163,-71.09558941,0,2022-12-15 18:16:00,SomervillePD,22070618,SOMERVILLE,2022,2022-12-15,0,18:16:00,,0,0,0.0,42.377,-71.0956,,2022-12-15 18:16:00,3.266603785528934,0.0,0.9771337735012975
366,SomervillePD,22070755,SOMERVILLE,2022,2022-12-16,2,11:34:00,,1,0,0.0,42.3807,-71.0886,,2022-12-16 11:34:00,MassDOT,5202729,SOMERVILLE,2022,2022-12-16,2,11:34:00,Local,1,0,0.0,42.38067121,-71.0886002,0,2022-12-16 11:34:00,3.195732074397145,0.0,0.9776298754792199
367,MassDOT,5202734,SOMERVILLE,2022,2022-12-17,2,00:00:00,Local,0,0,0.0,42.38870133,-71.0924165,0,2022-12-17 00:00:00,SomervillePD,22070855,SOMERVILLE,2022,2022-12-17,2,00:00:00,,0,0,0.0,42.3888,-71.0926,,2022-12-17 00:00:00,18.608450000632207,0.0,0.8697408499955745
368,MassDOT,5202738,SOMERVILLE,2022,2022-12-17,2,14:22:00,Local,0,1,0.0,42.39905242,-71.11975514,0,2022-12-17 14:22:00,SomervillePD,22070963,SOMERVILLE,2022,2022-12-17,2,14:22:00,,0,1,0.0,42.3991,-71.1197,,2022-12-17 14:22:00,6.951380484252587,0.0,0.9513403366102318
369,SomervillePD,22071048,SOMERVILLE,2022,2022-12-18,0,01:37:00,,0,0,0.0,42.379,-71.0924,,2022-12-18 01:37:00,MassDOT,5202711,SOMERVILLE,2022,2022-12-18,0,01:37:00,Local,0,0,0.0,42.37947595,-71.09248746,0,2022-12-18 01:37:00,53.314960002153896,0.0,0.6267952799849227
370,MassDOT,5202714,SOMERVILLE,2022,2022-12-19,2,08:19:00,Local,1,0,0.0,42.37897291,-71.10723514,0,2022-12-19 08:19:00,SomervillePD,22071254,SOMERVILLE,2022,2022-12-19,2,08:19:00,,1,0,0.0,42.3789,-71.1072,,2022-12-19 08:19:00,8.590630302196717,0.0,0.9398655878846229
371,MassDOT,5202735,SOMERVILLE,2022,2022-12-19,2,08:21:00,Local,0,1,0.0,42.38912135,-71.09714554,0,2022-12-19 08:21:00,SomervillePD,22071256,SOMERVILLE,2022,2022-12-19,2,08:21:00,,0,1,0.0,42.3891,-71.0972,,2022-12-19 08:21:00,5.054745862984469,0.0,0.9646167789591087
372,MassDOT,5202739,SOMERVILLE,2022,2022-12-23,0,03:38:00,Local,0,0,0.0,42.39419877,-71.12110716,0,2022-12-23 03:38:00,SomervillePD,22072009,SOMERVILLE,2022,2022-12-23,0,03:38:00,,0,0,0.0,42.3943,-71.1215,,2022-12-23 03:38:00,34.107550072890376,0.0,0.7612471494897673
373,SomervillePD,22072070,SOMERVILLE,2022,2022-12-23,2,13:26:00,,0,0,0.0,42.3973,-71.1043,,2022-12-23 13:26:00,MassDOT,5202732,SOMERVILLE,2022,2022-12-23,2,13:26:00,Local,0,0,0.0,42.39736101,-71.10439596,0,2022-12-23 13:26:00,10.379598080764742,0.0,0.9273428134346469
374,MassDOT,5202727,SOMERVILLE,2022,2022-12-23,0,13:57:00,Local,0,0,0.0,42.39470047,-71.08361999,0,2022-12-23 13:57:00,SomervillePD,22072076,SOMERVILLE,2022,2022-12-23,0,13:57:00,,0,0,0.0,42.3947,-71.0828,,2022-12-23 13:57:00,67.21908214110745,0.0,0.5294664250122478
375,SomervillePD,22072117,SOMERVILLE,2022,2022-12-23,0,17:03:00,,0,0,0.0,42.4067,-71.1323,,2022-12-23 17:03:00,MassDOT,5202716,SOMERVILLE,2022,2022-12-23,0,17:03:00,Local,0,0,0.0,42.40728145,-71.13317666,0,2022-12-23 17:03:00,96.58199443572272,0.0,0.323926038949941
376,SomervillePD,22072231,SOMERVILLE,2022,2022-12-24,0,09:06:00,,0,0,0.0,42.3858,-71.0937,,2022-12-24 09:06:00,MassDOT,5202707,SOMERVILLE,2022,2022-12-24,0,09:06:00,Local,0,0,0.0,42.38579013,-71.09373665,0,2022-12-24 09:06:00,3.198321133742765,0.0,0.9776117520638006
377,MassDOT,5202712,SOMERVILLE,2022,2022-12-27,0,13:06:00,Local,0,0,0.0,42.39072091,-71.10909956,0,2022-12-27 13:06:00,SomervillePD,22072614,SOMERVILLE,2022,2022-12-27,0,13:06:00,,0,0,0.0,42.39,-71.1096,,2022-12-27 13:06:00,89.92512328649029,0.0,0.37052413699456793
378,MassDOT,5202736,SOMERVILLE,2022,2022-12-27,2,14:01:00,Local,0,0,0.0,42.39479112,-71.08364536,0,2022-12-27 14:01:00,SomervillePD,22072621,SOMERVILLE,2022,2022-12-27,2,14:01:00,,0,0,0.0,42.3947,-71.0828,,2022-12-27 14:01:00,70.03289534011638,0.0,0.5097697326191852
379,SomervillePD,22072633,SOMERVILLE,2022,2022-12-27,2,15:22:00,,0,0,0.0,42.3799,-71.0899,,2022-12-27 15:22:00,MassDOT,5202723,SOMERVILLE,2022,2022-12-27,2,15:22:00,Local,0,0,0.0,42.38027714,-71.08979641,0,2022-12-27 15:22:00,42.7155426890698,0.0,0.7009912011765114
380,SomervillePD,22072806,SOMERVILLE,2022,2022-12-28,0,14:22:00,,0,0,0.0,42.3988,-71.1211,,2022-12-28 14:22:00,MassDOT,5203027,SOMERVILLE,2022,2022-12-28,0,14:22:00,Local,0,0,0.0,42.3986089,-71.12074091,0,2022-12-28 14:22:00,36.28156042711473,0.0,0.7460290770101969
381,MassDOT,5203029,SOMERVILLE,2022,2022-12-31,0,19:40:00,Local,0,0,0.0,42.37613951,-71.09617663,0,2022-12-31 19:40:00,SomervillePD,22073315,SOMERVILLE,2022,2022-12-31,0,19:40:00,,0,0,0.0,42.3763,-71.0964,,2022-12-31 19:40:00,25.550702387903147,0.0,0.8211450832846778
382,SomervillePD,23000328,SOMERVILLE,2023,2023-01-03,2,11:07:00,,1,0,0.0,42.4015,-71.1222,,2023-01-03 11:07:00,MassDOT,5223263,SOMERVILLE,2023,2023-01-03,2,11:07:00,Local,1,0,0.0,42.4014581,-71.12222455,0,2023-01-03 11:07:00,5.067557604363918,0.0,0.9645270967694526
383,SomervillePD,23000347,SOMERVILLE,2023,2023-01-03,0,13:45:00,,0,0,0.0,42.3881,-71.102,,2023-01-03 13:45:00,MassDOT,5223261,SOMERVILLE,2023,2023-01-03,0,13:45:00,Local,0,0,0.0,42.38795042,-71.1020292,0,2023-01-03 13:45:00,16.775075372585867,0.0,0.8825744723918989
384,BostonVisionZero,19631,BOSTON,2023,2023-01-03,,22:13:11,,0,0,,42.35858681990069,-71.05207015131951,,2023-01-03 22:13:11,MassDOT,5200609,BOSTON,2023,2023-01-03,0,22:19:00,State,0,0,0.0,42.35809883,-71.05137725,1,2023-01-03 22:19:00,78.51182619602031,349.0,0.4213338832945245
385,BostonVisionZero,19631,BOSTON,2023,2023-01-03,,22:13:11,,0,0,,42.35858681990069,-71.05207015131951,,2023-01-03 22:13:11,MassDOT,5200522,BOSTON,2023,2023-01-03,0,22:32:00,State,0,0,0.0,42.35809883,-71.05137725,1,2023-01-03 22:32:00,78.51182619602031,1129.0,0.35633388329452453
386,SomervillePD,23000697,SOMERVILLE,2023,2023-01-05,0,08:45:00,,0,0,0.0,42.395,-71.0859,,2023-01-05 08:45:00,MassDOT,5223258,SOMERVILLE,2023,2023-01-05,0,08:45:00,Local,0,0,0.0,42.39498113,-71.08587442,0,2023-01-05 08:45:00,2.9638331647053735,0.0,0.9792531678470624
387,SomervillePD,23000947,SOMERVILLE,2023,2023-01-06,0,15:22:00,,0,0,0.0,42.4011,-71.1175,,2023-01-06 15:22:00,MassDOT,5223264,SOMERVILLE,2023,2023-01-06,0,15:22:00,Local,0,0,0.0,42.40131995,-71.11655068,0,2023-01-06 15:22:00,81.55323626690752,0.0,0.4291273461316474
388,MassDOT,5223266,SOMERVILLE,2023,2023-01-06,2,17:47:00,Local,0,1,0.0,42.38010253,-71.09680673,0,2023-01-06 17:47:00,SomervillePD,23000962,SOMERVILLE,2023,2023-01-06,2,17:47:00,,0,1,0.0,42.38,-71.0971,,2023-01-06 17:47:00,26.603743822219144,0.0,0.813773793244466
389,SomervillePD,23001130,SOMERVILLE,2023,2023-01-07,0,19:45:00,,0,0,0.0,42.3957,-71.1205,,2023-01-07 19:45:00,MassDOT,5223267,SOMERVILLE,2023,2023-01-07,0,19:45:00,Local,0,0,0.0,42.3956945,-71.12047373,0,2023-01-07 19:45:00,2.2383264507449265,0.0,0.9843317148447854
390,SomervillePD,23001179,SOMERVILLE,2023,2023-01-08,0,02:15:00,,0,0,0.0,42.3962,-71.1101,,2023-01-08 02:15:00,MassDOT,5223265,SOMERVILLE,2023,2023-01-08,0,02:15:00,Local,0,0,0.0,42.39625718,-71.11026797,0,2023-01-08 02:15:00,15.161530014272158,0.0,0.8938692899000948
391,MassDOT,5223268,SOMERVILLE,2023,2023-01-08,2,10:25:00,Local,0,0,0.0,42.3990291,-71.11343319,0,2023-01-08 10:25:00,SomervillePD,23001220,SOMERVILLE,2023,2023-01-08,2,10:25:00,,0,0,0.0,42.399,-71.1135,,2023-01-08 10:25:00,6.358029311048774,0.0,0.9554937948226585
392,MassDOT,5223273,SOMERVILLE,2023,2023-01-09,0,00:26:00,Local,0,0,0.0,42.38116978,-71.09562466,0,2023-01-09 00:26:00,SomervillePD,23001329,SOMERVILLE,2023,2023-01-09,0,00:26:00,,0,0,0.0,42.3814,-71.095,,2023-01-09 00:26:00,57.23892725692525,0.0,0.5993275092015231
393,MassDOT,5223274,SOMERVILLE,2023,2023-01-11,2,16:47:00,Local,0,1,1.0,42.37664053,-71.10437868,0,2023-01-11 16:47:00,SomervillePD,23001811,SOMERVILLE,2023,2023-01-11,2,16:47:00,,0,0,1.0,42.3766,-71.1044,,2023-01-11 16:47:00,4.826566455368974,0.0,0.9662140348124171
394,SomervillePD,23001813,SOMERVILLE,2023,2023-01-11,0,17:10:00,,0,0,0.0,42.3872,-71.081,,2023-01-11 17:10:00,MassDOT,5223275,SOMERVILLE,2023,2023-01-11,0,17:10:00,Local,0,0,0.0,42.38675497,-71.08046305,0,2023-01-11 17:10:00,66.16744131354504,0.0,0.5368279108051847
395,MassDOT,5223271,SOMERVILLE,2023,2023-01-11,0,18:37:00,Local,0,0,0.0,42.38266021,-71.08910298,0,2023-01-11 18:37:00,SomervillePD,23001827,SOMERVILLE,2023,2023-01-11,0,18:37:00,,0,0,0.0,42.3827,-71.0889,,2023-01-11 18:37:00,17.21866282100585,0.0,0.8794693602529591
396,SomervillePD,23002252,SOMERVILLE,2023,2023-01-13,0,18:45:00,,0,0,0.0,42.386,-71.1103,,2023-01-13 18:45:00,MassDOT,5223272,SOMERVILLE,2023,2023-01-13,0,18:45:00,Local,0,0,0.0,42.3858626,-71.11007506,0,2023-01-13 18:45:00,23.931504207164608,0.0,0.8324794705498477
397,SomervillePD,23002379,SOMERVILLE,2023,2023-01-14,0,10:15:00,,0,0,0.0,42.4013,-71.1217,,2023-01-14 10:15:00,MassDOT,5223269,SOMERVILLE,2023,2023-01-14,0,10:15:00,Local,0,0,0.0,42.40132938,-71.12175045,0,2023-01-14 10:15:00,5.266440911200749,0.0,0.9631349136215948
398,SomervillePD,23003005,SOMERVILLE,2023,2023-01-18,0,14:01:00,,0,0,0.0,42.3967,-71.117,,2023-01-18 14:01:00,MassDOT,5223270,SOMERVILLE,2023,2023-01-18,0,14:01:00,Local,0,0,0.0,42.39688209,-71.11680212,0,2023-01-18 14:01:00,25.9159894997856,0.0,0.8185880735015008
399,SomervillePD,23003049,SOMERVILLE,2023,2023-01-18,0,18:22:00,,0,0,0.0,42.3942,-71.0876,,2023-01-18 18:22:00,MassDOT,5223262,SOMERVILLE,2023,2023-01-18,0,18:22:00,Local,0,0,0.0,42.39414498,-71.08719536,0,2023-01-18 18:22:00,33.72834455709657,0.0,0.7639015881003239
400,SomervillePD,23003185,SOMERVILLE,2023,2023-01-19,0,12:52:00,,0,0,0.0,42.3884,-71.1034,,2023-01-19 12:52:00,MassDOT,5223276,SOMERVILLE,2023,2023-01-19,0,12:52:00,Local,0,0,0.0,42.38841507,-71.10342838,0,2023-01-19 12:52:00,2.865602831111123,0.0,0.979940780182222
401,SomervillePD,23003197,SOMERVILLE,2023,2023-01-19,0,14:19:00,,0,0,0.0,42.3928,-71.1082,,2023-01-19 14:19:00,MassDOT,5223282,SOMERVILLE,2023,2023-01-19,0,14:19:00,Local,0,0,0.0,42.39283581,-71.10858503,0,2023-01-19 14:19:00,31.813268669373393,0.0,0.7773071193143861
402,SomervillePD,23003242,SOMERVILLE,2023,2023-01-19,2,18:56:00,,0,0,1.0,42.3974,-71.1237,,2023-01-19 18:56:00,MassDOT,5223278,SOMERVILLE,2023,2023-01-19,2,18:56:00,Local,0,1,1.0,42.39755863,-71.12338002,0,2023-01-19 18:56:00,31.59144871721049,0.0,0.7788598589795266
403,SomervillePD,23003646,SOMERVILLE,2023,2023-01-21,0,18:13:00,,0,0,0.0,42.3869,-71.1161,,2023-01-21 18:13:00,MassDOT,5223281,SOMERVILLE,2023,2023-01-21,0,18:13:00,Local,0,0,0.0,42.3869103,-71.11615302,0,2023-01-21 18:13:00,4.494718571637822,0.0,0.9685369699985351
404,MassDOT,5224796,SOMERVILLE,2023,2023-01-23,0,12:38:00,Local,0,0,0.0,42.39057763,-71.1087942,0,2023-01-23 12:38:00,SomervillePD,23003934,SOMERVILLE,2023,2023-01-23,0,12:38:00,,0,0,0.0,42.3907,-71.1086,,2023-01-23 12:38:00,20.927682131332325,0.0,0.8535062250806738
405,MassDOT,5224736,SOMERVILLE,2023,2023-01-23,0,15:28:00,Local,0,0,0.0,42.37528162,-71.08543528,0,2023-01-23 15:28:00,SomervillePD,23003966,SOMERVILLE,2023,2023-01-23,0,15:28:00,,0,0,0.0,42.3746,-71.085,,2023-01-23 15:28:00,83.65656826023665,0.0,0.41440402217834343
406,MassDOT,5223279,SOMERVILLE,2023,2023-01-23,0,21:36:00,Local,0,0,0.0,42.38588966,-71.10745026,0,2023-01-23 21:36:00,SomervillePD,23004017,SOMERVILLE,2023,2023-01-23,0,21:36:00,,0,0,0.0,42.386,-71.108,,2023-01-23 21:36:00,46.70598384694709,0.0,0.6730581130713704
407,SomervillePD,23004151,SOMERVILLE,2023,2023-01-24,2,15:25:00,,0,1,0.0,42.3933,-71.0932,,2023-01-24 15:25:00,MassDOT,5223277,SOMERVILLE,2023,2023-01-24,2,15:25:00,Local,0,1,0.0,42.3931028,-71.09295629,0,2023-01-24 15:25:00,29.635873372936953,0.0,0.7925488863894412
408,MassDOT,5223280,SOMERVILLE,2023,2023-01-25,0,07:47:00,Local,0,0,0.0,42.38616971,-71.11386968,0,2023-01-25 07:47:00,SomervillePD,23004276,SOMERVILLE,2023,2023-01-25,0,07:47:00,,0,0,0.0,42.3864,-71.1138,,2023-01-25 07:47:00,26.192784268441255,0.0,0.8166505101209112
409,SomervillePD,23004720,SOMERVILLE,2023,2023-01-27,0,13:08:00,,0,0,0.0,42.3802,-71.0862,,2023-01-27 13:08:00,MassDOT,5223290,SOMERVILLE,2023,2023-01-27,0,13:08:00,Local,0,0,0.0,42.38095598,-71.08684992,0,2023-01-27 13:08:00,99.40485672019435,0.0,0.30416600295863955
410,MassDOT,5223292,SOMERVILLE,2023,2023-01-27,2,16:26:00,Local,0,0,0.0,42.39246858,-71.08299946,0,2023-01-27 16:26:00,SomervillePD,23004745,SOMERVILLE,2023,2023-01-27,2,16:26:00,,0,0,0.0,42.3924,-71.0834,,2023-01-27 16:26:00,33.70647280601883,0.0,0.7640546903578682
411,SomervillePD,23004829,SOMERVILLE,2023,2023-01-28,2,02:26:00,,0,0,0.0,42.3767,-71.1049,,2023-01-28 02:26:00,MassDOT,5223287,SOMERVILLE,2023,2023-01-28,2,02:26:00,Local,0,0,0.0,42.37693318,-71.10472188,0,2023-01-28 02:26:00,29.719587407141614,0.0,0.7919628881500087
412,SomervillePD,23004874,SOMERVILLE,2023,2023-01-28,0,10:03:00,,0,0,0.0,42.3803,-71.1068,,2023-01-28 10:03:00,MassDOT,5223288,SOMERVILLE,2023,2023-01-28,0,10:03:00,Local,0,0,0.0,42.38032538,-71.1068467,0,2023-01-28 10:03:00,4.753815221280296,0.0,0.9667232934510379
413,MassDOT,5223291,SOMERVILLE,2023,2023-01-30,0,07:33:00,Local,0,0,0.0,42.38917194,-71.08718625,0,2023-01-30 07:33:00,SomervillePD,23005182,SOMERVILLE,2023,2023-01-30,0,07:33:00,,0,0,0.0,42.389,-71.0874,,2023-01-30 07:33:00,25.910108880268197,0.0,0.8186292378381226
414,MassDOT,5223284,SOMERVILLE,2023,2023-01-30,0,10:47:00,Local,0,0,0.0,42.38188686,-71.08248241,0,2023-01-30 10:47:00,SomervillePD,23005204,SOMERVILLE,2023,2023-01-30,0,10:47:00,,0,0,0.0,42.3821,-71.0826,,2023-01-30 10:47:00,25.547687196811253,0.0,0.8211661896223212
415,SomervillePD,23005231,SOMERVILLE,2023,2023-01-30,0,14:19:00,,0,0,0.0,42.389,-71.1164,,2023-01-30 14:19:00,MassDOT,5223293,SOMERVILLE,2023,2023-01-30,0,14:19:00,Local,0,0,0.0,42.38901554,-71.11641504,0,2023-01-30 14:19:00,2.120321597745254,0.0,0.9851577488157832
416,SomervillePD,23005588,SOMERVILLE,2023,2023-02-01,0,14:21:00,,0,0,0.0,42.3952,-71.0912,,2023-02-01 14:21:00,MassDOT,5232834,SOMERVILLE,2023,2023-02-01,0,14:21:00,Local,0,0,0.0,42.39523674,-71.09114867,0,2023-02-01 14:21:00,5.859738068733993,0.0,0.958981833518862
417,MassDOT,5232875,SOMERVILLE,2023,2023-02-01,0,23:24:00,Local,0,0,0.0,42.38877627,-71.09024923,0,2023-02-01 23:24:00,SomervillePD,23005662,SOMERVILLE,2023,2023-02-01,0,23:24:00,,0,0,0.0,42.3888,-71.0903,,2023-02-01 23:24:00,4.925723195695465,0.0,0.9655199376301318
418,MassDOT,5232868,SOMERVILLE,2023,2023-02-03,0,20:01:00,Local,0,0,0.0,42.39311145,-71.08847993,0,2023-02-03 20:01:00,SomervillePD,23006003,SOMERVILLE,2023,2023-02-03,0,20:01:00,,0,0,0.0,42.3934,-71.0884,,2023-02-03 20:01:00,32.692427862395384,0.0,0.7711530049632322
419,SomervillePD,23006024,SOMERVILLE,2023,2023-02-03,2,23:47:00,,0,0,0.0,42.405,-71.1185,,2023-02-03 23:47:00,MassDOT,5232877,SOMERVILLE,2023,2023-02-03,2,23:47:00,Local,0,0,0.0,42.40476296,-71.11850673,0,2023-02-03 23:47:00,26.31722140013351,0.0,0.8157794501990654
420,MassDOT,5232883,SOMERVILLE,2023,2023-02-04,0,15:37:00,Local,0,0,0.0,42.38080187,-71.09225942,0,2023-02-04 15:37:00,SomervillePD,23006194,SOMERVILLE,2023,2023-02-04,0,15:37:00,,0,0,0.0,42.3806,-71.0926,,2023-02-04 15:37:00,35.80399962246741,0.0,0.7493720026427281
421,MassDOT,5232837,SOMERVILLE,2023,2023-02-04,0,18:30:00,Local,0,0,0.0,42.39566247,-71.09956834,0,2023-02-04 18:30:00,SomervillePD,23006249,SOMERVILLE,2023,2023-02-04,0,18:30:00,,0,0,0.0,42.3957,-71.0996,,2023-02-04 18:30:00,4.90812994873659,0.0,0.9656430903588438
422,MassDOT,5232934,SOMERVILLE,2023,2023-02-06,0,22:45:00,Local,0,0,0.0,42.38704114,-71.0921971,0,2023-02-06 22:45:00,SomervillePD,23006812,SOMERVILLE,2023,2023-02-06,0,22:45:00,,0,0,0.0,42.3871,-71.0922,,2023-02-06 22:45:00,6.537784668060104,0.0,0.9542355073235793
423,SomervillePD,23007136,SOMERVILLE,2023,2023-02-08,0,12:29:00,,0,0,0.0,42.3997,-71.1133,,2023-02-08 12:29:00,MassDOT,5232842,SOMERVILLE,2023,2023-02-08,0,12:29:00,Local,0,0,0.0,42.39969033,-71.11298395,0,2023-02-08 12:29:00,25.928508646047714,0.0,0.8185004394776658
424,MassDOT,5232876,SOMERVILLE,2023,2023-02-08,0,15:25:00,Local,0,0,0.0,42.37840344,-71.09220177,0,2023-02-08 15:25:00,SomervillePD,23007168,SOMERVILLE,2023,2023-02-08,0,15:25:00,,0,0,0.0,42.378,-71.0921,,2023-02-08 15:25:00,45.55270611138437,0.0,0.6811310572203094
425,MassDOT,5232879,SOMERVILLE,2023,2023-02-09,0,09:31:00,Local,0,0,0.0,42.38024288,-71.09689185,0,2023-02-09 09:31:00,SomervillePD,23007290,SOMERVILLE,2023,2023-02-09,0,09:31:00,,0,0,0.0,42.3805,-71.0971,,2023-02-09 09:31:00,33.25412105422848,0.0,0.7672211526204007
426,MassDOT,5232882,SOMERVILLE,2023,2023-02-09,0,14:45:00,Local,0,0,0.0,42.37954669,-71.09726421,0,2023-02-09 14:45:00,SomervillePD,23007339,SOMERVILLE,2023,2023-02-09,0,14:45:00,,0,0,0.0,42.3796,-71.0973,,2023-02-09 14:45:00,6.605125155162178,0.0,0.9537641239138646
427,MassDOT,5232880,SOMERVILLE,2023,2023-02-09,0,22:16:00,Local,0,0,0.0,42.39845563,-71.12099444,0,2023-02-09 22:16:00,SomervillePD,23007410,SOMERVILLE,2023,2023-02-09,0,22:16:00,,0,0,0.0,42.3986,-71.1213,,2023-02-09 22:16:00,29.73468160006519,0.0,0.7918572287995437
428,SomervillePD,23007528,SOMERVILLE,2023,2023-02-10,2,13:46:00,,0,1,0.0,42.3796,-71.0964,,2023-02-10 13:46:00,MassDOT,5232886,SOMERVILLE,2023,2023-02-10,2,13:46:00,Local,0,1,0.0,42.37963533,-71.0963869,0,2023-02-10 13:46:00,4.066073294611769,0.0,0.9715374869377176
429,MassDOT,5232888,SOMERVILLE,2023,2023-02-11,0,03:42:00,Local,0,0,0.0,42.39622744,-71.12238428,0,2023-02-11 03:42:00,SomervillePD,23007675,SOMERVILLE,2023,2023-02-11,0,03:42:00,,0,0,0.0,42.396,-71.1225,,2023-02-11 03:42:00,26.969168786573356,0.0,0.8112158184939864
430,MassDOT,5232873,SOMERVILLE,2023,2023-02-11,0,10:28:00,Local,0,0,0.0,42.38426619,-71.08346875,0,2023-02-11 10:28:00,SomervillePD,23007706,SOMERVILLE,2023,2023-02-11,0,10:28:00,,0,0,0.0,42.3842,-71.0833,,2023-02-11 10:28:00,15.665414307581003,0.0,0.8903420998469329
431,SomervillePD,23007871,SOMERVILLE,2023,2023-02-12,0,12:03:00,,1,0,0.0,42.3937,-71.0892,,2023-02-12 12:03:00,MassDOT,5232878,SOMERVILLE,2023,2023-02-12,0,12:03:00,Local,1,0,0.0,42.39357929,-71.0890948,0,2023-02-12 12:03:00,15.93426289794681,0.0,0.8884601597143722
432,MassDOT,5232851,SOMERVILLE,2023,2023-02-14,2,15:12:00,Local,0,0,0.0,42.37882024,-71.10406437,0,2023-02-14 15:12:00,SomervillePD,23008256,SOMERVILLE,2023,2023-02-14,2,15:12:00,,0,0,0.0,42.3788,-71.1041,,2023-02-14 15:12:00,3.685471255770697,0.0,0.9742017012096051
433,SomervillePD,23008261,SOMERVILLE,2023,2023-02-14,2,16:16:00,,0,1,0.0,42.3985,-71.108,,2023-02-14 16:16:00,MassDOT,5232885,SOMERVILLE,2023,2023-02-14,2,16:16:00,Local,0,1,0.0,42.39848343,-71.10797992,0,2023-02-14 16:16:00,2.4682227929151423,0.0,0.982722440449594
434,MassDOT,5232892,SOMERVILLE,2023,2023-02-15,0,10:32:00,Local,0,0,0.0,42.39221884,-71.09250087,0,2023-02-15 10:32:00,SomervillePD,23008411,SOMERVILLE,2023,2023-02-15,0,10:32:00,,0,0,0.0,42.3923,-71.0919,,2023-02-15 10:32:00,50.07556360995378,0.0,0.6494710547303235
435,MassDOT,5232856,SOMERVILLE,2023,2023-02-16,0,13:10:00,Local,0,0,0.0,42.39570531,-71.10309712,0,2023-02-16 13:10:00,SomervillePD,23008670,SOMERVILLE,2023,2023-02-16,0,13:10:00,,0,0,0.0,42.3957,-71.1031,,2023-02-16 13:10:00,0.6349334922727172,0.0,0.995555465554091
436,SomervillePD,23008987,SOMERVILLE,2023,2023-02-17,0,20:03:00,,0,0,0.0,42.3944,-71.0848,,2023-02-17 20:03:00,MassDOT,5232860,SOMERVILLE,2023,2023-02-17,0,20:03:00,Local,0,0,0.0,42.39390663,-71.08437144,0,2023-02-17 20:03:00,65.0640517566968,0.0,0.5445516377031224
437,SomervillePD,23009154,SOMERVILLE,2023,2023-02-18,2,18:03:00,,0,0,0.0,42.4007,-71.1174,,2023-02-18 18:03:00,MassDOT,5232881,SOMERVILLE,2023,2023-02-18,2,18:03:00,Local,0,0,0.0,42.40119637,-71.11709246,0,2023-02-18 18:03:00,60.58998880265332,0.0,0.5758700783814267
438,SomervillePD,23009174,SOMERVILLE,2023,2023-02-18,2,21:24:00,,0,1,0.0,42.386,-71.0788,,2023-02-18 21:24:00,MassDOT,5232891,SOMERVILLE,2023,2023-02-18,2,21:24:00,Local,0,1,0.0,42.38611358,-71.07888878,0,2023-02-18 21:24:00,14.55770669754932,0.0,0.8980960531171547
439,MassDOT,5232884,SOMERVILLE,2023,2023-02-19,0,14:41:00,Local,0,0,0.0,42.37528162,-71.08543528,0,2023-02-19 14:41:00,SomervillePD,23009252,SOMERVILLE,2023,2023-02-19,0,14:41:00,,0,0,0.0,42.3746,-71.085,,2023-02-19 14:41:00,83.65656826023665,0.0,0.41440402217834343
440,MassDOT,5232889,SOMERVILLE,2023,2023-02-22,0,07:16:00,Local,0,0,0.0,42.38841507,-71.10342838,0,2023-02-22 07:16:00,SomervillePD,23009675,SOMERVILLE,2023,2023-02-22,0,07:16:00,,0,0,0.0,42.3884,-71.1034,,2023-02-22 07:16:00,2.8656023775787416,0.0,0.9799407833569487
441,SomervillePD,23009677,SOMERVILLE,2023,2023-02-22,2,07:29:00,,0,0,0.0,42.3851,-71.0947,,2023-02-22 07:29:00,MassDOT,5232862,SOMERVILLE,2023,2023-02-22,2,07:29:00,Local,0,0,0.0,42.38531575,-71.09460554,0,2023-02-22 07:29:00,25.16937234606829,0.0,0.823814393577522
442,MassDOT,5232894,SOMERVILLE,2023,2023-02-23,0,07:57:00,Local,0,0,1.0,42.39676502,-71.11651071,0,2023-02-23 07:57:00,SomervillePD,23009839,SOMERVILLE,2023,2023-02-23,0,07:57:00,,0,0,1.0,42.3966,-71.1166,,2023-02-23 07:57:00,19.725450848485682,0.0,0.8619218440606002
443,MassDOT,5232887,SOMERVILLE,2023,2023-02-23,2,16:16:00,Local,0,0,0.0,42.40441048,-71.13141224,0,2023-02-23 16:16:00,SomervillePD,23009905,SOMERVILLE,2023,2023-02-23,2,16:16:00,,0,0,0.0,42.4042,-71.132,,2023-02-23 16:16:00,53.54082481916703,0.0,0.6252142262658307
444,MassDOT,5232935,SOMERVILLE,2023,2023-02-23,0,17:45:00,Local,0,0,0.0,42.40870487,-71.1236989,0,2023-02-23 17:45:00,SomervillePD,23009918,SOMERVILLE,2023,2023-02-23,0,17:45:00,,0,0,0.0,42.4088,-71.1238,,2023-02-23 17:45:00,13.422265171907938,0.0,0.9060441437966444
445,MassDOT,5232893,SOMERVILLE,2023,2023-02-28,0,11:58:00,Local,0,0,0.0,42.37947595,-71.09248746,0,2023-02-28 11:58:00,SomervillePD,23010737,SOMERVILLE,2023,2023-02-28,0,11:58:00,,0,0,0.0,42.379,-71.0924,,2023-02-28 11:58:00,53.31495269068363,0.0,0.6267953311652146
446,SomervillePD,23010915,SOMERVILLE,2023,2023-03-01,0,12:37:00,,0,0,0.0,42.379,-71.0924,,2023-03-01 12:37:00,MassDOT,5242891,SOMERVILLE,2023,2023-03-01,0,12:37:00,Local,0,0,0.0,42.37947595,-71.09248746,0,2023-03-01 12:37:00,53.314960002153896,0.0,0.6267952799849227
447,SomervillePD,23011184,SOMERVILLE,2023,2023-03-02,0,20:02:00,,0,0,0.0,42.4001,-71.1127,,2023-03-02 20:02:00,MassDOT,5242898,SOMERVILLE,2023,2023-03-02,0,20:02:00,Local,0,0,0.0,42.40009181,-71.11271118,0,2023-03-02 20:02:00,1.2908315692295798,0.0,0.9909641790153929
448,SomervillePD,23011568,SOMERVILLE,2023,2023-03-05,0,01:46:00,,0,0,0.0,42.3799,-71.0968,,2023-03-05 01:46:00,MassDOT,5242889,SOMERVILLE,2023,2023-03-05,0,01:46:00,Local,0,0,0.0,42.3800553,-71.09669819,0,2023-03-05 01:46:00,19.153230951822287,0.0,0.8659273833372438
449,MassDOT,5242893,SOMERVILLE,2023,2023-03-05,2,20:25:00,Local,0,0,0.0,42.38699864,-71.09205629,0,2023-03-05 20:25:00,SomervillePD,23011670,SOMERVILLE,2023,2023-03-05,2,20:25:00,,0,0,1.0,42.3869,-71.0921,,2023-03-05 20:25:00,11.520571808980007,0.0,0.9193559973371399
450,MassDOT,5242901,SOMERVILLE,2023,2023-03-06,0,09:59:00,Local,0,0,0.0,42.38552277,-71.0996502,0,2023-03-06 09:59:00,SomervillePD,23011747,SOMERVILLE,2023,2023-03-06,0,09:59:00,,0,0,0.0,42.3855,-71.0996,,2023-03-06 09:59:00,4.829872480290361,0.0,0.9661908926379674
451,SomervillePD,23011993,SOMERVILLE,2023,2023-03-07,2,17:42:00,,0,1,0.0,42.3897,-71.106,,2023-03-07 17:42:00,MassDOT,5242892,SOMERVILLE,2023,2023-03-07,2,17:42:00,Local,0,1,0.0,42.38940752,-71.10621102,0,2023-03-07 17:42:00,36.78693929287507,0.0,0.7424914249498745
452,SomervillePD,23012176,SOMERVILLE,2023,2023-03-08,0,17:29:00,,0,0,0.0,42.3928,-71.0929,,2023-03-08 17:29:00,MassDOT,5242897,SOMERVILLE,2023,2023-03-08,0,17:29:00,Local,0,0,0.0,42.39255687,-71.09341686,0,2023-03-08 17:29:00,50.2357777423488,0.0,0.6483495558035584
453,SomervillePD,23012274,SOMERVILLE,2023,2023-03-09,0,07:27:00,,0,0,0.0,42.3939,-71.096,,2023-03-09 07:27:00,MassDOT,5242900,SOMERVILLE,2023,2023-03-09,0,07:27:00,Local,0,0,0.0,42.39392894,-71.09604913,0,2023-03-09 07:27:00,5.151692220324681,0.0,0.9639381544577272
454,SomervillePD,23012340,SOMERVILLE,2023,2023-03-09,0,15:18:00,,0,0,0.0,42.3908,-71.0912,,2023-03-09 15:18:00,MassDOT,5242903,SOMERVILLE,2023,2023-03-09,0,15:18:00,Local,0,0,0.0,42.39099086,-71.09096542,0,2023-03-09 15:18:00,28.612148954714403,0.0,0.7997149573169992
455,SomervillePD,23012533,SOMERVILLE,2023,2023-03-10,0,17:17:00,,0,0,0.0,42.3791,-71.0951,,2023-03-10 17:17:00,MassDOT,5242895,SOMERVILLE,2023,2023-03-10,0,17:17:00,Local,0,0,0.0,42.37943308,-71.09504242,0,2023-03-10 17:17:00,37.272117964405716,0.0,0.7390951742491599
456,MassDOT,5242906,SOMERVILLE,2023,2023-03-11,2,04:04:00,Local,0,0,0.0,42.38444098,-71.08888792,0,2023-03-11 04:04:00,SomervillePD,23012621,SOMERVILLE,2023,2023-03-11,2,04:04:00,,0,0,0.0,42.3847,-71.0889,,2023-03-11 04:04:00,28.768274090535222,0.0,0.7986220813662535
457,SomervillePD,23012813,SOMERVILLE,2023,2023-03-12,2,11:17:00,,0,0,1.0,42.392,-71.0998,,2023-03-12 11:17:00,MassDOT,5242915,SOMERVILLE,2023,2023-03-12,2,11:17:00,Local,0,0,1.0,42.39183737,-71.0999404,0,2023-03-12 11:17:00,21.409083049011386,0.0,0.8501364186569202
458,MassDOT,5242904,SOMERVILLE,2023,2023-03-12,0,12:19:00,Local,0,0,0.0,42.39479112,-71.08364536,0,2023-03-12 12:19:00,SomervillePD,23012819,SOMERVILLE,2023,2023-03-12,0,12:19:00,,0,0,0.0,42.3947,-71.0828,,2023-03-12 12:19:00,70.03289534011638,0.0,0.5097697326191852
459,MassDOT,5242899,SOMERVILLE,2023,2023-03-12,0,14:36:00,Local,0,0,0.0,42.40543731,-71.12583656,0,2023-03-12 14:36:00,SomervillePD,23012836,SOMERVILLE,2023,2023-03-12,0,14:36:00,,0,0,0.0,42.4054,-71.1258,,2023-03-12 14:36:00,5.111785435044708,0.0,0.964217501954687
460,SomervillePD,23012978,SOMERVILLE,2023,2023-03-13,0,09:49:00,,0,0,0.0,42.3946,-71.1047,,2023-03-13 09:49:00,MassDOT,5242911,SOMERVILLE,2023,2023-03-13,0,09:49:00,Local,0,0,0.0,42.39419994,-71.10520248,0,2023-03-13 09:49:00,60.569447671622456,0.0,0.5760138662986427
461,BostonVisionZero,32238,BOSTON,2023,2023-03-16,,06:26:51,,0,0,,42.36001455228721,-71.07199107122794,,2023-03-16 06:26:51,MassDOT,5235694,BOSTON,2023,2023-03-16,0,07:25:00,State,0,0,0.0,42.35969857,-71.07207596,0,2023-03-16 07:25:00,35.75844274441846,3489.0,0.4589409007890708
462,SomervillePD,23013571,SOMERVILLE,2023,2023-03-16,0,10:01:00,,0,0,0.0,42.3778,-71.0919,,2023-03-16 10:01:00,MassDOT,5242913,SOMERVILLE,2023,2023-03-16,0,10:01:00,Local,0,0,0.0,42.37790389,-71.0917374,0,2023-03-16 10:01:00,17.627981306410714,0.0,0.8766041308551249
463,MassDOT,5242909,SOMERVILLE,2023,2023-03-17,2,02:28:00,Local,0,0,0.0,42.38825746,-71.09273162,0,2023-03-17 02:28:00,SomervillePD,23013718,SOMERVILLE,2023,2023-03-17,2,02:28:00,,0,0,0.0,42.3884,-71.0929,,2023-03-17 02:28:00,20.997535820968736,0.0,0.8530172492532189
464,SomervillePD,23014236,SOMERVILLE,2023,2023-03-19,2,14:13:00,,0,0,0.0,42.403,-71.127,,2023-03-19 14:13:00,MassDOT,5242912,SOMERVILLE,2023,2023-03-19,2,14:13:00,Local,0,0,0.0,42.40298474,-71.12707181,0,2023-03-19 14:13:00,6.124764541662303,0.0,0.9571266482083638
465,MassDOT,5242928,SOMERVILLE,2023,2023-03-19,2,21:31:00,Local,0,0,0.0,42.38188686,-71.08248241,0,2023-03-19 21:31:00,SomervillePD,23014307,SOMERVILLE,2023,2023-03-19,2,21:31:00,,0,0,0.0,42.3821,-71.0826,,2023-03-19 21:31:00,25.547687196811253,0.0,0.8211661896223212
466,MassDOT,5242918,SOMERVILLE,2023,2023-03-20,0,07:34:00,Local,0,0,0.0,42.37437824,-71.09039482,0,2023-03-20 07:34:00,SomervillePD,23014390,SOMERVILLE,2023,2023-03-20,0,07:34:00,,0,0,0.0,42.3743,-71.0904,,2023-03-20 07:34:00,8.695021668327607,0.0,0.9391348483217068
467,SomervillePD,23014517,SOMERVILLE,2023,2023-03-20,0,16:32:00,,0,0,0.0,42.3889,-71.0869,,2023-03-20 16:32:00,MassDOT,5242908,SOMERVILLE,2023,2023-03-20,0,16:32:00,Local,0,0,0.0,42.38908928,-71.08667704,0,2023-03-20 16:32:00,27.84857394891832,0.0,0.8050599823575717
468,MassDOT,5242914,SOMERVILLE,2023,2023-03-21,2,14:12:00,Local,0,0,0.0,42.38675497,-71.08046305,0,2023-03-21 14:12:00,SomervillePD,23014726,SOMERVILLE,2023,2023-03-21,2,14:12:00,,0,0,0.0,42.3872,-71.081,,2023-03-21 14:12:00,66.16764894646239,0.0,0.5368264573747632
469,MassDOT,5242920,SOMERVILLE,2023,2023-03-21,2,17:25:00,Local,1,0,0.0,42.38364081,-71.10831008,0,2023-03-21 17:25:00,SomervillePD,23014767,SOMERVILLE,2023,2023-03-21,2,17:25:00,,1,0,0.0,42.3836,-71.1082,,2023-03-21 17:25:00,10.098456302441852,0.0,0.9293108058829069
470,MassDOT,5242907,SOMERVILLE,2023,2023-03-24,0,23:16:00,Local,0,0,0.0,42.39447109,-71.1165569,0,2023-03-24 23:16:00,SomervillePD,23015472,SOMERVILLE,2023,2023-03-24,0,23:16:00,,0,0,0.0,42.3944,-71.1164,,2023-03-24 23:16:00,15.089688658439556,0.0,0.894372179390923
471,SomervillePD,23015610,SOMERVILLE,2023,2023-03-25,0,16:13:00,,0,0,0.0,42.3949,-71.0811,,2023-03-25 16:13:00,MassDOT,5242917,SOMERVILLE,2023,2023-03-25,0,16:13:00,Local,0,0,0.0,42.39485011,-71.08105879,0,2023-03-25 16:13:00,6.486859108762306,0.0,0.9545919862386638
472,MassDOT,5242905,SOMERVILLE,2023,2023-03-26,2,21:23:00,Local,0,0,0.0,42.38202496,-71.08162103,0,2023-03-26 21:23:00,SomervillePD,23015855,SOMERVILLE,2023,2023-03-26,2,21:23:00,,0,0,0.0,42.3813,-71.0821,,2023-03-26 21:23:00,89.54205076768456,0.0,0.3732056446262081
473,MassDOT,5242919,SOMERVILLE,2023,2023-03-27,0,10:34:00,Local,0,0,0.0,42.39407166,-71.12061935,0,2023-03-27 10:34:00,SomervillePD,23015955,SOMERVILLE,2023,2023-03-27,0,10:34:00,,0,0,0.0,42.3941,-71.1206,,2023-03-27 10:34:00,3.5230442988240167,0.0,0.9753386899082319
474,SomervillePD,23016374,SOMERVILLE,2023,2023-03-29,0,12:24:00,,0,0,0.0,42.4026,-71.1266,,2023-03-29 12:24:00,MassDOT,5242902,SOMERVILLE,2023,2023-03-29,0,12:24:00,Local,0,0,0.0,42.40250405,-71.12681797,0,2023-03-29 12:24:00,20.799615427825515,0.0,0.8544026920052215
475,MassDOT,5242910,SOMERVILLE,2023,2023-03-29,2,14:44:00,Local,0,0,0.0,42.39407166,-71.12061935,0,2023-03-29 14:44:00,SomervillePD,23016396,SOMERVILLE,2023,2023-03-29,2,14:44:00,,0,0,0.0,42.3941,-71.1206,,2023-03-29 14:44:00,3.5230442988240167,0.0,0.9753386899082319
476,MassDOT,5242921,SOMERVILLE,2023,2023-03-29,2,15:40:00,Local,0,0,0.0,42.38288767,-71.09368888,0,2023-03-29 15:40:00,SomervillePD,23016407,SOMERVILLE,2023,2023-03-29,2,15:40:00,,0,0,0.0,42.3829,-71.0937,,2023-03-29 15:40:00,1.6445107479017038,0.0,0.9884884247646879
477,MassDOT,5253674,SOMERVILLE,2023,2023-04-01,0,05:26:00,Local,0,0,0.0,42.39496105,-71.09158651,0,2023-04-01 05:26:00,SomervillePD,23016998,SOMERVILLE,2023,2023-04-01,0,05:26:00,,0,0,0.0,42.395,-71.0915,,2023-04-01 05:26:00,8.305659269751569,0.0,0.9418603851117389
478,SomervillePD,23017405,SOMERVILLE,2023,2023-04-03,2,08:00:00,,0,0,0.0,42.4058,-71.1314,,2023-04-03 08:00:00,MassDOT,5253565,SOMERVILLE,2023,2023-04-03,2,08:00:00,Local,0,0,0.0,42.40582243,-71.1313179,0,2023-04-03 08:00:00,7.174826334983772,0.0,0.9497762156551135
479,MassDOT,5253568,SOMERVILLE,2023,2023-04-04,0,12:23:00,Local,0,0,0.0,42.40728145,-71.13317666,0,2023-04-04 12:23:00,SomervillePD,23017674,SOMERVILLE,2023,2023-04-04,0,12:23:00,,0,0,0.0,42.4067,-71.1323,,2023-04-04 12:23:00,96.58149899512424,0.0,0.3239295070341303
480,MassDOT,5253692,SOMERVILLE,2023,2023-04-04,0,18:17:00,Local,0,0,0.0,42.40849869,-71.12861584,0,2023-04-04 18:17:00,SomervillePD,23017738,SOMERVILLE,2023,2023-04-04,0,18:17:00,,0,0,0.0,42.4088,-71.1282,,2023-04-04 18:17:00,47.750627215000165,0.0,0.6657456094949988
481,SomervillePD,23017865,SOMERVILLE,2023,2023-04-05,0,08:44:00,,0,0,0.0,42.3985,-71.1241,,2023-04-05 08:44:00,MassDOT,5253693,SOMERVILLE,2023,2023-04-05,0,08:44:00,Local,0,0,0.0,42.39851827,-71.12415936,0,2023-04-05 08:44:00,5.271467578375515,0.0,0.9630997269513715
482,MassDOT,5253603,SOMERVILLE,2023,2023-04-07,0,16:15:00,Local,0,0,1.0,42.39367173,-71.11578668,0,2023-04-07 16:15:00,SomervillePD,23018432,SOMERVILLE,2023,2023-04-07,0,16:15:00,,0,0,1.0,42.3935,-71.116,,2023-04-07 16:15:00,25.868250844002173,0.0,0.8189222440919848
483,SomervillePD,23018555,SOMERVILLE,2023,2023-04-08,0,01:28:00,,0,0,0.0,42.3882,-71.0928,,2023-04-08 01:28:00,MassDOT,5253585,SOMERVILLE,2023,2023-04-08,0,01:28:00,Local,0,0,0.0,42.38818657,-71.09278195,0,2023-04-08 01:28:00,2.100503453623148,0.0,0.9852964758246379
484,SomervillePD,23018569,SOMERVILLE,2023,2023-04-08,0,03:14:00,,0,0,0.0,42.3965,-71.1076,,2023-04-08 03:14:00,MassDOT,5253588,SOMERVILLE,2023,2023-04-08,0,03:14:00,Local,0,0,0.0,42.39675664,-71.10653849,0,2023-04-08 03:14:00,91.55965594975547,0.0,0.3590824083517117
485,SomervillePD,23018613,SOMERVILLE,2023,2023-04-08,0,09:43:00,,0,0,0.0,42.3806,-71.0982,,2023-04-08 09:43:00,MassDOT,5253696,SOMERVILLE,2023,2023-04-08,0,09:43:00,Local,0,0,0.0,42.3806943,-71.09824826,0,2023-04-08 09:43:00,11.190282112566166,0.0,0.9216680252120368
486,SomervillePD,23018623,SOMERVILLE,2023,2023-04-08,2,10:09:00,,0,1,0.0,42.3928,-71.0929,,2023-04-08 10:09:00,MassDOT,5253607,SOMERVILLE,2023,2023-04-08,2,10:09:00,Local,0,1,0.0,42.39286837,-71.09311569,0,2023-04-08 10:09:00,19.24164410346904,0.0,0.8653084912757167
487,MassDOT,5253703,SOMERVILLE,2023,2023-04-08,0,17:57:00,Local,0,0,0.0,42.38779368,-71.10962326,0,2023-04-08 17:57:00,SomervillePD,23018685,SOMERVILLE,2023,2023-04-08,0,17:57:00,,0,0,0.0,42.3878,-71.1096,,2023-04-08 17:57:00,2.0319014580794894,0.0,0.9857766897934435
488,MassDOT,5253748,SOMERVILLE,2023,2023-04-08,2,18:32:00,Local,1,0,0.0,42.38018825,-71.1087094,0,2023-04-08 18:32:00,SomervillePD,23018692,SOMERVILLE,2023,2023-04-08,2,18:32:00,,1,0,0.0,42.3807,-71.1093,,2023-04-08 18:32:00,74.64443024653457,0.0,0.477488988274258
489,SomervillePD,23018837,SOMERVILLE,2023,2023-04-09,2,14:32:00,,0,1,0.0,42.3913,-71.0918,,2023-04-09 14:32:00,MassDOT,5253757,SOMERVILLE,2023,2023-04-09,2,14:32:00,Local,0,1,0.0,42.39147026,-71.09161892,0,2023-04-09 14:32:00,24.032032901174386,0.0,0.8317757696917794
490,SomervillePD,23019183,SOMERVILLE,2023,2023-04-11,0,04:30:00,,0,0,0.0,42.3992,-71.0958,,2023-04-11 04:30:00,MassDOT,5253701,SOMERVILLE,2023,2023-04-11,0,04:30:00,Local,0,0,0.0,42.39923206,-71.09585924,0,2023-04-11 04:30:00,6.020267094641952,0.0,0.9578581303375062
491,MassDOT,5253610,SOMERVILLE,2023,2023-04-12,0,09:22:00,Local,0,0,0.0,42.38455367,-71.11177474,0,2023-04-12 09:22:00,SomervillePD,23019485,SOMERVILLE,2023,2023-04-12,0,09:22:00,,0,0,0.0,42.3846,-71.1119,,2023-04-12 09:22:00,11.485540003616244,0.0,0.9196012199746861
492,SomervillePD,23019996,SOMERVILLE,2023,2023-04-14,0,07:56:00,,0,0,0.0,42.3828,-71.0958,,2023-04-14 07:56:00,MassDOT,5253592,SOMERVILLE,2023,2023-04-14,0,07:56:00,Local,0,0,0.0,42.38285392,-71.09576658,0,2023-04-14 07:56:00,6.582554659065748,0.0,0.9539221173865398
493,SomervillePD,23020343,SOMERVILLE,2023,2023-04-15,2,17:32:00,,0,0,0.0,42.3836,-71.1103,,2023-04-15 17:32:00,MassDOT,5253711,SOMERVILLE,2023,2023-04-15,2,17:32:00,Local,0,0,0.0,42.3840641,-71.11023774,0,2023-04-15 17:32:00,51.76739746490436,0.0,0.6376282177456694
494,SomervillePD,23021531,SOMERVILLE,2023,2023-04-21,0,11:26:00,,0,0,0.0,42.3967,-71.0824,,2023-04-21 11:26:00,MassDOT,5253715,SOMERVILLE,2023,2023-04-21,0,11:26:00,Local,0,0,0.0,42.39706431,-71.08281248,0,2023-04-21 11:26:00,52.71173821897443,0.0,0.6310178324671789
495,MassDOT,5253613,SOMERVILLE,2023,2023-04-22,0,00:29:00,Local,0,0,0.0,42.39500228,-71.08016422,0,2023-04-22 00:29:00,SomervillePD,23021630,SOMERVILLE,2023,2023-04-22,0,00:29:00,,0,0,0.0,42.3955,-71.08,,2023-04-22 00:29:00,56.86339916648817,0.0,0.6019562058345828
496,MassDOT,5253599,SOMERVILLE,2023,2023-04-22,0,10:03:00,Local,0,0,0.0,42.38704114,-71.0921971,0,2023-04-22 10:03:00,SomervillePD,23021701,SOMERVILLE,2023,2023-04-22,0,10:03:00,,0,0,0.0,42.3871,-71.0922,,2023-04-22 10:03:00,6.537784668060104,0.0,0.9542355073235793
497,SomervillePD,23021863,SOMERVILLE,2023,2023-04-23,2,03:05:00,,0,0,0.0,42.3925,-71.1006,,2023-04-23 03:05:00,MassDOT,5253584,SOMERVILLE,2023,2023-04-23,2,03:05:00,Local,0,0,0.0,42.39247784,-71.10057323,0,2023-04-23 03:05:00,3.2964395216640234,0.0,0.9769249233483519
498,SomervillePD,23022123,SOMERVILLE,2023,2023-04-24,2,12:13:00,,0,0,0.0,42.4087,-71.1265,,2023-04-24 12:13:00,MassDOT,5253580,SOMERVILLE,2023,2023-04-24,2,12:13:00,Local,0,0,0.0,42.40875983,-71.12650841,0,2023-04-24 12:13:00,6.676802140553906,0.0,0.9532623850161226
499,SomervillePD,23022329,SOMERVILLE,2023,2023-04-25,0,08:45:00,,0,0,0.0,42.381,-71.0886,,2023-04-25 08:45:00,MassDOT,5253717,SOMERVILLE,2023,2023-04-25,0,08:45:00,Local,0,0,0.0,42.38067121,-71.0886002,0,2023-04-25 08:45:00,36.49569368394702,0.0,0.7445301442123708
500,MassDOT,5253609,SOMERVILLE,2023,2023-04-27,0,15:39:00,Local,0,0,0.0,42.37820478,-71.09163457,0,2023-04-27 15:39:00,SomervillePD,23022857,SOMERVILLE,2023,2023-04-27,0,15:39:00,,0,0,0.0,42.378,-71.0916,,2023-04-27 15:39:00,22.90664601672493,0.0,0.8396534778829254
501,BostonVisionZero,41232,BOSTON,2023,2023-04-27,,17:51:54,,0,0,,42.296650356339605,-71.04644259399676,,2023-04-27 17:51:54,MassDOT,5253388,BOSTON,2023,2023-04-27,0,18:13:00,State,0,0,0.0,42.29628572,-71.04622112,0,2023-04-27 18:13:00,44.37167506615034,1266.0,0.5838982745369475
502,SomervillePD,23022979,SOMERVILLE,2023,2023-04-28,0,07:13:00,,0,0,0.0,42.3901,-71.0965,,2023-04-28 07:13:00,MassDOT,5253619,SOMERVILLE,2023,2023-04-28,0,07:13:00,Local,0,0,0.0,42.39007801,-71.09653638,0,2023-04-28 07:13:00,3.8539806616031043,0.0,0.9730221353687782
503,MassDOT,5253754,SOMERVILLE,2023,2023-04-30,2,22:21:00,Local,0,0,0.0,42.37850351,-71.09249497,0,2023-04-30 22:21:00,SomervillePD,23023529,SOMERVILLE,2023,2023-04-30,2,22:21:00,,0,0,0.0,42.379,-71.0924,,2023-04-30 22:21:00,55.657846380801224,0.0,0.6103950753343914
504,MassDOT,5265249,SOMERVILLE,2023,2023-05-02,2,10:05:00,Local,0,0,0.0,42.40662592,-71.12838536,0,2023-05-02 10:05:00,SomervillePD,23023795,SOMERVILLE,2023,2023-05-02,2,10:05:00,,0,0,0.0,42.4066,-71.1289,,2023-05-02 10:05:00,42.27784747408786,0.0,0.704055067681385
505,MassDOT,5347592,BOSTON,2023,2023-05-02,0,12:21:00,Local,0,0,0.0,42.29975615,-71.06030634,0,2023-05-02 12:21:00,BostonVisionZero,18157,BOSTON,2023,2023-05-02,,13:06:42,,0,0,,42.29979190638511,-71.06029177971541,,2023-05-02 13:06:42,4.145068301999414,2742.0,0.7424845218860041
506,MassDOT,5265236,SOMERVILLE,2023,2023-05-02,0,18:04:00,Local,0,0,0.0,42.3935284,-71.09094257,0,2023-05-02 18:04:00,SomervillePD,23023880,SOMERVILLE,2023,2023-05-02,0,18:04:00,,0,0,0.0,42.3937,-71.0907,,2023-05-02 18:04:00,27.535988349702706,0.0,0.807248081552081
507,MassDOT,5265252,SOMERVILLE,2023,2023-05-07,0,01:25:00,Local,0,0,0.0,42.3840641,-71.11023774,0,2023-05-07 01:25:00,SomervillePD,23024800,SOMERVILLE,2023,2023-05-07,0,01:25:00,,0,0,0.0,42.3836,-71.1103,,2023-05-07 01:25:00,51.767393743958365,0.0,0.6376282437922913
508,SomervillePD,23025500,SOMERVILLE,2023,2023-05-10,0,08:11:00,,0,0,0.0,42.3963,-71.1228,,2023-05-10 08:11:00,MassDOT,5265250,SOMERVILLE,2023,2023-05-10,0,08:11:00,Local,0,0,0.0,42.39636113,-71.12246272,0,2023-05-10 08:11:00,28.46845401739981,0.0,0.8007208218782014
509,SomervillePD,23025506,SOMERVILLE,2023,2023-05-10,2,08:39:00,,1,0,0.0,42.3802,-71.1087,,2023-05-10 08:39:00,MassDOT,5265258,SOMERVILLE,2023,2023-05-10,2,08:39:00,Local,1,0,0.0,42.38018825,-71.1087094,0,2023-05-10 08:39:00,1.514965215284686,0.0,0.9893952434930071
510,SomervillePD,23025562,SOMERVILLE,2023,2023-05-10,0,14:01:00,,0,0,0.0,42.3809,-71.0965,,2023-05-10 14:01:00,MassDOT,5265246,SOMERVILLE,2023,2023-05-10,0,14:01:00,Local,0,0,0.0,42.38041316,-71.09680114,0,2023-05-10 14:01:00,59.41305065442386,0.0,0.584108645419033
511,SomervillePD,23025782,SOMERVILLE,2023,2023-05-11,0,11:07:00,,0,0,0.0,42.3921,-71.093,,2023-05-11 11:07:00,MassDOT,5265251,SOMERVILLE,2023,2023-05-11,0,11:07:00,Local,0,0,0.0,42.39211753,-71.09258283,0,2023-05-11 11:07:00,34.25443318711498,0.0,0.7602189676901951
512,SomervillePD,23026130,SOMERVILLE,2023,2023-05-12,2,17:45:00,,0,0,0.0,42.4061,-71.132,,2023-05-12 17:45:00,MassDOT,5265261,SOMERVILLE,2023,2023-05-12,2,17:45:00,Local,0,0,0.0,42.40614992,-71.13202276,0,2023-05-12 17:45:00,5.846692444139385,0.0,0.9590731528910241
513,MassDOT,5265262,SOMERVILLE,2023,2023-05-13,0,15:28:00,Local,0,0,0.0,42.39065823,-71.11059658,0,2023-05-13 15:28:00,SomervillePD,23026313,SOMERVILLE,2023,2023-05-13,0,15:28:00,,0,0,0.0,42.391,-71.1106,,2023-05-13 15:28:00,37.93750605551279,0.0,0.7344374576114104
514,MassDOT,5265264,SOMERVILLE,2023,2023-05-14,0,13:22:00,Local,0,0,0.0,42.4053771,-71.1305242,0,2023-05-14 13:22:00,SomervillePD,23026490,SOMERVILLE,2023,2023-05-14,0,13:22:00,,0,0,0.0,42.4055,-71.1304,,2023-05-14 13:22:00,17.021342785926528,0.0,0.8808506004985142
515,SomervillePD,23026617,SOMERVILLE,2023,2023-05-15,0,08:12:00,,0,0,0.0,42.3959,-71.1213,,2023-05-15 08:12:00,MassDOT,5265263,SOMERVILLE,2023,2023-05-15,0,08:12:00,Local,0,0,0.0,42.39578905,-71.12069178,0,2023-05-15 08:12:00,51.35666349548942,0.0,0.640503355531574
516,SomervillePD,23026716,SOMERVILLE,2023,2023-05-15,0,14:43:00,,0,0,0.0,42.3965,-71.1218,,2023-05-15 14:43:00,MassDOT,5265260,SOMERVILLE,2023,2023-05-15,0,14:43:00,Local,0,0,0.0,42.39648884,-71.12230871,0,2023-05-15 14:43:00,41.71893854702683,0.0,0.7079674301708121
517,MassDOT,5265267,SOMERVILLE,2023,2023-05-15,2,17:39:00,Local,1,0,0.0,42.39599433,-71.08094324,0,2023-05-15 17:39:00,SomervillePD,23026758,SOMERVILLE,2023,2023-05-15,2,17:39:00,,1,0,0.0,42.3958,-71.0809,,2023-05-15 17:39:00,21.8599150334261,0.0,0.8469805947660172
518,MassDOT,5265270,SOMERVILLE,2023,2023-05-16,2,08:23:00,Local,1,0,0.0,42.38322517,-71.10649932,0,2023-05-16 08:23:00,SomervillePD,23026867,SOMERVILLE,2023,2023-05-16,2,08:23:00,,1,0,0.0,42.3827,-71.107,,2023-05-16 08:23:00,71.29767341098115,0.0,0.500916286123132
519,SomervillePD,23026969,SOMERVILLE,2023,2023-05-16,0,17:12:00,,0,0,0.0,42.3937,-71.096,,2023-05-16 17:12:00,MassDOT,5265268,SOMERVILLE,2023,2023-05-16,0,17:12:00,Local,0,0,0.0,42.39380608,-71.09580722,0,2023-05-16 17:12:00,19.707811829816585,0.0,0.8620453171912839
520,SomervillePD,23027187,SOMERVILLE,2023,2023-05-17,0,15:47:00,,0,0,0.0,42.3872,-71.0854,,2023-05-17 15:47:00,MassDOT,5265256,SOMERVILLE,2023,2023-05-17,0,15:47:00,Local,0,0,0.0,42.38698121,-71.08539397,0,2023-05-17 15:47:00,24.29072130629353,0.0,0.8299649508559452
521,MassDOT,5265235,SOMERVILLE,2023,2023-05-17,0,17:11:00,Local,0,0,0.0,42.40507373,-71.11673492,0,2023-05-17 17:11:00,SomervillePD,23027203,SOMERVILLE,2023,2023-05-17,0,17:11:00,,0,0,0.0,42.405,-71.117,,2023-05-17 17:11:00,23.216752523261974,0.0,0.8374827323371661
522,SomervillePD,23027262,SOMERVILLE,2023,2023-05-17,2,21:02:00,,0,0,0.0,42.3938,-71.0804,,2023-05-17 21:02:00,MassDOT,5265269,SOMERVILLE,2023,2023-05-17,2,21:02:00,Local,0,0,0.0,42.39394397,-71.08080912,0,2023-05-17 21:02:00,37.15101992796262,0.0,0.7399428605042617
523,MassDOT,5265280,SOMERVILLE,2023,2023-05-18,0,06:19:00,Local,0,0,0.0,42.3953761,-71.1256067,0,2023-05-18 06:19:00,SomervillePD,23027312,SOMERVILLE,2023,2023-05-18,0,06:19:00,,0,0,0.0,42.3955,-71.1259,,2023-05-18 06:19:00,27.69864776404324,0.0,0.8061094656516974
524,SomervillePD,23027321,SOMERVILLE,2023,2023-05-18,0,07:31:00,,0,0,0.0,42.3987,-71.1097,,2023-05-18 07:31:00,MassDOT,5265272,SOMERVILLE,2023,2023-05-18,0,07:31:00,Local,0,0,0.0,42.39894203,-71.10934695,0,2023-05-18 07:31:00,39.487289517304276,0.0,0.7235889733788701
525,SomervillePD,23027455,SOMERVILLE,2023,2023-05-18,2,17:39:00,,1,0,0.0,42.3748,-71.1026,,2023-05-18 17:39:00,MassDOT,5265281,SOMERVILLE,2023,2023-05-18,2,17:39:00,Local,1,0,0.0,42.37503718,-71.10243473,0,2023-05-18 17:39:00,29.610418610286438,0.0,0.7927270697279949
526,MassDOT,5265273,SOMERVILLE,2023,2023-05-19,2,16:50:00,Local,0,0,0.0,42.40922747,-71.12617858,0,2023-05-19 16:50:00,SomervillePD,23027667,SOMERVILLE,2023,2023-05-19,2,16:50:00,,0,0,0.0,42.4092,-71.1257,,2023-05-19 16:50:00,39.341078313749684,0.0,0.7246124518037522
527,SomervillePD,23027836,SOMERVILLE,2023,2023-05-20,0,12:55:00,,0,0,0.0,42.3897,-71.106,,2023-05-20 12:55:00,MassDOT,5265276,SOMERVILLE,2023,2023-05-20,0,12:55:00,Local,0,0,0.0,42.38940752,-71.10621102,0,2023-05-20 12:55:00,36.78693929287507,0.0,0.7424914249498745
528,MassDOT,5265255,SOMERVILLE,2023,2023-05-21,0,14:47:00,Local,0,0,0.0,42.40875983,-71.12650841,0,2023-05-21 14:47:00,SomervillePD,23028025,SOMERVILLE,2023,2023-05-21,0,14:47:00,,0,0,0.0,42.4087,-71.1265,,2023-05-21 14:47:00,6.6768020726872,0.0,0.9532623854911897
529,SomervillePD,23028141,SOMERVILLE,2023,2023-05-22,0,07:36:00,,0,0,0.0,42.3957,-71.126,,2023-05-22 07:36:00,MassDOT,5265275,SOMERVILLE,2023,2023-05-22,0,07:36:00,Local,0,0,0.0,42.39558321,-71.12558563,0,2023-05-22 07:36:00,36.35735583532357,0.0,0.745498509152735
530,MassDOT,5265254,SOMERVILLE,2023,2023-05-24,0,07:37:00,Local,0,0,0.0,42.37528162,-71.08543528,0,2023-05-24 07:37:00,SomervillePD,23028583,SOMERVILLE,2023,2023-05-24,0,07:37:00,,0,0,0.0,42.3746,-71.085,,2023-05-24 07:37:00,83.65656826023665,0.0,0.41440402217834343
531,SomervillePD,23028665,SOMERVILLE,2023,2023-05-24,2,15:08:00,,1,0,0.0,42.388,-71.0879,,2023-05-24 15:08:00,MassDOT,5265274,SOMERVILLE,2023,2023-05-24,2,15:08:00,Local,1,0,0.0,42.38798779,-71.0878393,0,2023-05-24 15:08:00,5.157697153824443,0.0,0.9638961199232288
532,MassDOT,5265277,SOMERVILLE,2023,2023-05-25,2,08:06:00,Local,1,0,0.0,42.38127102,-71.09976497,0,2023-05-25 08:06:00,SomervillePD,23028812,SOMERVILLE,2023,2023-05-25,2,08:06:00,,1,0,0.0,42.3813,-71.0998,,2023-05-25 08:06:00,4.312457806791391,0.0,0.9698127953524602
533,MassDOT,5265259,SOMERVILLE,2023,2023-05-25,0,19:33:00,Local,0,0,0.0,42.3780264,-71.08091801,0,2023-05-25 19:33:00,SomervillePD,23028955,SOMERVILLE,2023,2023-05-25,0,19:33:00,,0,0,0.0,42.378,-71.0803,,2023-05-25 19:33:00,50.759773039145664,0.0,0.6446815887259804
534,MassDOT,5265266,SOMERVILLE,2023,2023-05-27,2,12:40:00,Local,0,0,0.0,42.37528162,-71.08543528,0,2023-05-27 12:40:00,SomervillePD,23029301,SOMERVILLE,2023,2023-05-27,2,12:40:00,,0,0,0.0,42.3746,-71.085,,2023-05-27 12:40:00,83.65656826023665,0.0,0.41440402217834343
535,MassDOT,5265312,SOMERVILLE,2023,2023-05-29,0,22:06:00,Local,0,0,0.0,42.38975657,-71.11123155,0,2023-05-29 22:06:00,SomervillePD,23029745,SOMERVILLE,2023,2023-05-29,0,22:06:00,,0,0,0.0,42.39,-71.1108,,2023-05-29 22:06:00,44.51757668828208,0.0,0.6883769631820253
536,MassDOT,5265257,SOMERVILLE,2023,2023-05-30,0,13:39:00,Local,0,0,0.0,42.38436229,-71.10040271,0,2023-05-30 13:39:00,SomervillePD,23029876,SOMERVILLE,2023,2023-05-30,0,13:39:00,,0,0,0.0,42.3844,-71.1004,,2023-05-30 13:39:00,4.191702971212958,0.0,0.9706580792015091
537,SomervillePD,23030536,SOMERVILLE,2023,2023-06-02,0,07:26:00,,0,0,0.0,42.3949,-71.0811,,2023-06-02 07:26:00,MassDOT,5275851,SOMERVILLE,2023,2023-06-02,0,07:26:00,Local,0,0,0.0,42.39485011,-71.08105879,0,2023-06-02 07:26:00,6.486859108762306,0.0,0.9545919862386638
538,MassDOT,5275852,SOMERVILLE,2023,2023-06-02,0,15:46:00,Local,0,0,1.0,42.39693966,-71.12435945,0,2023-06-02 15:46:00,SomervillePD,23030643,SOMERVILLE,2023,2023-06-02,0,15:46:00,,0,0,1.0,42.3968,-71.1244,,2023-06-02 15:46:00,15.854619247581327,0.0,0.8890176652669306
539,SomervillePD,23030807,SOMERVILLE,2023,2023-06-03,2,10:44:00,,0,0,0.0,42.3783,-71.1064,,2023-06-03 10:44:00,MassDOT,5275855,SOMERVILLE,2023,2023-06-03,2,10:44:00,Local,0,0,0.0,42.37828634,-71.10638278,0,2023-06-03 10:44:00,2.071895228438753,0.0,0.9854967334009286
540,SomervillePD,23030951,SOMERVILLE,2023,2023-06-04,2,00:18:00,,0,0,0.0,42.3983,-71.1084,,2023-06-04 00:18:00,MassDOT,5275853,SOMERVILLE,2023,2023-06-04,2,00:18:00,Local,0,0,0.0,42.39853818,-71.10814312,0,2023-06-04 00:18:00,33.79865803234125,0.0,0.7634093937736112
541,SomervillePD,23031177,SOMERVILLE,2023,2023-06-04,0,15:40:00,,0,0,0.0,42.3922,-71.1124,,2023-06-04 15:40:00,MassDOT,5275862,SOMERVILLE,2023,2023-06-04,0,15:40:00,Local,0,0,0.0,42.39221947,-71.11238935,0,2023-06-04 15:40:00,2.330861018216273,0.0,0.983683972872486
542,SomervillePD,23032398,SOMERVILLE,2023,2023-06-11,0,04:14:00,,0,0,0.0,42.387,-71.0931,,2023-06-11 04:14:00,MassDOT,5276193,SOMERVILLE,2023,2023-06-11,0,04:14:00,Local,0,0,0.0,42.38710482,-71.09326996,0,2023-06-11 04:14:00,18.153161659467987,0.0,0.872927868383724
543,SomervillePD,23032419,SOMERVILLE,2023,2023-06-11,0,07:40:00,,0,0,0.0,42.3941,-71.1168,,2023-06-11 07:40:00,MassDOT,5275878,SOMERVILLE,2023,2023-06-11,0,07:40:00,Local,0,0,0.0,42.39410799,-71.11681053,0,2023-06-11 07:40:00,1.237620790245184,0.0,0.9913366544682836
544,MassDOT,5275866,SOMERVILLE,2023,2023-06-11,0,12:50:00,Local,0,0,0.0,42.38143547,-71.08796033,0,2023-06-11 12:50:00,SomervillePD,23032473,SOMERVILLE,2023,2023-06-11,0,12:50:00,,0,0,0.0,42.3815,-71.0877,,2023-06-11 12:50:00,22.514949969503355,0.0,0.8423953502134764
545,MassDOT,5275863,SOMERVILLE,2023,2023-06-11,0,13:12:00,Local,0,0,0.0,42.40023671,-71.11772586,0,2023-06-11 13:12:00,SomervillePD,23032480,SOMERVILLE,2023,2023-06-11,0,13:12:00,,0,0,0.0,42.4004,-71.1178,,2023-06-11 13:12:00,19.11685012828735,0.0,0.8661820491019885
546,MassDOT,5275858,SOMERVILLE,2023,2023-06-11,2,16:49:00,Local,0,1,0.0,42.38981457,-71.08824658,0,2023-06-11 16:49:00,SomervillePD,23032528,SOMERVILLE,2023,2023-06-11,2,16:49:00,,0,1,0.0,42.3898,-71.0882,,2023-06-11 16:49:00,4.1470642889548435,0.0,0.970970549977316
547,MassDOT,5275881,SOMERVILLE,2023,2023-06-11,0,23:57:00,Local,0,0,0.0,42.39589829,-71.10609606,0,2023-06-11 23:57:00,SomervillePD,23032593,SOMERVILLE,2023,2023-06-11,0,23:57:00,,0,0,0.0,42.396,-71.1063,,2023-06-11 23:57:00,20.17283371422331,0.0,0.8587901640004367
548,MassDOT,5275874,SOMERVILLE,2023,2023-06-12,2,09:45:00,Local,0,1,1.0,42.38112185,-71.09938407,0,2023-06-12 09:45:00,SomervillePD,23032659,SOMERVILLE,2023,2023-06-12,2,09:45:00,,0,0,1.0,42.3812,-71.0992,,2023-06-12 09:45:00,17.40783599646993,0.0,0.8781451480247104
549,SomervillePD,23032722,SOMERVILLE,2023,2023-06-12,0,13:53:00,,0,0,0.0,42.3835,-71.1064,,2023-06-12 13:53:00,MassDOT,5275864,SOMERVILLE,2023,2023-06-12,0,13:53:00,Local,0,0,0.0,42.38320494,-71.10641149,0,2023-06-12 13:53:00,32.765205957492455,0.0,0.7706435582975527
550,SomervillePD,23033190,SOMERVILLE,2023,2023-06-14,2,15:52:00,,0,0,1.0,42.376,-71.1029,,2023-06-14 15:52:00,MassDOT,5275860,SOMERVILLE,2023,2023-06-14,2,15:52:00,Local,0,1,1.0,42.37574349,-71.10328712,0,2023-06-14 15:52:00,42.64221075326484,0.0,0.7015045247271461
551,MassDOT,5275867,SOMERVILLE,2023,2023-06-15,0,06:35:00,Local,0,0,0.0,42.37528162,-71.08543528,0,2023-06-15 06:35:00,SomervillePD,23033344,SOMERVILLE,2023,2023-06-15,0,06:35:00,,0,0,0.0,42.3746,-71.085,,2023-06-15 06:35:00,83.65656826023665,0.0,0.41440402217834343
552,SomervillePD,23033499,SOMERVILLE,2023,2023-06-15,0,18:22:00,,1,0,0.0,42.3817,-71.1028,,2023-06-15 18:22:00,MassDOT,5275865,SOMERVILLE,2023,2023-06-15,0,18:22:00,Local,1,0,0.0,42.382109,-71.1023744,0,2023-06-15 18:22:00,57.26079749092253,0.0,0.5991744175635423
553,MassDOT,5275869,SOMERVILLE,2023,2023-06-16,0,09:24:00,Local,0,0,0.0,42.37827691,-71.09183104,0,2023-06-16 09:24:00,SomervillePD,23033639,SOMERVILLE,2023,2023-06-16,0,09:24:00,,0,0,0.0,42.3783,-71.0919,,2023-06-16 09:24:00,6.208250135601248,0.0,0.9565422490507913
554,SomervillePD,23033711,SOMERVILLE,2023,2023-06-16,0,15:18:00,,0,0,0.0,42.3905,-71.1082,,2023-06-16 15:18:00,MassDOT,5275873,SOMERVILLE,2023,2023-06-16,0,15:18:00,Local,0,0,0.0,42.39037339,-71.10833232,0,2023-06-16 15:18:00,17.753303474963733,0.0,0.8757268756752539
555,MassDOT,5275872,SOMERVILLE,2023,2023-06-16,0,22:15:00,Local,0,0,0.0,42.40315224,-71.1170609,0,2023-06-16 22:15:00,SomervillePD,23033793,SOMERVILLE,2023,2023-06-16,0,22:15:00,,0,0,0.0,42.4034,-71.1169,,2023-06-16 22:15:00,30.500002444532225,0.0,0.7864999828882744
556,MassDOT,5275868,SOMERVILLE,2023,2023-06-18,0,02:01:00,Local,0,0,0.0,42.39523674,-71.09114867,0,2023-06-18 02:01:00,SomervillePD,23033992,SOMERVILLE,2023,2023-06-18,0,02:01:00,,0,0,0.0,42.3952,-71.0912,,2023-06-18 02:01:00,5.859736299850627,0.0,0.9589818459010455
557,MassDOT,5275880,SOMERVILLE,2023,2023-06-20,0,21:27:00,Local,0,0,0.0,42.39688635,-71.1245941,0,2023-06-20 21:27:00,SomervillePD,23034542,SOMERVILLE,2023,2023-06-20,0,21:27:00,,0,0,0.0,42.3968,-71.1245,,2023-06-20 21:27:00,12.30322410571144,0.0,0.91387743126002
558,SomervillePD,23034626,SOMERVILLE,2023,2023-06-21,0,10:01:00,,0,0,0.0,42.3879,-71.1154,,2023-06-21 10:01:00,MassDOT,5275875,SOMERVILLE,2023,2023-06-21,0,10:01:00,Local,0,0,0.0,42.38792349,-71.11542067,0,2023-06-21 10:01:00,3.109695737574506,0.0,0.9782321298369785
559,SomervillePD,23034660,SOMERVILLE,2023,2023-06-21,0,13:00:00,,1,0,0.0,42.3929,-71.0785,,2023-06-21 13:00:00,MassDOT,5275879,SOMERVILLE,2023,2023-06-21,0,13:00:00,Local,1,0,0.0,42.39289017,-71.07865448,0,2023-06-21 13:00:00,12.710852397000313,0.0,0.9110240332209978
560,SomervillePD,23035091,SOMERVILLE,2023,2023-06-23,2,15:38:00,,1,0,0.0,42.3807,-71.0886,,2023-06-23 15:38:00,MassDOT,5275876,SOMERVILLE,2023,2023-06-23,2,15:38:00,Local,1,0,0.0,42.38067121,-71.0886002,0,2023-06-23 15:38:00,3.195732074397145,0.0,0.9776298754792199
561,MassDOT,5275884,SOMERVILLE,2023,2023-06-25,2,17:46:00,Local,1,0,0.0,42.38300269,-71.11220285,0,2023-06-25 17:46:00,SomervillePD,23035514,SOMERVILLE,2023,2023-06-25,2,17:46:00,,1,0,0.0,42.3837,-71.1118,,2023-06-25 17:46:00,84.15436562083204,0.0,0.41091944065417574
562,MassDOT,5275882,SOMERVILLE,2023,2023-06-26,0,09:19:00,Local,0,0,0.0,42.38188686,-71.08248241,0,2023-06-26 09:19:00,SomervillePD,23035620,SOMERVILLE,2023,2023-06-26,0,09:19:00,,0,0,0.0,42.3821,-71.0826,,2023-06-26 09:19:00,25.547687196811253,0.0,0.8211661896223212
563,MassDOT,5275871,SOMERVILLE,2023,2023-06-27,0,09:19:00,Local,0,0,0.0,42.39320878,-71.11167298,0,2023-06-27 09:19:00,SomervillePD,23035823,SOMERVILLE,2023,2023-06-27,0,09:19:00,,0,0,0.0,42.3932,-71.1119,,2023-06-27 09:19:00,18.636013024516522,0.0,0.8695479088283844
564,MassDOT,5275877,SOMERVILLE,2023,2023-06-28,0,08:14:00,Local,0,0,0.0,42.40010719,-71.12065756,0,2023-06-28 08:14:00,SomervillePD,23036046,SOMERVILLE,2023,2023-06-28,0,08:14:00,,0,0,0.0,42.4003,-71.1208,,2023-06-28 08:14:00,24.379518114146954,0.0,0.8293433732009712
565,MassDOT,5275883,SOMERVILLE,2023,2023-06-28,0,08:32:00,Local,1,0,0.0,42.38470968,-71.11430344,0,2023-06-28 08:32:00,SomervillePD,23036049,SOMERVILLE,2023,2023-06-28,0,08:32:00,,1,0,0.0,42.3847,-71.1143,,2023-06-28 08:32:00,1.1108798797712618,0.0,0.9922238408416011
566,SomervillePD,23036426,SOMERVILLE,2023,2023-06-29,0,19:44:00,,0,0,0.0,42.3946,-71.0915,,2023-06-29 19:44:00,MassDOT,5275861,SOMERVILLE,2023,2023-06-29,0,19:44:00,Local,0,0,0.0,42.39468671,-71.09178252,0,2023-06-29 19:44:00,25.080087367556715,0.0,0.8244393884271031
567,SomervillePD,23037557,SOMERVILLE,2023,2023-07-05,0,16:18:00,,1,0,0.0,42.3948,-71.0969,,2023-07-05 16:18:00,MassDOT,5288981,SOMERVILLE,2023,2023-07-05,0,16:18:00,Local,1,0,0.0,42.39444509,-71.09674003,0,2023-07-05 16:18:00,41.52027421833874,0.0,0.7093580804716287
568,SomervillePD,23037786,SOMERVILLE,2023,2023-07-06,2,14:26:00,,0,0,1.0,42.3846,-71.0842,,2023-07-06 14:26:00,MassDOT,5288988,SOMERVILLE,2023,2023-07-06,2,14:26:00,Local,1,0,1.0,42.38456266,-71.08421204,0,2023-07-06 14:26:00,4.260671523218146,0.0,0.970175299337473
569,MassDOT,5288982,SOMERVILLE,2023,2023-07-07,2,13:02:00,Local,0,1,0.0,42.38678932,-71.08261159,0,2023-07-07 13:02:00,SomervillePD,23037981,SOMERVILLE,2023,2023-07-07,2,13:02:00,,0,1,0.0,42.3867,-71.0824,,2023-07-07 13:02:00,19.98071890093993,0.0,0.8601349676934205
570,SomervillePD,23038006,SOMERVILLE,2023,2023-07-07,0,14:32:00,,0,0,0.0,42.3864,-71.08,,2023-07-07 14:32:00,MassDOT,5288983,SOMERVILLE,2023,2023-07-07,0,14:32:00,Local,0,0,0.0,42.38647412,-71.07985542,0,2023-07-07 14:32:00,14.429004067879639,0.0,0.8989969715248425
571,MassDOT,5288984,SOMERVILLE,2023,2023-07-08,0,09:03:00,Local,0,0,1.0,42.39047313,-71.11361986,0,2023-07-08 09:03:00,SomervillePD,23038139,SOMERVILLE,2023,2023-07-08,0,09:03:00,,0,0,1.0,42.3905,-71.1136,,2023-07-08 09:03:00,3.3980246447915925,0.0,0.9762138274864587
572,MassDOT,5288987,SOMERVILLE,2023,2023-07-10,2,08:28:00,Local,0,0,0.0,42.38531432,-71.09746847,0,2023-07-10 08:28:00,SomervillePD,23038496,SOMERVILLE,2023,2023-07-10,2,08:28:00,,0,0,0.0,42.3859,-71.0968,,2023-07-10 08:28:00,85.02997578457403,0.0,0.40479016950798175
573,SomervillePD,23038515,SOMERVILLE,2023,2023-07-10,0,09:51:00,,0,0,0.0,42.3862,-71.1114,,2023-07-10 09:51:00,MassDOT,5289000,SOMERVILLE,2023,2023-07-10,0,09:51:00,Local,0,0,0.0,42.3862269,-71.11136841,0,2023-07-10 09:51:00,3.952653441554552,0.0,0.972331425909118
574,SomervillePD,23038625,SOMERVILLE,2023,2023-07-10,0,20:56:00,,1,0,0.0,42.3809,-71.0965,,2023-07-10 20:56:00,MassDOT,5288989,SOMERVILLE,2023,2023-07-10,0,20:56:00,Local,1,0,0.0,42.38033034,-71.0967483,0,2023-07-10 20:56:00,66.42896137417713,0.0,0.5349972703807601
575,MassDOT,5288991,SOMERVILLE,2023,2023-07-11,0,07:56:00,Local,0,1,0.0,42.403352,-71.12738572,0,2023-07-11 07:56:00,SomervillePD,23038696,SOMERVILLE,2023,2023-07-11,0,07:56:00,,0,1,0.0,42.4035,-71.1273,,2023-07-11 07:56:00,17.86738403023805,0.0,0.8749283117883335
576,MassDOT,5288990,SOMERVILLE,2023,2023-07-12,0,19:22:00,Local,0,0,0.0,42.37858432,-71.09608206,0,2023-07-12 19:22:00,SomervillePD,23039009,SOMERVILLE,2023,2023-07-12,0,19:22:00,,0,0,0.0,42.3784,-71.0964,,2023-07-12 19:22:00,33.13963438610546,0.0,0.7680225592972617
577,MassDOT,5288985,SOMERVILLE,2023,2023-07-13,2,17:03:00,Local,1,0,0.0,42.38606607,-71.08310864,0,2023-07-13 17:03:00,SomervillePD,23039194,SOMERVILLE,2023,2023-07-13,2,17:03:00,,1,0,0.0,42.3863,-71.0832,,2023-07-13 17:03:00,27.02498522934038,0.0,0.8108251033946172
578,SomervillePD,23039396,SOMERVILLE,2023,2023-07-14,0,13:02:00,,0,0,0.0,42.3958,-71.1054,,2023-07-14 13:02:00,MassDOT,5288986,SOMERVILLE,2023,2023-07-14,0,13:02:00,Local,0,0,0.0,42.39578673,-71.10540614,0,2023-07-14 13:02:00,1.5565899225899764,0.0,0.98910387054187
579,SomervillePD,23039598,SOMERVILLE,2023,2023-07-15,0,10:29:00,,0,0,0.0,42.3964,-71.0991,,2023-07-15 10:29:00,MassDOT,5289003,SOMERVILLE,2023,2023-07-15,0,10:29:00,Local,0,0,0.0,42.39658704,-71.09898711,0,2023-07-15 10:29:00,22.7304456763934,0.0,0.8408868802652463
580,MassDOT,5289007,SOMERVILLE,2023,2023-07-15,0,16:15:00,Local,1,0,0.0,42.39099086,-71.09096542,0,2023-07-15 16:15:00,SomervillePD,23039667,SOMERVILLE,2023,2023-07-15,0,16:15:00,,1,0,0.0,42.3908,-71.0912,,2023-07-15 16:15:00,28.612109650748035,0.0,0.7997152324447637
581,SomervillePD,23039775,SOMERVILLE,2023,2023-07-16,0,02:51:00,,0,0,0.0,42.3849,-71.0786,,2023-07-16 02:51:00,MassDOT,5289002,SOMERVILLE,2023,2023-07-16,0,02:51:00,Local,0,0,0.0,42.38566854,-71.07823258,0,2023-07-16 02:51:00,90.47047998414826,0.0,0.3667066401109622
582,BostonVisionZero,33550,BOSTON,2023,2023-07-16,,19:30:04,,0,0,,42.358063731041725,-71.05188343683632,,2023-07-16 19:30:04,MassDOT,5279452,BOSTON,2023,2023-07-16,0,19:55:00,State,0,0,0.0,42.35809883,-71.05137725,1,2023-07-16 19:55:00,41.701507633001526,1496.0,0.5834227799023226
583,SomervillePD,23039982,SOMERVILLE,2023,2023-07-17,0,09:02:00,,1,0,0.0,42.3833,-71.1057,,2023-07-17 09:02:00,MassDOT,5289006,SOMERVILLE,2023,2023-07-17,0,09:02:00,Local,1,0,0.0,42.38312516,-71.10605142,0,2023-07-17 09:02:00,34.7394998468893,0.0,0.7568235010717748
584,MassDOT,5289004,SOMERVILLE,2023,2023-07-18,2,21:30:00,Local,0,1,0.0,42.39853818,-71.10814312,0,2023-07-18 21:30:00,SomervillePD,23040379,SOMERVILLE,2023,2023-07-18,2,21:30:00,,0,1,0.0,42.3983,-71.1084,,2023-07-18 21:30:00,33.79860823951066,0.0,0.7634097423234253
585,MassDOT,5289008,SOMERVILLE,2023,2023-07-19,0,21:27:00,Local,0,0,0.0,42.38017872,-71.09699497,0,2023-07-19 21:27:00,SomervillePD,23040608,SOMERVILLE,2023,2023-07-19,0,21:27:00,,0,0,0.0,42.38,-71.0971,,2023-07-19 21:27:00,21.62654532648962,0.0,0.8486141827145726
586,SomervillePD,23040779,SOMERVILLE,2023,2023-07-20,0,16:24:00,,0,0,0.0,42.4027,-71.1272,,2023-07-20 16:24:00,MassDOT,5288996,SOMERVILLE,2023,2023-07-20,0,16:24:00,Local,0,0,0.0,42.40262606,-71.12687618,0,2023-07-20 16:24:00,27.781891373129405,0.0,0.805526760388094
587,MassDOT,5288997,SOMERVILLE,2023,2023-07-21,0,12:14:00,Local,0,0,0.0,42.40557623,-71.13083928,0,2023-07-21 12:14:00,SomervillePD,23040966,SOMERVILLE,2023,2023-07-21,0,12:14:00,,0,0,0.0,42.4058,-71.1308,,2023-07-21 12:14:00,25.04624471548558,0.0,0.8246762869916009
588,MassDOT,5288994,SOMERVILLE,2023,2023-07-21,0,14:34:00,Local,0,0,0.0,42.38701444,-71.11162537,0,2023-07-21 14:34:00,SomervillePD,23040996,SOMERVILLE,2023,2023-07-21,0,14:34:00,,0,0,0.0,42.3872,-71.112,,2023-07-21 14:34:00,36.98116940239259,0.0,0.7411318141832519
589,SomervillePD,23041016,SOMERVILLE,2023,2023-07-21,2,16:18:00,,0,0,0.0,42.3808,-71.087,,2023-07-21 16:18:00,MassDOT,5288999,SOMERVILLE,2023,2023-07-21,2,16:18:00,Local,0,0,0.0,42.38111259,-71.08709746,0,2023-07-21 16:18:00,35.60580658554708,0.0,0.7507593539011703
590,SomervillePD,23041406,SOMERVILLE,2023,2023-07-23,0,09:23:00,,0,0,0.0,42.4032,-71.1271,,2023-07-23 09:23:00,MassDOT,5289171,SOMERVILLE,2023,2023-07-23,0,09:23:00,Local,0,0,0.0,42.40329341,-71.12724649,0,2023-07-23 09:23:00,15.864207350086673,0.0,0.8889505485493934
591,SomervillePD,23041449,SOMERVILLE,2023,2023-07-23,2,14:39:00,,0,0,0.0,42.4016,-71.1235,,2023-07-23 14:39:00,MassDOT,5289009,SOMERVILLE,2023,2023-07-23,2,14:39:00,Local,0,0,0.0,42.40173506,-71.12332554,0,2023-07-23 14:39:00,20.718013301398045,0.0,0.8549739068902136
592,MassDOT,5289011,SOMERVILLE,2023,2023-07-26,0,07:05:00,Local,0,0,0.0,42.38533599,-71.08376561,0,2023-07-26 07:05:00,SomervillePD,23042048,SOMERVILLE,2023,2023-07-26,0,07:05:00,,0,0,0.0,42.3855,-71.0838,,2023-07-26 07:05:00,18.422158697416187,0.0,0.8710448891180866
593,MassDOT,5288998,SOMERVILLE,2023,2023-07-27,0,07:28:00,Local,0,0,0.0,42.38331691,-71.09543318,0,2023-07-27 07:28:00,SomervillePD,23042252,SOMERVILLE,2023,2023-07-27,0,07:28:00,,0,0,0.0,42.3832,-71.0952,,2023-07-27 07:28:00,23.106710171913306,0.0,0.8382530287966068
594,MassDOT,5289001,SOMERVILLE,2023,2023-07-27,0,10:58:00,Local,0,0,0.0,42.38653203,-71.09782522,0,2023-07-27 10:58:00,SomervillePD,23042293,SOMERVILLE,2023,2023-07-27,0,10:58:00,,0,0,0.0,42.3865,-71.0978,,2023-07-27 10:58:00,4.112871820043616,0.0,0.9712098972596945
595,SomervillePD,23042317,SOMERVILLE,2023,2023-07-27,2,12:41:00,,0,1,0.0,42.389,-71.1052,,2023-07-27 12:41:00,MassDOT,5289010,SOMERVILLE,2023,2023-07-27,2,12:41:00,Local,0,1,0.0,42.38902501,-71.10522784,0,2023-07-27 12:41:00,3.593905376355197,0.0,0.9748426623655135
596,MassDOT,5349602,BOSTON,2023,2023-07-28,0,13:35:00,Local,0,0,0.0,42.29622597,-71.06715487,0,2023-07-28 13:35:00,BostonVisionZero,31420,BOSTON,2023,2023-07-28,,14:33:16,,0,0,,42.296154582294655,-71.06716559993572,,2023-07-28 14:33:16,7.972856707517534,3496.0,0.6528566697140439
597,MassDOT,5288993,SOMERVILLE,2023,2023-07-28,0,17:21:00,Local,0,0,0.0,42.39671262,-71.10238453,0,2023-07-28 17:21:00,SomervillePD,23042594,SOMERVILLE,2023,2023-07-28,0,17:21:00,,0,0,0.0,42.3967,-71.1024,,2023-07-28 17:21:00,1.8895566875793883,0.0,0.9867731031869442
598,SomervillePD,23042850,SOMERVILLE,2023,2023-07-29,2,21:49:00,,0,0,0.0,42.3808,-71.087,,2023-07-29 21:49:00,MassDOT,5289005,SOMERVILLE,2023,2023-07-29,2,21:49:00,Local,0,0,0.0,42.38106406,-71.08727657,0,2023-07-29 21:49:00,37.058872149853116,0.0,0.7405878949510281
599,MassDOT,5288995,SOMERVILLE,2023,2023-07-30,2,12:55:00,Local,0,0,0.0,42.38309156,-71.10589824,0,2023-07-30 12:55:00,SomervillePD,23042940,SOMERVILLE,2023,2023-07-30,2,12:55:00,,0,0,0.0,42.3829,-71.106,,2023-07-30 12:55:00,22.841491487345312,0.0,0.8401095595885828
600,SomervillePD,23043236,SOMERVILLE,2023,2023-07-31,0,19:46:00,,0,0,0.0,42.3922,-71.0906,,2023-07-31 19:46:00,MassDOT,5288992,SOMERVILLE,2023,2023-07-31,0,19:46:00,Local,0,0,0.0,42.39244072,-71.09065987,0,2023-07-31 19:46:00,27.166951302742923,0.0,0.8098313408807996
601,MassDOT,5297873,SOMERVILLE,2023,2023-08-01,0,09:55:00,Local,0,0,0.0,42.39675664,-71.10653849,0,2023-08-01 09:55:00,SomervillePD,23043319,SOMERVILLE,2023,2023-08-01,0,09:55:00,,0,0,0.0,42.3965,-71.1076,,2023-08-01 09:55:00,91.55931775506909,0.0,0.35908477571451636
602,SomervillePD,23043393,SOMERVILLE,2023,2023-08-01,0,15:55:00,,0,0,0.0,42.3792,-71.0918,,2023-08-01 15:55:00,MassDOT,5297869,SOMERVILLE,2023,2023-08-01,0,15:55:00,Local,0,0,0.0,42.37900704,-71.09197402,0,2023-08-01 15:55:00,25.736278458785172,0.0,0.8198460507885037
603,MassDOT,5297868,SOMERVILLE,2023,2023-08-07,2,07:07:00,Local,0,0,0.0,42.38901592,-71.10049817,0,2023-08-07 07:07:00,SomervillePD,23044511,SOMERVILLE,2023,2023-08-07,2,07:07:00,,0,0,0.0,42.389,-71.1008,,2023-08-07 07:07:00,24.807913634185187,0.0,0.8263446045607037
604,MassDOT,5297872,SOMERVILLE,2023,2023-08-08,0,09:56:00,Local,0,0,0.0,42.38177723,-71.08307237,0,2023-08-08 09:56:00,SomervillePD,23044738,SOMERVILLE,2023,2023-08-08,0,09:56:00,,0,0,0.0,42.3818,-71.0831,,2023-08-08 09:56:00,3.3941657761812776,0.0,0.976240839566731
605,MassDOT,5297875,SOMERVILLE,2023,2023-08-09,2,07:39:00,Local,1,0,0.0,42.38965542,-71.09771034,0,2023-08-09 07:39:00,SomervillePD,23044962,SOMERVILLE,2023,2023-08-09,2,07:39:00,,1,0,0.0,42.3899,-71.0976,,2023-08-09 07:39:00,28.615779606163198,0.0,0.7996895427568576
606,MassDOT,5297876,SOMERVILLE,2023,2023-08-09,0,11:37:00,Local,0,0,0.0,42.38873209,-71.08592528,0,2023-08-09 11:37:00,SomervillePD,23045002,SOMERVILLE,2023,2023-08-09,0,11:37:00,,0,0,0.0,42.3886,-71.086,,2023-08-09 11:37:00,15.890224817770598,0.0,0.8887684262756057
607,MassDOT,5297877,SOMERVILLE,2023,2023-08-09,0,16:40:00,Local,0,0,0.0,42.39409992,-71.10183789,0,2023-08-09 16:40:00,SomervillePD,23045063,SOMERVILLE,2023,2023-08-09,0,16:40:00,,0,0,0.0,42.3941,-71.1019,,2023-08-09 16:40:00,5.091552622879599,0.0,0.9643591316398428
608,SomervillePD,23045098,SOMERVILLE,2023,2023-08-09,0,19:06:00,,0,0,0.0,42.3868,-71.0817,,2023-08-09 19:06:00,MassDOT,5297886,SOMERVILLE,2023,2023-08-09,0,19:06:00,Local,0,0,0.0,42.38696873,-71.08160627,0,2023-08-09 19:06:00,20.24422210314005,0.0,0.8582904452780196
609,MassDOT,5285723,BOSTON,2023,2023-08-09,2,20:09:00,State,0,0,0.0,42.27807325,-71.07277384,0,2023-08-09 20:09:00,BostonVisionZero,23232,BOSTON,2023,2023-08-09,,20:42:29,,0,0,,42.278059666297175,-71.07308018620179,,2023-08-09 20:42:29,25.204628826013543,2009.0,0.6561509315512386
610,BostonVisionZero,24079,BOSTON,2023,2023-08-11,,17:06:24,,0,0,,42.320020136898094,-71.05967714984716,,2023-08-11 17:06:24,MassDOT,5350641,BOSTON,2023,2023-08-11,0,17:10:00,Local,0,0,0.0,42.32000473,-71.05979931,0,2023-08-11 17:10:00,10.170851067612695,216.0,0.910804042526711
611,SomervillePD,23045557,SOMERVILLE,2023,2023-08-12,0,05:02:00,,0,0,0.0,42.3937,-71.0881,,2023-08-12 05:02:00,MassDOT,5297882,SOMERVILLE,2023,2023-08-12,0,05:02:00,Local,0,0,0.0,42.39318932,-71.08837803,0,2023-08-12 05:02:00,61.095981842926825,0.0,0.5723281270995122
612,MassDOT,5297883,SOMERVILLE,2023,2023-08-12,2,08:42:00,Local,1,0,0.0,42.3912968,-71.11876157,0,2023-08-12 08:42:00,SomervillePD,23045572,SOMERVILLE,2023,2023-08-12,2,08:42:00,,1,0,0.0,42.3913,-71.1185,,2023-08-12 08:42:00,21.446427013912327,0.0,0.8498750109026136
613,MassDOT,5297879,SOMERVILLE,2023,2023-08-14,0,10:16:00,Local,1,0,0.0,42.39265262,-71.09359731,0,2023-08-14 10:16:00,SomervillePD,23045967,SOMERVILLE,2023,2023-08-14,0,10:16:00,,1,0,0.0,42.3924,-71.0936,,2023-08-14 10:16:00,28.04168710787875,0.0,0.8037081902448486
614,MassDOT,5297880,SOMERVILLE,2023,2023-08-14,0,23:25:00,Local,0,0,0.0,42.39485011,-71.08105879,0,2023-08-14 23:25:00,SomervillePD,23046103,SOMERVILLE,2023,2023-08-14,0,23:25:00,,0,0,0.0,42.3949,-71.0811,,2023-08-14 23:25:00,6.486860507316828,0.0,0.9545919764487822
615,SomervillePD,23046168,SOMERVILLE,2023,2023-08-15,0,08:15:00,,0,0,0.0,42.3929,-71.0887,,2023-08-15 08:15:00,MassDOT,5297881,SOMERVILLE,2023,2023-08-15,0,08:15:00,Local,0,0,0.0,42.39294075,-71.0887033,0,2023-08-15 08:15:00,4.531332620108272,0.0,0.968280671659242
616,SomervillePD,23046238,SOMERVILLE,2023,2023-08-15,2,13:56:00,,1,0,0.0,42.3905,-71.102,,2023-08-15 13:56:00,MassDOT,5297889,SOMERVILLE,2023,2023-08-15,2,13:56:00,Local,1,0,0.0,42.39026236,-71.10213166,0,2023-08-15 13:56:00,28.500930808173642,0.0,0.8004934843427844
617,MassDOT,5297890,SOMERVILLE,2023,2023-08-17,0,21:44:00,Local,0,0,0.0,42.40109645,-71.12073036,0,2023-08-17 21:44:00,SomervillePD,23046794,SOMERVILLE,2023,2023-08-17,0,21:44:00,,0,0,0.0,42.4015,-71.1214,,2023-08-17 21:44:00,70.84666189005104,0.0,0.5040733667696427
618,MassDOT,5288215,BOSTON,2023,2023-08-19,0,04:01:00,State,0,0,0.0,42.36807647,-71.06264157,1,2023-08-19 04:01:00,BostonVisionZero,35216,BOSTON,2023,2023-08-19,,05:00:54,,0,0,,42.36771006264756,-71.06223659648869,,2023-08-19 05:00:54,52.508884058360486,3594.0,0.3329378115914766
619,MassDOT,5297897,SOMERVILLE,2023,2023-08-20,0,01:54:00,Local,0,0,0.0,42.38986333,-71.09158007,0,2023-08-20 01:54:00,SomervillePD,23047257,SOMERVILLE,2023,2023-08-20,0,01:54:00,,0,0,0.0,42.3898,-71.0914,,2023-08-20 01:54:00,16.350716057523677,0.0,0.8855449875973342
620,MassDOT,5297891,SOMERVILLE,2023,2023-08-20,2,17:57:00,Local,1,0,0.0,42.3861878,-71.11614564,0,2023-08-20 17:57:00,SomervillePD,23047353,SOMERVILLE,2023,2023-08-20,2,17:57:00,,1,0,0.0,42.3862,-71.1161,,2023-08-20 17:57:00,3.9793757562911387,0.0,0.972144369705962
621,SomervillePD,23047389,SOMERVILLE,2023,2023-08-20,2,21:51:00,,0,0,0.0,42.3949,-71.1186,,2023-08-20 21:51:00,MassDOT,5297898,SOMERVILLE,2023,2023-08-20,2,21:51:00,Local,0,0,0.0,42.39489438,-71.11860467,0,2023-08-20 21:51:00,0.7319192343284944,0.0,0.9948765653597005
622,MassDOT,5297888,SOMERVILLE,2023,2023-08-21,2,15:48:00,Local,0,0,0.0,42.39639742,-71.1036571,0,2023-08-21 15:48:00,SomervillePD,23047549,SOMERVILLE,2023,2023-08-21,2,15:48:00,,0,0,0.0,42.3964,-71.1037,,2023-08-21 15:48:00,3.5282938408719366,0.0,0.9753019431138965
623,MassDOT,5297893,SOMERVILLE,2023,2023-08-24,2,11:56:00,Local,1,0,0.0,42.40243008,-71.12678268,0,2023-08-24 11:56:00,SomervillePD,23048191,SOMERVILLE,2023,2023-08-24,2,11:56:00,,1,0,0.0,42.4024,-71.1268,,2023-08-24 11:56:00,3.628153509673503,0.0,0.9746029254322854
624,SomervillePD,23048198,SOMERVILLE,2023,2023-08-24,2,12:29:00,,0,1,0.0,42.3922,-71.1124,,2023-08-24 12:29:00,MassDOT,5297894,SOMERVILLE,2023,2023-08-24,2,12:29:00,Local,0,1,0.0,42.39221947,-71.11238935,0,2023-08-24 12:29:00,2.330861018216273,0.0,0.983683972872486
625,SomervillePD,23048202,SOMERVILLE,2023,2023-08-24,0,12:40:00,,0,0,0.0,42.399,-71.1291,,2023-08-24 12:40:00,MassDOT,5297906,SOMERVILLE,2023,2023-08-24,0,12:40:00,Local,0,0,0.0,42.39899615,-71.12899989,0,2023-08-24 12:40:00,8.217121772022987,0.0,0.9424801475958391
626,SomervillePD,23048229,SOMERVILLE,2023,2023-08-24,0,13:29:00,,0,0,0.0,42.3977,-71.1048,,2023-08-24 13:29:00,MassDOT,5297887,SOMERVILLE,2023,2023-08-24,0,13:29:00,Local,0,0,0.0,42.39736101,-71.10439596,0,2023-08-24 13:29:00,50.1276190995462,0.0,0.6491066663031766
627,MassDOT,5297895,SOMERVILLE,2023,2023-08-24,0,23:26:00,Local,0,0,0.0,42.39843075,-71.12024708,0,2023-08-24 23:26:00,SomervillePD,23048320,SOMERVILLE,2023,2023-08-24,0,23:26:00,,0,0,0.0,42.3984,-71.1203,,2023-08-24 23:26:00,5.519738322633044,0.0,0.9613618317415686
628,MassDOT,5297885,SOMERVILLE,2023,2023-08-25,0,07:39:00,Local,0,0,0.0,42.37983619,-71.09593115,0,2023-08-25 07:39:00,SomervillePD,23048364,SOMERVILLE,2023,2023-08-25,0,07:39:00,,0,0,0.0,42.3798,-71.0959,,2023-08-25 07:39:00,4.760319902326833,0.0,0.966677760683712
629,MassDOT,5297901,SOMERVILLE,2023,2023-08-25,2,21:26:00,Local,0,0,0.0,42.40119637,-71.11709246,0,2023-08-25 21:26:00,SomervillePD,23048523,SOMERVILLE,2023,2023-08-25,2,21:26:00,,0,0,0.0,42.4012,-71.1164,,2023-08-25 21:26:00,56.76028510000268,0.0,0.6026780042999812
630,SomervillePD,23048691,SOMERVILLE,2023,2023-08-26,0,16:48:00,,0,0,0.0,42.396,-71.1045,,2023-08-26 16:48:00,MassDOT,5297899,SOMERVILLE,2023,2023-08-26,0,16:48:00,Local,0,0,0.0,42.3958445,-71.10423589,0,2023-08-26 16:48:00,27.6884693974445,0.0,0.8061807142178885
631,SomervillePD,23048739,SOMERVILLE,2023,2023-08-26,0,21:03:00,,0,0,0.0,42.3929,-71.0935,,2023-08-26 21:03:00,MassDOT,5297905,SOMERVILLE,2023,2023-08-26,0,21:03:00,Local,0,0,0.0,42.39255687,-71.09341686,0,2023-08-26 21:03:00,38.69244389081652,0.0,0.7291528927642843
632,MassDOT,5297896,SOMERVILLE,2023,2023-08-28,0,07:30:00,Local,0,0,0.0,42.39563252,-71.12517611,0,2023-08-28 07:30:00,SomervillePD,23048987,SOMERVILLE,2023,2023-08-28,0,07:30:00,,0,0,0.0,42.3958,-71.1253,,2023-08-28 07:30:00,21.183450438830004,0.0,0.8517158469281898
633,MassDOT,5297904,SOMERVILLE,2023,2023-08-28,2,16:22:00,Local,1,0,0.0,42.39647159,-71.08150637,0,2023-08-28 16:22:00,SomervillePD,23049110,SOMERVILLE,2023,2023-08-28,2,16:22:00,,1,0,0.0,42.3967,-71.0824,,2023-08-28 16:22:00,77.51709689822596,0.0,0.45738032171241827
634,MassDOT,5297907,SOMERVILLE,2023,2023-08-28,2,17:13:00,Local,0,0,0.0,42.3845552,-71.09264126,0,2023-08-28 17:13:00,SomervillePD,23049124,SOMERVILLE,2023,2023-08-28,2,17:13:00,,0,0,0.0,42.3846,-71.0927,,2023-08-28 17:13:00,6.922626760035142,0.0,0.951541612679754
635,SomervillePD,23049268,SOMERVILLE,2023,2023-08-29,0,11:55:00,,0,0,0.0,42.3873,-71.0992,,2023-08-29 11:55:00,MassDOT,5297900,SOMERVILLE,2023,2023-08-29,0,11:55:00,Local,0,0,0.0,42.38700129,-71.09921597,0,2023-08-29 11:55:00,33.182650927184056,0.0,0.7677214435097115
636,SomervillePD,23049696,SOMERVILLE,2023,2023-08-31,0,09:02:00,,0,0,0.0,42.3886,-71.085,,2023-08-31 09:02:00,MassDOT,5297884,SOMERVILLE,2023,2023-08-31,0,09:02:00,Local,0,0,0.0,42.38845197,-71.0853252,0,2023-08-31 09:02:00,31.317697803713106,0.0,0.7807761153740083
637,MassDOT,5297908,SOMERVILLE,2023,2023-08-31,0,09:07:00,Local,0,0,0.0,42.37708467,-71.10369837,0,2023-08-31 09:07:00,SomervillePD,23049697,SOMERVILLE,2023,2023-08-31,0,09:07:00,,0,0,0.0,42.3768,-71.1039,,2023-08-31 09:07:00,35.66242711706464,0.0,0.7503630101805474
638,SomervillePD,23049788,SOMERVILLE,2023,2023-08-31,0,14:26:00,,0,0,0.0,42.3904,-71.0904,,2023-08-31 14:26:00,MassDOT,5297903,SOMERVILLE,2023,2023-08-31,0,14:26:00,Local,0,0,0.0,42.39061263,-71.09034587,0,2023-08-31 14:26:00,24.015489021819675,0.0,0.8318915768472623
639,MassDOT,5297902,SOMERVILLE,2023,2023-08-31,2,15:41:00,Local,0,0,0.0,42.41577488,-71.12820695,0,2023-08-31 15:41:00,SomervillePD,23049808,SOMERVILLE,2023,2023-08-31,2,15:41:00,,0,0,0.0,42.4159,-71.1281,,2023-08-31 15:41:00,16.422513108434625,0.0,0.8850424082409576
640,MassDOT,5297909,SOMERVILLE,2023,2023-08-31,2,21:18:00,Local,1,0,0.0,42.38222827,-71.09835256,0,2023-08-31 21:18:00,SomervillePD,23049863,SOMERVILLE,2023,2023-08-31,2,21:18:00,,1,0,0.0,42.3822,-71.0983,,2023-08-31 21:18:00,5.330903368270072,0.0,0.9626836764221094
641,MassDOT,5309342,SOMERVILLE,2023,2023-09-01,0,08:39:00,Local,0,0,0.0,42.39708471,-71.12297968,0,2023-09-01 08:39:00,SomervillePD,23049931,SOMERVILLE,2023,2023-09-01,0,08:39:00,,0,0,0.0,42.3972,-71.1233,,2023-09-01 08:39:00,29.209900027046455,0.0,0.7955306998106748
642,SomervillePD,23049994,SOMERVILLE,2023,2023-09-01,2,11:56:00,,0,0,0.0,42.3925,-71.1167,,2023-09-01 11:56:00,MassDOT,5309345,SOMERVILLE,2023,2023-09-01,2,11:56:00,Local,0,0,0.0,42.39233874,-71.11667106,0,2023-09-01 11:56:00,18.056398366105636,0.0,0.8736052114372606
643,SomervillePD,23050086,SOMERVILLE,2023,2023-09-01,0,19:46:00,,0,0,0.0,42.3982,-71.124,,2023-09-01 19:46:00,MassDOT,5309349,SOMERVILLE,2023,2023-09-01,0,19:46:00,Local,0,0,0.0,42.39812118,-71.1239683,0,2023-09-01 19:46:00,9.126742873747702,0.0,0.936112799883766
644,SomervillePD,23050499,SOMERVILLE,2023,2023-09-03,0,20:30:00,,0,0,0.0,42.3918,-71.1028,,2023-09-03 20:30:00,MassDOT,5309353,SOMERVILLE,2023,2023-09-03,0,20:30:00,Local,0,0,0.0,42.39178367,-71.1028978,0,2023-09-03 20:30:00,8.219919269414541,0.0,0.942460565114098
645,SomervillePD,23050673,SOMERVILLE,2023,2023-09-04,0,18:32:00,,0,0,0.0,42.395,-71.0859,,2023-09-04 18:32:00,MassDOT,5309350,SOMERVILLE,2023,2023-09-04,0,18:32:00,Local,0,0,0.0,42.39498113,-71.08587442,0,2023-09-04 18:32:00,2.9638331647053735,0.0,0.9792531678470624
646,MassDOT,5309344,SOMERVILLE,2023,2023-09-06,2,00:47:00,Local,0,0,0.0,42.39338077,-71.07794749,0,2023-09-06 00:47:00,SomervillePD,23050942,SOMERVILLE,2023,2023-09-06,2,00:47:00,,0,0,0.0,42.3933,-71.0779,,2023-09-06 00:47:00,9.77424443878047,0.0,0.9315802889285367
647,MassDOT,5309366,SOMERVILLE,2023,2023-09-07,2,04:14:00,Local,0,0,0.0,42.40639771,-71.12777419,0,2023-09-07 04:14:00,SomervillePD,23051206,SOMERVILLE,2023,2023-09-07,2,04:14:00,,0,0,0.0,42.4062,-71.128,,2023-09-07 04:14:00,28.707899896029712,0.0,0.799044700727792
648,SomervillePD,23051453,SOMERVILLE,2023,2023-09-08,0,06:58:00,,0,0,0.0,42.3913,-71.1188,,2023-09-08 06:58:00,MassDOT,5309359,SOMERVILLE,2023,2023-09-08,0,06:58:00,Local,0,0,0.0,42.3912968,-71.11876157,0,2023-09-08 06:58:00,3.1704480084766153,0.0,0.9778068639406636
649,MassDOT,5309347,SOMERVILLE,2023,2023-09-09,0,19:47:00,Local,0,0,0.0,42.38165367,-71.09774115,0,2023-09-09 19:47:00,SomervillePD,23051834,SOMERVILLE,2023,2023-09-09,0,19:47:00,,0,0,0.0,42.3815,-71.0978,,2023-09-09 19:47:00,17.726731085856724,0.0,0.875912882399003
650,MassDOT,5309362,SOMERVILLE,2023,2023-09-10,2,16:50:00,Local,0,0,0.0,42.38730207,-71.09240077,0,2023-09-10 16:50:00,SomervillePD,23051978,SOMERVILLE,2023,2023-09-10,2,16:50:00,,0,0,0.0,42.3875,-71.0921,,2023-09-10 16:50:00,33.0263662900729,0.0,0.7688154359694896
651,MassDOT,5309357,SOMERVILLE,2023,2023-09-14,0,15:15:00,Local,0,0,0.0,42.39207342,-71.09883655,0,2023-09-14 15:15:00,SomervillePD,23052775,SOMERVILLE,2023,2023-09-14,0,15:15:00,,0,0,0.0,42.3917,-71.0988,,2023-09-14 15:15:00,41.55777885929023,0.0,0.7090955479849683
652,SomervillePD,23052979,SOMERVILLE,2023,2023-09-15,2,09:58:00,,0,1,0.0,42.3908,-71.0902,,2023-09-15 09:58:00,MassDOT,5309367,SOMERVILLE,2023,2023-09-15,2,09:58:00,Local,0,1,0.0,42.39061263,-71.09034587,0,2023-09-15 09:58:00,23.99094705653589,0.0,0.8320633706042486
653,MassDOT,5309354,SOMERVILLE,2023,2023-09-15,2,12:00:00,Local,0,0,0.0,42.38446893,-71.08244875,0,2023-09-15 12:00:00,SomervillePD,23053014,SOMERVILLE,2023,2023-09-15,2,12:00:00,,0,0,0.0,42.3845,-71.0822,,2023-09-15 12:00:00,20.68426125927501,0.0,0.8552101711850748
654,SomervillePD,23053065,SOMERVILLE,2023,2023-09-15,0,17:07:00,,0,0,0.0,42.3908,-71.1132,,2023-09-15 17:07:00,MassDOT,5309358,SOMERVILLE,2023,2023-09-15,0,17:07:00,Local,0,0,0.0,42.3908331,-71.11338175,0,2023-09-15 17:07:00,15.346270592810532,0.0,0.8925761058503263
655,MassDOT,5309360,SOMERVILLE,2023,2023-09-16,2,13:57:00,Local,0,0,0.0,42.37907427,-71.09412927,0,2023-09-16 13:57:00,SomervillePD,23053252,SOMERVILLE,2023,2023-09-16,2,13:57:00,,0,0,0.0,42.3791,-71.0941,,2023-09-16 13:57:00,3.7305495025289224,0.0,0.9738861534822976
656,MassDOT,5309373,SOMERVILLE,2023,2023-09-16,0,19:38:00,Local,0,0,0.0,42.39704135,-71.1033855,0,2023-09-16 19:38:00,SomervillePD,23053312,SOMERVILLE,2023,2023-09-16,0,19:38:00,,0,0,0.0,42.3975,-71.1036,,2023-09-16 19:38:00,53.86100747556796,0.0,0.6229729476710243
657,SomervillePD,23053326,SOMERVILLE,2023,2023-09-16,0,20:51:00,,0,0,0.0,42.3899,-71.1047,,2023-09-16 20:51:00,MassDOT,5309355,SOMERVILLE,2023,2023-09-16,0,20:51:00,Local,0,0,0.0,42.38986277,-71.1047167,0,2023-09-16 20:51:00,4.353415357188584,0.0,0.9695260924996798
658,MassDOT,5309368,SOMERVILLE,2023,2023-09-17,0,07:38:00,Local,0,0,0.0,42.38320494,-71.10641149,0,2023-09-17 07:38:00,SomervillePD,23053400,SOMERVILLE,2023,2023-09-17,0,07:38:00,,0,0,0.0,42.3835,-71.1064,,2023-09-17 07:38:00,32.76520608478902,0.0,0.7706435574064767
659,SomervillePD,23053410,SOMERVILLE,2023,2023-09-17,0,09:32:00,,0,0,0.0,42.4001,-71.1127,,2023-09-17 09:32:00,MassDOT,5309361,SOMERVILLE,2023,2023-09-17,0,09:32:00,Local,0,0,0.0,42.40009181,-71.11271118,0,2023-09-17 09:32:00,1.2908315692295798,0.0,0.9909641790153929
660,SomervillePD,23053737,SOMERVILLE,2023,2023-09-18,2,22:54:00,,1,0,0.0,42.3872,-71.1167,,2023-09-18 22:54:00,MassDOT,5309375,SOMERVILLE,2023,2023-09-18,2,22:54:00,Local,1,0,0.0,42.3869103,-71.11615302,0,2023-09-18 22:54:00,55.182102771055604,0.0,0.6137252806026108
661,MassDOT,5309372,SOMERVILLE,2023,2023-09-19,2,16:03:00,Local,0,0,0.0,42.39024181,-71.10408199,0,2023-09-19 16:03:00,SomervillePD,23053904,SOMERVILLE,2023,2023-09-19,2,16:03:00,,0,0,0.0,42.3906,-71.1036,,2023-09-19 16:03:00,56.054921276242474,0.0,0.6076155510663026
662,SomervillePD,23054327,SOMERVILLE,2023,2023-09-21,2,13:30:00,,0,0,0.0,42.4013,-71.1214,,2023-09-21 13:30:00,MassDOT,5309364,SOMERVILLE,2023,2023-09-21,2,13:30:00,Local,0,0,0.0,42.40126423,-71.12144374,0,2023-09-21 13:30:00,5.349626585442951,0.0,0.9625526139018994
663,MassDOT,5309369,SOMERVILLE,2023,2023-09-22,0,13:39:00,Local,0,0,0.0,42.3974516,-71.12469097,0,2023-09-22 13:39:00,SomervillePD,23054554,SOMERVILLE,2023,2023-09-22,0,13:39:00,,0,0,0.0,42.397,-71.1246,,2023-09-22 13:39:00,50.67921516776186,0.0,0.6452454938256669
664,SomervillePD,23054737,SOMERVILLE,2023,2023-09-23,0,17:29:00,,0,1,0.0,42.3994,-71.1189,,2023-09-23 17:29:00,MassDOT,5309371,SOMERVILLE,2023,2023-09-23,0,17:29:00,Local,0,1,0.0,42.39943451,-71.1189153,0,2023-09-23 17:29:00,4.030684405513394,0.0,0.9717852091614061
665,SomervillePD,23054748,SOMERVILLE,2023,2023-09-23,0,18:38:00,,0,0,0.0,42.3884,-71.1034,,2023-09-23 18:38:00,MassDOT,5309374,SOMERVILLE,2023,2023-09-23,0,18:38:00,Local,0,0,0.0,42.38841507,-71.10342838,0,2023-09-23 18:38:00,2.865602831111123,0.0,0.979940780182222
666,SomervillePD,23055348,SOMERVILLE,2023,2023-09-26,0,23:00:00,,0,0,0.0,42.3911,-71.0935,,2023-09-26 23:00:00,MassDOT,5309365,SOMERVILLE,2023,2023-09-26,0,23:00:00,Local,0,0,0.0,42.39125969,-71.09378269,0,2023-09-26 23:00:00,29.17663361734242,0.0,0.795763564678603
667,MassDOT,5309363,SOMERVILLE,2023,2023-09-27,2,08:17:00,Local,0,0,0.0,42.38822212,-71.09059848,0,2023-09-27 08:17:00,SomervillePD,23055398,SOMERVILLE,2023,2023-09-27,2,08:17:00,,0,0,0.0,42.3882,-71.0906,,2023-09-27 08:17:00,2.4584802916908073,0.0,0.9827906379581643
668,SomervillePD,23055760,SOMERVILLE,2023,2023-09-28,0,18:42:00,,0,0,0.0,42.3933,-71.1149,,2023-09-28 18:42:00,MassDOT,5309370,SOMERVILLE,2023,2023-09-28,0,18:42:00,Local,0,0,0.0,42.39329192,-71.11489802,0,2023-09-28 18:42:00,0.9114493447669096,0.0,0.9936198545866315
669,MassDOT,5309376,SOMERVILLE,2023,2023-09-29,0,20:07:00,Local,0,0,0.0,42.38434764,-71.08341234,0,2023-09-29 20:07:00,SomervillePD,23055964,SOMERVILLE,2023,2023-09-29,0,20:07:00,,0,0,0.0,42.3843,-71.0834,,2023-09-29 20:07:00,5.383957017118641,0.0,0.9623123008801695
670,MassDOT,5321435,SOMERVILLE,2023,2023-10-01,0,15:31:00,Local,0,0,0.0,42.39736101,-71.10439596,0,2023-10-01 15:31:00,SomervillePD,23056268,SOMERVILLE,2023,2023-10-01,0,15:31:00,,0,0,0.0,42.3973,-71.1043,,2023-10-01 15:31:00,10.37959228514796,0.0,0.9273428540039643
671,MassDOT,5321447,SOMERVILLE,2023,2023-10-02,0,11:58:00,Local,0,0,0.0,42.37756423,-71.09636029,0,2023-10-02 11:58:00,SomervillePD,23056410,SOMERVILLE,2023,2023-10-02,0,11:58:00,,0,0,0.0,42.3776,-71.0964,,2023-10-02 11:58:00,5.134884951396526,0.0,0.9640558053402244
672,MassDOT,5321465,SOMERVILLE,2023,2023-10-03,2,08:00:00,Local,1,0,0.0,42.3861878,-71.11614564,0,2023-10-03 08:00:00,SomervillePD,23056752,SOMERVILLE,2023,2023-10-03,2,08:00:00,,1,0,0.0,42.3862,-71.1161,,2023-10-03 08:00:00,3.9793757562911387,0.0,0.972144369705962
673,SomervillePD,23057639,SOMERVILLE,2023,2023-10-05,0,17:00:00,,0,0,0.0,42.3796,-71.0973,,2023-10-05 17:00:00,MassDOT,5321445,SOMERVILLE,2023,2023-10-05,0,17:00:00,Local,0,0,0.0,42.37954669,-71.09726421,0,2023-10-05 17:00:00,6.60512404821976,0.0,0.9537641316624617
674,MassDOT,5321456,SOMERVILLE,2023,2023-10-05,0,17:14:00,Local,1,0,0.0,42.40229081,-71.12496351,0,2023-10-05 17:14:00,SomervillePD,23057145,SOMERVILLE,2023,2023-10-05,0,17:14:00,,1,0,0.0,42.4023,-71.1245,,2023-10-05 17:14:00,38.005544520628774,0.0,0.7339611883555985
675,MassDOT,5359101,BOSTON,2023,2023-10-05,2,17:41:00,Local,0,1,1.0,42.31293173,-71.0574266,0,2023-10-05 17:41:00,BostonVisionZero,28157,BOSTON,2023,2023-10-05,,18:33:12,,0,1,,42.31289521288713,-71.05774276511467,,2023-10-05 18:33:12,26.26616978001946,3132.0,0.5551368115398638
676,MassDOT,5321466,SOMERVILLE,2023,2023-10-06,0,07:01:00,Local,0,0,0.0,42.38713193,-71.08579306,0,2023-10-06 07:01:00,SomervillePD,23057246,SOMERVILLE,2023,2023-10-06,0,07:01:00,,0,0,0.0,42.3871,-71.0858,,2023-10-06 07:01:00,3.589610374811207,0.0,0.9748727273763216
677,MassDOT,5321471,SOMERVILLE,2023,2023-10-06,2,07:20:00,Local,1,0,0.0,42.38048746,-71.09773901,0,2023-10-06 07:20:00,SomervillePD,23057249,SOMERVILLE,2023,2023-10-06,2,07:20:00,,1,0,0.0,42.3805,-71.0978,,2023-10-06 07:20:00,5.190920468667595,0.0,0.9636635567193268
678,SomervillePD,23057370,SOMERVILLE,2023,2023-10-06,0,15:23:00,,0,0,0.0,42.394,-71.096,,2023-10-06 15:23:00,MassDOT,5321467,SOMERVILLE,2023,2023-10-06,0,15:23:00,Local,0,0,0.0,42.39392894,-71.09604913,0,2023-10-06 15:23:00,8.856406327347681,0.0,0.9380051557085662
679,MassDOT,5321441,SOMERVILLE,2023,2023-10-10,0,08:41:00,Local,0,0,0.0,42.40109645,-71.12073036,0,2023-10-10 08:41:00,SomervillePD,23058205,SOMERVILLE,2023,2023-10-10,0,08:41:00,,0,0,0.0,42.4011,-71.1207,,2023-10-10 08:41:00,2.519526647216462,0.0,0.9823633134694847
680,MassDOT,5321455,SOMERVILLE,2023,2023-10-11,2,07:22:00,Local,0,0,0.0,42.39756637,-71.10504773,0,2023-10-11 07:22:00,SomervillePD,23058437,SOMERVILLE,2023,2023-10-11,2,07:22:00,,0,0,0.0,42.3976,-71.105,,2023-10-11 07:22:00,5.407633780882208,0.0,0.9621465635338244
681,MassDOT,5321468,SOMERVILLE,2023,2023-10-13,2,10:58:00,Local,1,0,0.0,42.39137232,-71.10714938,0,2023-10-13 10:58:00,SomervillePD,23058971,SOMERVILLE,2023,2023-10-13,2,10:58:00,,1,0,0.0,42.3914,-71.1071,,2023-10-13 10:58:00,5.0821017476853685,0.0,0.9644252877662025
682,MassDOT,5321450,SOMERVILLE,2023,2023-10-14,0,10:05:00,Local,0,0,0.0,42.3983501,-71.12112939,0,2023-10-14 10:05:00,SomervillePD,23059255,SOMERVILLE,2023,2023-10-14,0,10:05:00,,0,0,0.0,42.3985,-71.1213,,2023-10-14 10:05:00,21.735542323147534,0.0,0.8478512037379671
683,MassDOT,5321459,SOMERVILLE,2023,2023-10-14,2,12:53:00,Local,0,0,0.0,42.39345258,-71.09487396,0,2023-10-14 12:53:00,SomervillePD,23059285,SOMERVILLE,2023,2023-10-14,2,12:53:00,,0,0,0.0,42.3937,-71.0943,,2023-10-14 12:53:00,54.48028092132771,0.0,0.618638033550706
684,MassDOT,5321460,SOMERVILLE,2023,2023-10-14,2,15:22:00,Local,0,0,0.0,42.40543731,-71.12583656,0,2023-10-14 15:22:00,SomervillePD,23059311,SOMERVILLE,2023,2023-10-14,2,15:22:00,,0,0,0.0,42.4054,-71.1258,,2023-10-14 15:22:00,5.111785435044708,0.0,0.964217501954687
685,SomervillePD,23059441,SOMERVILLE,2023,2023-10-15,0,01:08:00,,0,0,0.0,42.3936,-71.0865,,2023-10-15 01:08:00,MassDOT,5321469,SOMERVILLE,2023,2023-10-15,0,01:08:00,Local,0,0,0.0,42.39360111,-71.08646288,0,2023-10-15 01:08:00,3.045475991505591,0.0,0.9786816680594608
686,SomervillePD,23059641,SOMERVILLE,2023,2023-10-15,0,20:58:00,,0,0,0.0,42.3907,-71.0825,,2023-10-15 20:58:00,MassDOT,5321463,SOMERVILLE,2023,2023-10-15,0,20:58:00,Local,0,0,0.0,42.39065173,-71.08244077,0,2023-10-15 20:58:00,7.230893677500322,0.0,0.9493837442574977
687,SomervillePD,23059805,SOMERVILLE,2023,2023-10-16,0,11:44:00,,0,0,0.0,42.3855,-71.0996,,2023-10-16 11:44:00,MassDOT,5321439,SOMERVILLE,2023,2023-10-16,0,11:44:00,Local,0,0,0.0,42.38552277,-71.0996502,0,2023-10-16 11:44:00,4.829873752377778,0.0,0.9661908837333555
688,SomervillePD,23059878,SOMERVILLE,2023,2023-10-16,0,17:13:00,,0,0,0.0,42.3927,-71.0881,,2023-10-16 17:13:00,MassDOT,5321436,SOMERVILLE,2023,2023-10-16,0,17:13:00,Local,0,0,0.0,42.39251389,-71.0879434,0,2023-10-16 17:13:00,24.322210095694057,0.0,0.8297445293301415
689,SomervillePD,23060785,SOMERVILLE,2023,2023-10-20,0,14:12:00,,0,0,0.0,42.393,-71.1076,,2023-10-20 14:12:00,MassDOT,5321448,SOMERVILLE,2023,2023-10-20,0,14:12:00,Local,0,0,0.0,42.3930157,-71.10814864,0,2023-10-20 14:12:00,45.00998759597058,0.0,0.6849300868282059
690,SomervillePD,23061082,SOMERVILLE,2023,2023-10-21,0,22:55:00,,0,0,0.0,42.376,-71.1029,,2023-10-21 22:55:00,MassDOT,5321461,SOMERVILLE,2023,2023-10-21,0,22:55:00,Local,0,0,0.0,42.37574349,-71.10328712,0,2023-10-21 22:55:00,42.64221075326484,0.0,0.7015045247271461
691,SomervillePD,23061252,SOMERVILLE,2023,2023-10-22,0,17:46:00,,0,0,0.0,42.4135,-71.131,,2023-10-22 17:46:00,MassDOT,5321464,SOMERVILLE,2023,2023-10-22,0,17:46:00,Local,0,0,0.0,42.41323983,-71.13121958,0,2023-10-22 17:46:00,34.026478360020455,0.0,0.7618146514798567
692,SomervillePD,23061677,SOMERVILLE,2023,2023-10-24,0,18:13:00,,1,0,0.0,42.3821,-71.0826,,2023-10-24 18:13:00,MassDOT,5321446,SOMERVILLE,2023,2023-10-24,0,18:13:00,Local,1,0,0.0,42.38177723,-71.08307237,0,2023-10-24 18:13:00,52.760412427389134,0.0,0.630677113008276
693,SomervillePD,23061781,SOMERVILLE,2023,2023-10-25,0,08:43:00,,0,0,0.0,42.3882,-71.0963,,2023-10-25 08:43:00,MassDOT,5321449,SOMERVILLE,2023,2023-10-25,0,08:43:00,Local,0,0,0.0,42.38830413,-71.09628393,0,2023-10-25 08:43:00,11.633273973587016,0.0,0.9185670821848908
694,MassDOT,5321473,SOMERVILLE,2023,2023-10-25,0,20:53:00,Local,0,0,0.0,42.38543042,-71.10340279,0,2023-10-25 20:53:00,SomervillePD,23061919,SOMERVILLE,2023,2023-10-25,0,20:53:00,,0,0,0.0,42.3856,-71.1034,,2023-10-25 20:53:00,18.82476982704688,0.0,0.8682266112106718
695,SomervillePD,23062001,SOMERVILLE,2023,2023-10-26,0,09:56:00,,0,0,0.0,42.3888,-71.104,,2023-10-26 09:56:00,MassDOT,5321452,SOMERVILLE,2023,2023-10-26,0,09:56:00,Local,0,0,0.0,42.38859328,-71.10395545,0,2023-10-26 09:56:00,23.234777974557026,0.0,0.8373565541781007
696,SomervillePD,23062560,SOMERVILLE,2023,2023-10-28,2,11:42:00,,1,0,0.0,42.3928,-71.1203,,2023-10-28 11:42:00,MassDOT,5321458,SOMERVILLE,2023,2023-10-28,2,11:42:00,Local,1,0,0.0,42.39283468,-71.12025631,0,2023-10-28 11:42:00,5.257991374923359,0.0,0.9631940603755365
697,SomervillePD,23062570,SOMERVILLE,2023,2023-10-28,0,12:27:00,,0,0,0.0,42.3977,-71.123,,2023-10-28 12:27:00,MassDOT,5321472,SOMERVILLE,2023,2023-10-28,0,12:27:00,Local,0,0,0.0,42.39723177,-71.12242893,0,2023-10-28 12:27:00,69.94686240050474,0.0,0.5103719631964668
698,MassDOT,5321451,SOMERVILLE,2023,2023-10-28,2,13:53:00,Local,0,0,0.0,42.38653203,-71.09782522,0,2023-10-28 13:53:00,SomervillePD,23062590,SOMERVILLE,2023,2023-10-28,2,13:53:00,,0,0,0.0,42.3865,-71.0978,,2023-10-28 13:53:00,4.112871820043616,0.0,0.9712098972596945
699,MassDOT,5321454,SOMERVILLE,2023,2023-10-28,0,14:31:00,Local,0,0,0.0,42.37828634,-71.10638278,0,2023-10-28 14:31:00,SomervillePD,23062603,SOMERVILLE,2023,2023-10-28,0,14:31:00,,0,0,0.0,42.3783,-71.1064,,2023-10-28 14:31:00,2.0718954377638807,0.0,0.9854967319356527
700,MassDOT,5321438,SOMERVILLE,2023,2023-10-30,0,09:26:00,Local,0,0,0.0,42.40588478,-71.13127497,0,2023-10-30 09:26:00,SomervillePD,23062952,SOMERVILLE,2023,2023-10-30,0,09:26:00,,0,0,0.0,42.4062,-71.1313,,2023-10-30 09:26:00,35.0495090252814,0.0,0.7546534368230302
701,SomervillePD,23063326,SOMERVILLE,2023,2023-11-01,2,11:59:00,,0,0,0.0,42.3764,-71.1037,,2023-11-01 11:59:00,MassDOT,5336447,SOMERVILLE,2023,2023-11-01,2,11:59:00,Local,0,0,0.0,42.37629056,-71.10394708,0,2023-11-01 11:59:00,23.623165633277946,0.0,0.8346378405670543
702,SomervillePD,23063352,SOMERVILLE,2023,2023-11-01,2,13:24:00,,0,0,0.0,42.3935,-71.1016,,2023-11-01 13:24:00,MassDOT,5336453,SOMERVILLE,2023,2023-11-01,2,13:24:00,Local,0,0,0.0,42.39362006,-71.1014663,0,2023-11-01 13:24:00,17.254816335508615,0.0,0.8792162856514396
703,SomervillePD,23063440,SOMERVILLE,2023,2023-11-01,0,19:58:00,,0,0,0.0,42.3783,-71.0919,,2023-11-01 19:58:00,MassDOT,5336448,SOMERVILLE,2023,2023-11-01,0,19:58:00,Local,0,0,0.0,42.37827691,-71.09183104,0,2023-11-01 19:58:00,6.208248241856348,0.0,0.9565422623070055
704,SomervillePD,23063440,SOMERVILLE,2023,2023-11-01,0,19:58:00,,0,0,0.0,42.3783,-71.0919,,2023-11-01 19:58:00,MassDOT,5336449,SOMERVILLE,2023,2023-11-01,0,20:06:00,Local,0,0,0.0,42.37749758,-71.0916354,0,2023-11-01 20:06:00,91.67307011185866,480.0,0.3182885092169893
705,SomervillePD,23063444,SOMERVILLE,2023,2023-11-01,0,20:06:00,,0,0,0.0,42.3773,-71.0917,,2023-11-01 20:06:00,MassDOT,5336449,SOMERVILLE,2023,2023-11-01,0,20:06:00,Local,0,0,0.0,42.37749758,-71.0916354,0,2023-11-01 20:06:00,22.562014935961866,0.0,0.8420658954482669
706,BostonVisionZero,31022,BOSTON,2023,2023-11-03,,09:41:25,,0,0,,42.30414396292917,-71.08232420631086,,2023-11-03 09:41:25,MassDOT,5359563,BOSTON,2023,2023-11-03,0,10:26:00,Local,0,0,1.0,42.30412086,-71.08230931,0,2023-11-03 10:26:00,2.8410811963780813,2675.0,0.7571957649586867
707,SomervillePD,23063933,SOMERVILLE,2023,2023-11-04,0,00:00:00,,0,0,0.0,42.3774,-71.0954,,2023-11-04 00:00:00,MassDOT,5336452,SOMERVILLE,2023,2023-11-04,0,00:00:00,Local,0,0,0.0,42.37739631,-71.0952887,0,2023-11-04 00:00:00,9.13557056608607,0.0,0.9360510060373974
708,MassDOT,5336474,SOMERVILLE,2023,2023-11-04,0,14:54:00,Local,0,0,0.0,42.3807455,-71.10871762,0,2023-11-04 14:54:00,SomervillePD,23064059,SOMERVILLE,2023,2023-11-04,0,14:54:00,,0,0,0.0,42.3809,-71.1085,,2023-11-04 14:54:00,24.748629584433495,0.0,0.8267595929089655
709,MassDOT,5336456,SOMERVILLE,2023,2023-11-05,2,14:54:00,Local,0,0,0.0,42.39736101,-71.10439596,0,2023-11-05 14:54:00,SomervillePD,23064221,SOMERVILLE,2023,2023-11-05,2,14:54:00,,0,0,0.0,42.3974,-71.1053,,2023-11-05 14:54:00,74.23222774988643,0.0,0.48037440575079493
710,SomervillePD,23064997,SOMERVILLE,2023,2023-11-09,2,08:56:00,,1,0,0.0,42.3742,-71.088,,2023-11-09 08:56:00,MassDOT,5336451,SOMERVILLE,2023,2023-11-09,2,08:56:00,Local,1,0,0.0,42.37414168,-71.08807106,0,2023-11-09 08:56:00,8.709839908527753,0.0,0.9390311206403057
711,MassDOT,5336473,SOMERVILLE,2023,2023-11-10,2,16:31:00,Local,1,0,0.0,42.3856915,-71.08783795,0,2023-11-10 16:31:00,SomervillePD,23065298,SOMERVILLE,2023,2023-11-10,2,16:31:00,,1,0,0.0,42.3857,-71.0878,,2023-11-10 16:31:00,3.251322556812523,0.0,0.9772407421023124
712,SomervillePD,23065693,SOMERVILLE,2023,2023-11-12,0,19:14:00,,0,0,0.0,42.3846,-71.0842,,2023-11-12 19:14:00,MassDOT,5336450,SOMERVILLE,2023,2023-11-12,0,19:14:00,Local,0,0,0.0,42.38456266,-71.08421204,0,2023-11-12 19:14:00,4.260671523218146,0.0,0.970175299337473
713,SomervillePD,23065830,SOMERVILLE,2023,2023-11-13,2,14:14:00,,0,0,0.0,42.3928,-71.0905,,2023-11-13 14:14:00,MassDOT,5336445,SOMERVILLE,2023,2023-11-13,2,14:14:00,Local,0,0,0.0,42.39262621,-71.09040394,0,2023-11-13 14:14:00,20.836103808620425,0.0,0.8541472733396569
714,SomervillePD,23066086,SOMERVILLE,2023,2023-11-14,0,18:55:00,,1,0,0.0,42.3774,-71.105,,2023-11-14 18:55:00,MassDOT,5336454,SOMERVILLE,2023,2023-11-14,0,18:55:00,Local,1,0,0.0,42.37724319,-71.10510682,0,2023-11-14 18:55:00,19.485542263364348,0.0,0.8636012041564496
715,MassDOT,5336463,SOMERVILLE,2023,2023-11-16,2,07:34:00,Local,1,0,0.0,42.37917799,-71.09406584,0,2023-11-16 07:34:00,SomervillePD,23066361,SOMERVILLE,2023,2023-11-16,2,07:34:00,,1,0,0.0,42.3786,-71.0937,,2023-11-16 07:34:00,70.82334211211332,0.0,0.5042366052152067
716,MassDOT,5336462,SOMERVILLE,2023,2023-11-18,0,22:59:00,Local,0,0,0.0,42.40690539,-71.13355195,0,2023-11-18 22:59:00,SomervillePD,23066902,SOMERVILLE,2023,2023-11-18,0,22:59:00,,0,0,0.0,42.4069,-71.1336,,2023-11-18 22:59:00,3.9833422870222757,0.0,0.972116603990844
717,MassDOT,5336467,SOMERVILLE,2023,2023-11-20,0,19:12:00,Local,0,0,0.0,42.39841905,-71.11384772,0,2023-11-20 19:12:00,SomervillePD,23067267,SOMERVILLE,2023,2023-11-20,0,19:12:00,,0,0,0.0,42.3983,-71.1138,,2023-11-20 19:12:00,13.781336617887547,0.0,0.9035306436747872
718,SomervillePD,23067404,SOMERVILLE,2023,2023-11-21,2,15:24:00,,1,0,0.0,42.3815,-71.085,,2023-11-21 15:24:00,MassDOT,5336455,SOMERVILLE,2023,2023-11-21,2,15:24:00,Local,1,0,0.0,42.38152241,-71.08496024,0,2023-11-21 15:24:00,4.1006708565018855,0.0,0.9712953040044867
719,MassDOT,5336461,SOMERVILLE,2023,2023-11-21,2,20:05:00,Local,1,0,0.0,42.38317285,-71.11241406,0,2023-11-21 20:05:00,SomervillePD,23067448,SOMERVILLE,2023,2023-11-21,2,20:05:00,,1,0,0.0,42.3833,-71.1126,,2023-11-21 20:05:00,20.775341689187044,0.0,0.8545726081756906
720,SomervillePD,23067456,SOMERVILLE,2023,2023-11-21,0,20:36:00,,0,0,0.0,42.4133,-71.1298,,2023-11-21 20:36:00,MassDOT,5336464,SOMERVILLE,2023,2023-11-21,0,20:36:00,Local,0,0,0.0,42.41334211,-71.13007265,0,2023-11-21 20:36:00,22.827657065511747,0.0,0.8402064005414176
721,SomervillePD,23067571,SOMERVILLE,2023,2023-11-22,0,16:58:00,,0,0,0.0,42.3941,-71.0956,,2023-11-22 16:58:00,MassDOT,5336460,SOMERVILLE,2023,2023-11-22,0,16:58:00,Local,0,0,0.0,42.39392757,-71.09578196,0,2023-11-22 16:58:00,24.265782613913974,0.0,0.8301395217026022
722,SomervillePD,23068041,SOMERVILLE,2023,2023-11-26,0,08:00:00,,0,0,0.0,42.4015,-71.118,,2023-11-26 08:00:00,MassDOT,5336458,SOMERVILLE,2023,2023-11-26,0,08:00:00,Local,0,0,0.0,42.4015882,-71.11771489,0,2023-11-26 08:00:00,25.337347896604495,0.0,0.8226385647237686
723,SomervillePD,23068062,SOMERVILLE,2023,2023-11-26,2,11:56:00,,1,0,0.0,42.3846,-71.0927,,2023-11-26 11:56:00,MassDOT,5336466,SOMERVILLE,2023,2023-11-26,2,11:56:00,Local,1,0,0.0,42.38437594,-71.09225221,0,2023-11-26 11:56:00,44.34462271069282,0.0,0.6895876410251502
724,SomervillePD,23068136,SOMERVILLE,2023,2023-11-26,0,23:40:00,,0,0,0.0,42.3846,-71.0835,,2023-11-26 23:40:00,MassDOT,5336468,SOMERVILLE,2023,2023-11-26,0,23:40:00,Local,0,0,0.0,42.38434764,-71.08341234,0,2023-11-26 23:40:00,28.91927867371566,0.0,0.7975650492839903
725,MassDOT,5336469,SOMERVILLE,2023,2023-11-27,0,10:24:00,Local,0,0,0.0,42.39020297,-71.1079417,0,2023-11-27 10:24:00,SomervillePD,23068218,SOMERVILLE,2023,2023-11-27,0,10:24:00,,0,0,0.0,42.3902,-71.108,,2023-11-27 10:24:00,4.790868224275036,0.0,0.9664639224300746
726,SomervillePD,23068454,SOMERVILLE,2023,2023-11-28,2,14:43:00,,0,1,0.0,42.3861,-71.0938,,2023-11-28 14:43:00,MassDOT,5336457,SOMERVILLE,2023,2023-11-28,2,14:43:00,Local,0,1,0.0,42.38585705,-71.09380684,0,2023-11-28 14:43:00,26.973280182943927,0.0,0.8111870387193925
727,MassDOT,5336470,SOMERVILLE,2023,2023-11-28,0,16:22:00,Local,0,0,0.0,42.40516604,-71.12522794,0,2023-11-28 16:22:00,SomervillePD,23068471,SOMERVILLE,2023,2023-11-28,0,16:22:00,,0,0,0.0,42.4054,-71.1252,,2023-11-28 16:22:00,26.070331872751222,0.0,0.8175076768907414
728,MassDOT,5336465,SOMERVILLE,2023,2023-11-29,2,07:49:00,Local,0,1,0.0,42.39985767,-71.11202158,0,2023-11-29 07:49:00,SomervillePD,23068587,SOMERVILLE,2023,2023-11-29,2,07:49:00,,0,1,0.0,42.3999,-71.112,,2023-11-29 07:49:00,5.020565566766671,0.0,0.9648560410326332
729,SomervillePD,23068822,SOMERVILLE,2023,2023-11-30,0,11:09:00,,0,0,0.0,42.3863,-71.0939,,2023-11-30 11:09:00,MassDOT,5336459,SOMERVILLE,2023,2023-11-30,0,11:09:00,Local,0,0,0.0,42.38601839,-71.09397604,0,2023-11-30 11:09:00,31.874328347540665,0.0,0.7768797015672153
730,SomervillePD,23068894,SOMERVILLE,2023,2023-11-30,0,16:41:00,,0,0,0.0,42.3752,-71.0966,,2023-11-30 16:41:00,MassDOT,5336471,SOMERVILLE,2023,2023-11-30,0,16:41:00,Local,0,0,0.0,42.37571102,-71.09648969,0,2023-11-30 16:41:00,57.439926623962506,0.0,0.5979205136322624
731,SomervillePD,23068976,SOMERVILLE,2023,2023-12-01,2,00:25:00,,0,0,0.0,42.3757,-71.0962,,2023-12-01 00:25:00,MassDOT,5348127,SOMERVILLE,2023,2023-12-01,2,00:25:00,Local,0,0,0.0,42.37587225,-71.09636959,0,2023-12-01 00:25:00,23.64219877003726,0.0,0.8345046086097392
732,MassDOT,5348113,SOMERVILLE,2023,2023-12-01,0,02:38:00,Local,0,0,0.0,42.39102921,-71.08254279,0,2023-12-01 02:38:00,SomervillePD,23069013,SOMERVILLE,2023,2023-12-01,0,02:38:00,,0,0,0.0,42.3909,-71.0822,,2023-12-01 02:38:00,31.55035692489995,0.0,0.7791475015257002
733,MassDOT,5348109,SOMERVILLE,2023,2023-12-03,2,14:16:00,Local,1,0,0.0,42.38197038,-71.11093189,0,2023-12-03 14:16:00,SomervillePD,23069546,SOMERVILLE,2023,2023-12-03,2,14:16:00,,1,0,0.0,42.382,-71.1109,,2023-12-03 14:16:00,4.200781095272631,0.0,0.9705945323330916
734,MassDOT,5348110,SOMERVILLE,2023,2023-12-03,0,16:46:00,Local,0,0,0.0,42.39407428,-71.09606882,0,2023-12-03 16:46:00,SomervillePD,23069568,SOMERVILLE,2023,2023-12-03,0,16:46:00,,0,0,0.0,42.3943,-71.096,,2023-12-03 16:46:00,25.682226442033127,0.0,0.820224414905768
735,MassDOT,5348116,SOMERVILLE,2023,2023-12-04,0,06:41:00,Local,0,0,0.0,42.39227426,-71.10072135,0,2023-12-04 06:41:00,SomervillePD,23069672,SOMERVILLE,2023,2023-12-04,0,06:41:00,,0,0,0.0,42.3922,-71.1006,,2023-12-04 06:41:00,12.919349043701665,0.0,0.9095645566940882
736,SomervillePD,23070114,SOMERVILLE,2023,2023-12-06,0,07:47:00,,0,0,0.0,42.4054,-71.1258,,2023-12-06 07:47:00,MassDOT,5348123,SOMERVILLE,2023,2023-12-06,0,07:47:00,Local,0,0,0.0,42.40543731,-71.12583656,0,2023-12-06 07:47:00,5.111786479704041,0.0,0.9642174946420716
737,SomervillePD,23070435,SOMERVILLE,2023,2023-12-07,0,16:56:00,,0,0,0.0,42.3903,-71.0901,,2023-12-07 16:56:00,MassDOT,5348129,SOMERVILLE,2023,2023-12-07,0,16:56:00,Local,0,0,0.0,42.39045089,-71.09002958,0,2023-12-07 16:56:00,17.715836041231363,0.0,0.8759891477113804
738,MassDOT,5348115,SOMERVILLE,2023,2023-12-08,0,12:59:00,Local,0,0,0.0,42.39568287,-71.08527329,0,2023-12-08 12:59:00,SomervillePD,23070605,SOMERVILLE,2023,2023-12-08,0,12:59:00,,0,0,0.0,42.3956,-71.0844,,2023-12-08 12:59:00,72.17579719607366,0.0,0.4947694196274844
739,SomervillePD,23070623,SOMERVILLE,2023,2023-12-08,0,14:15:00,,0,0,0.0,42.3879,-71.0836,,2023-12-08 14:15:00,MassDOT,5348117,SOMERVILLE,2023,2023-12-08,0,14:15:00,Local,0,0,0.0,42.38782445,-71.08388894,0,2023-12-08 14:15:00,25.129138201992866,0.0,0.8240960325860498
740,MassDOT,5348119,SOMERVILLE,2023,2023-12-13,0,08:09:00,Local,0,0,0.0,42.38300167,-71.09907587,0,2023-12-13 08:09:00,SomervillePD,23071560,SOMERVILLE,2023,2023-12-13,0,08:09:00,,0,0,0.0,42.383,-71.0991,,2023-12-13 08:09:00,1.9871018345272764,0.0,0.986090287158309
741,SomervillePD,23071759,SOMERVILLE,2023,2023-12-14,2,07:10:00,,0,0,0.0,42.3976,-71.105,,2023-12-14 07:10:00,MassDOT,5348134,SOMERVILLE,2023,2023-12-14,2,07:10:00,Local,0,0,0.0,42.39756637,-71.10504773,0,2023-12-14 07:10:00,5.407632263826787,0.0,0.9621465741532125
742,MassDOT,5348124,SOMERVILLE,2023,2023-12-14,0,08:23:00,Local,0,0,0.0,42.39204937,-71.10863388,0,2023-12-14 08:23:00,SomervillePD,23071767,SOMERVILLE,2023,2023-12-14,0,08:23:00,,0,0,0.0,42.392,-71.1089,,2023-12-14 08:23:00,22.49398058081384,0.0,0.842542135934303
743,SomervillePD,23072645,SOMERVILLE,2023,2023-12-18,0,09:01:00,,0,0,0.0,42.3874,-71.0932,,2023-12-18 09:01:00,MassDOT,5348114,SOMERVILLE,2023,2023-12-18,0,09:01:00,Local,0,0,0.0,42.38736083,-71.09317513,0,2023-12-18 09:01:00,4.802224466349622,0.0,0.9663844287355525
744,SomervillePD,23072748,SOMERVILLE,2023,2023-12-18,0,14:32:00,,0,0,0.0,42.3775,-71.0949,,2023-12-18 14:32:00,MassDOT,5348142,SOMERVILLE,2023,2023-12-18,0,14:32:00,Local,0,0,0.0,42.37737572,-71.09530444,0,2023-12-18 14:32:00,35.918030021359606,0.0,0.7485737898504827
745,MassDOT,5348125,SOMERVILLE,2023,2023-12-18,0,20:00:00,Local,0,0,0.0,42.38617812,-71.10553206,0,2023-12-18 20:00:00,SomervillePD,23072828,SOMERVILLE,2023,2023-12-18,0,20:00:00,,0,0,0.0,42.3866,-71.1055,,2023-12-18 20:00:00,46.9023904694866,0.0,0.6716832667135938
746,SomervillePD,23072903,SOMERVILLE,2023,2023-12-19,0,09:23:00,,0,0,0.0,42.3965,-71.1223,,2023-12-19 09:23:00,MassDOT,5348120,SOMERVILLE,2023,2023-12-19,0,09:23:00,Local,0,0,0.0,42.39648884,-71.12230871,0,2023-12-19 09:23:00,1.4297909300307685,0.0,0.9899914634897846
747,MassDOT,5348135,SOMERVILLE,2023,2023-12-19,2,14:27:00,Local,1,0,0.0,42.39629171,-71.12215399,0,2023-12-19 14:27:00,SomervillePD,23072959,SOMERVILLE,2023,2023-12-19,2,14:27:00,,1,0,0.0,42.3966,-71.123,,2023-12-19 14:27:00,77.33360340632075,0.0,0.45866477615575474
748,SomervillePD,23073746,SOMERVILLE,2023,2023-12-23,2,03:29:00,,0,0,0.0,42.3753,-71.0965,,2023-12-23 03:29:00,MassDOT,5348143,SOMERVILLE,2023,2023-12-23,2,03:29:00,Local,0,0,0.0,42.37573789,-71.09646967,0,2023-12-23 03:29:00,48.66937856521484,0.0,0.659314350043496
749,MassDOT,5348140,SOMERVILLE,2023,2023-12-25,0,23:24:00,Local,0,0,0.0,42.38964552,-71.09530543,0,2023-12-25 23:24:00,SomervillePD,23074162,SOMERVILLE,2023,2023-12-25,0,23:24:00,,0,0,0.0,42.3901,-71.0959,,2023-12-25 23:24:00,70.1492210264039,0.0,0.5089554528151727
750,SomervillePD,23074811,SOMERVILLE,2023,2023-12-29,0,08:54:00,,0,0,0.0,42.3746,-71.085,,2023-12-29 08:54:00,MassDOT,5348141,SOMERVILLE,2023,2023-12-29,0,08:54:00,Local,0,0,0.0,42.37528162,-71.08543528,0,2023-12-29 08:54:00,83.65673355031848,0.0,0.4144028651477707
751,SomervillePD,23074956,SOMERVILLE,2023,2023-12-29,2,21:33:00,,0,0,0.0,42.3909,-71.1183,,2023-12-29 21:33:00,MassDOT,5348121,SOMERVILLE,2023,2023-12-29,2,21:33:00,Local,0,0,0.0,42.39091866,-71.11830813,0,2023-12-29 21:33:00,2.1758541824213173,0.0,0.9847690207230506
752,MassDOT,5361947,SOMERVILLE,2024,2024-01-02,0,01:30:00,Local,0,0,0.0,42.39221884,-71.09250087,0,2024-01-02 01:30:00,SomervillePD,24000153,SOMERVILLE,2024,2024-01-02,0,01:30:00,,0,0,0.0,42.3923,-71.0919,,2024-01-02 01:30:00,50.07556360995378,0.0,0.6494710547303235
753,SomervillePD,24000475,SOMERVILLE,2024,2024-01-03,0,20:54:00,,0,0,0.0,42.3813,-71.0871,,2024-01-03 20:54:00,MassDOT,5361946,SOMERVILLE,2024,2024-01-03,0,20:54:00,Local,0,0,0.0,42.38109328,-71.08716871,0,2024-01-03 20:54:00,23.62740431166317,0.0,0.8346081698183578
754,MassDOT,5361954,SOMERVILLE,2024,2024-01-07,0,12:55:00,Local,0,0,0.0,42.39943451,-71.1189153,0,2024-01-07 12:55:00,SomervillePD,24001177,SOMERVILLE,2024,2024-01-07,0,12:55:00,,0,0,0.0,42.3994,-71.1189,,2024-01-07 12:55:00,4.030684190903129,0.0,0.971785210663678
755,SomervillePD,24001212,SOMERVILLE,2024,2024-01-07,0,15:56:00,,0,0,0.0,42.3741,-71.0885,,2024-01-07 15:56:00,MassDOT,5361949,SOMERVILLE,2024,2024-01-07,0,15:56:00,Local,0,0,0.0,42.37414213,-71.0885112,0,2024-01-07 15:56:00,4.765763825090911,0.0,0.9666396532243635
756,SomervillePD,24001316,SOMERVILLE,2024,2024-01-08,0,11:20:00,,0,0,0.0,42.3941,-71.097,,2024-01-08 11:20:00,MassDOT,5361952,SOMERVILLE,2024,2024-01-08,0,11:20:00,Local,0,0,0.0,42.39436195,-71.09688117,0,2024-01-08 11:20:00,30.664827696138097,0.0,0.7853462061270333
757,MassDOT,5361951,SOMERVILLE,2024,2024-01-08,0,13:23:00,Local,0,0,0.0,42.40683446,-71.12437942,0,2024-01-08 13:23:00,SomervillePD,24001325,SOMERVILLE,2024,2024-01-08,0,13:23:00,,0,0,0.0,42.407,-71.1243,,2024-01-08 13:23:00,19.493807437783218,0.0,0.8635433479355175
758,MassDOT,5361956,SOMERVILLE,2024,2024-01-10,2,11:52:00,Local,0,1,1.0,42.39221947,-71.11238935,0,2024-01-10 11:52:00,SomervillePD,24001704,SOMERVILLE,2024,2024-01-10,2,11:52:00,,0,0,1.0,42.3922,-71.1124,,2024-01-10 11:52:00,2.3308609167690197,0.0,0.9836839735826168
759,SomervillePD,24002273,SOMERVILLE,2024,2024-01-13,0,09:43:00,,0,0,0.0,42.4001,-71.1127,,2024-01-13 09:43:00,MassDOT,5361995,SOMERVILLE,2024,2024-01-13,0,09:43:00,Local,0,0,0.0,42.40009181,-71.11271118,0,2024-01-13 09:43:00,1.2908315692295798,0.0,0.9909641790153929
760,SomervillePD,24002624,SOMERVILLE,2024,2024-01-15,0,15:15:00,,0,0,0.0,42.3891,-71.0858,,2024-01-15 15:15:00,MassDOT,5361957,SOMERVILLE,2024,2024-01-15,0,15:15:00,Local,0,0,0.0,42.38897599,-71.08570187,0,2024-01-15 15:15:00,15.94364448586569,0.0,0.8883944885989401
761,SomervillePD,24002690,SOMERVILLE,2024,2024-01-16,2,01:54:00,,0,0,0.0,42.3784,-71.0964,,2024-01-16 01:54:00,MassDOT,5361959,SOMERVILLE,2024,2024-01-16,2,01:54:00,Local,0,0,0.0,42.37858432,-71.09608206,0,2024-01-16 01:54:00,33.13969458481148,0.0,0.7680221379063197
762,SomervillePD,24002739,SOMERVILLE,2024,2024-01-16,2,09:19:00,,0,0,0.0,42.3896,-71.1098,,2024-01-16 09:19:00,MassDOT,5361958,SOMERVILLE,2024,2024-01-16,2,09:19:00,Local,0,0,0.0,42.39004374,-71.10904195,0,2024-01-16 09:19:00,79.29856680717188,0.0,0.44491003234979687
763,MassDOT,5361964,SOMERVILLE,2024,2024-01-16,0,11:16:00,Local,0,0,0.0,42.38041414,-71.10046641,0,2024-01-16 11:16:00,SomervillePD,24002760,SOMERVILLE,2024,2024-01-16,0,11:16:00,,0,0,0.0,42.3806,-71.1007,,2024-01-16 11:16:00,28.15055187682407,0.0,0.8029461368622315
764,MassDOT,5361966,SOMERVILLE,2024,2024-01-16,0,11:41:00,Local,0,0,0.0,42.39060377,-71.1106381,0,2024-01-16 11:41:00,SomervillePD,24002764,SOMERVILLE,2024,2024-01-16,0,11:41:00,,0,0,0.0,42.3906,-71.1104,,2024-01-16 11:41:00,19.524117523753752,0.0,0.8633311773337238
765,MassDOT,5361966,SOMERVILLE,2024,2024-01-16,0,11:41:00,Local,0,0,0.0,42.39060377,-71.1106381,0,2024-01-16 11:41:00,SomervillePD,24002769,SOMERVILLE,2024,2024-01-16,0,12:01:00,,0,0,0.0,42.3907,-71.1108,,2024-01-16 12:01:00,17.037003655855717,1200.0,0.7807409744090099
766,MassDOT,5361966,SOMERVILLE,2024,2024-01-16,0,11:41:00,Local,0,0,0.0,42.39060377,-71.1106381,0,2024-01-16 11:41:00,SomervillePD,24002773,SOMERVILLE,2024,2024-01-16,0,12:25:00,,0,0,0.0,42.391,-71.1102,,2024-01-16 12:25:00,56.783090419798896,2640.0,0.3825183670614077
767,SomervillePD,24002764,SOMERVILLE,2024,2024-01-16,0,11:41:00,,0,0,0.0,42.3906,-71.1104,,2024-01-16 11:41:00,MassDOT,5361963,SOMERVILLE,2024,2024-01-16,0,12:01:00,Local,0,0,0.0,42.39060143,-71.11063988,0,2024-01-16 12:01:00,19.666199987477384,1200.0,0.7623366000876584
768,SomervillePD,24002764,SOMERVILLE,2024,2024-01-16,0,11:41:00,,0,0,0.0,42.3906,-71.1104,,2024-01-16 11:41:00,MassDOT,5361962,SOMERVILLE,2024,2024-01-16,0,12:25:00,Local,0,0,0.0,42.39116778,-71.1100933,0,2024-01-16 12:25:00,67.85402071801937,2640.0,0.3050218549738644
769,SomervillePD,24002769,SOMERVILLE,2024,2024-01-16,0,12:01:00,,0,0,0.0,42.3907,-71.1108,,2024-01-16 12:01:00,MassDOT,5361963,SOMERVILLE,2024,2024-01-16,0,12:01:00,Local,0,0,0.0,42.39060143,-71.11063988,0,2024-01-16 12:01:00,17.088677749700544,0.0,0.8803792557520962
770,SomervillePD,24002769,SOMERVILLE,2024,2024-01-16,0,12:01:00,,0,0,0.0,42.3907,-71.1108,,2024-01-16 12:01:00,MassDOT,5361962,SOMERVILLE,2024,2024-01-16,0,12:25:00,Local,0,0,0.0,42.39116778,-71.1100933,0,2024-01-16 12:25:00,77.79852030581725,1440.0,0.3354103578592792
771,MassDOT,5361963,SOMERVILLE,2024,2024-01-16,0,12:01:00,Local,0,0,0.0,42.39060143,-71.11063988,0,2024-01-16 12:01:00,SomervillePD,24002773,SOMERVILLE,2024,2024-01-16,0,12:25:00,,0,0,0.0,42.391,-71.1102,,2024-01-16 12:25:00,57.076596124968084,1440.0,0.4804638271252234
772,MassDOT,5361962,SOMERVILLE,2024,2024-01-16,0,12:25:00,Local,0,0,0.0,42.39116778,-71.1100933,0,2024-01-16 12:25:00,SomervillePD,24002773,SOMERVILLE,2024,2024-01-16,0,12:25:00,,0,0,0.0,42.391,-71.1102,,2024-01-16 12:25:00,20.575532636264853,0.0,0.8559712715461458
773,MassDOT,5361960,SOMERVILLE,2024,2024-01-17,0,11:59:00,Local,0,0,0.0,42.39407166,-71.12061935,0,2024-01-17 11:59:00,SomervillePD,24002941,SOMERVILLE,2024,2024-01-17,0,11:59:00,,0,0,0.0,42.3941,-71.1206,,2024-01-17 11:59:00,3.5230442988240167,0.0,0.9753386899082319
774,MassDOT,5361961,SOMERVILLE,2024,2024-01-18,0,19:24:00,Local,0,0,0.0,42.38199689,-71.10204122,0,2024-01-18 19:24:00,SomervillePD,24003237,SOMERVILLE,2024,2024-01-18,0,19:24:00,,0,0,0.0,42.382,-71.102,,2024-01-18 19:24:00,3.397297028302187,0.0,0.9762189208018848
775,MassDOT,5361972,SOMERVILLE,2024,2024-01-20,2,11:52:00,Local,0,0,0.0,42.39523674,-71.09114867,0,2024-01-20 11:52:00,SomervillePD,24003531,SOMERVILLE,2024,2024-01-20,2,11:52:00,,0,0,0.0,42.3952,-71.0912,,2024-01-20 11:52:00,5.859736299850627,0.0,0.9589818459010455
776,SomervillePD,24003706,SOMERVILLE,2024,2024-01-21,0,15:59:00,,0,0,0.0,42.394,-71.1238,,2024-01-21 15:59:00,MassDOT,5361973,SOMERVILLE,2024,2024-01-21,0,15:59:00,Local,0,0,0.0,42.3940595,-71.12377235,0,2024-01-21 15:59:00,6.982629053556838,0.0,0.9511215966251021
777,SomervillePD,24003761,SOMERVILLE,2024,2024-01-21,0,21:43:00,,0,0,0.0,42.3898,-71.1065,,2024-01-21 21:43:00,MassDOT,5361971,SOMERVILLE,2024,2024-01-21,0,21:43:00,Local,0,0,0.0,42.38957418,-71.10657873,0,2024-01-21 21:43:00,25.88368318562462,0.0,0.8188142177006277
778,SomervillePD,24003811,SOMERVILLE,2024,2024-01-22,0,07:28:00,,0,0,0.0,42.3932,-71.1004,,2024-01-22 07:28:00,MassDOT,5361969,SOMERVILLE,2024,2024-01-22,0,07:28:00,Local,0,0,0.0,42.39293428,-71.10027384,0,2024-01-22 07:28:00,31.255605824882274,0.0,0.7812107592258241
779,SomervillePD,24004043,SOMERVILLE,2024,2024-01-23,0,10:19:00,,0,0,0.0,42.3978,-71.1227,,2024-01-23 10:19:00,MassDOT,5361977,SOMERVILLE,2024,2024-01-23,0,10:43:00,Local,0,0,0.0,42.39831355,-71.12332475,0,2024-01-23 10:43:00,76.62958992326011,1440.0,0.34359287053717924
780,SomervillePD,24004049,SOMERVILLE,2024,2024-01-23,0,10:43:00,,0,0,0.0,42.3983,-71.1235,,2024-01-23 10:43:00,MassDOT,5361977,SOMERVILLE,2024,2024-01-23,0,10:43:00,Local,0,0,0.0,42.39831355,-71.12332475,0,2024-01-23 10:43:00,14.443898469486607,0.0,0.8988927107135938
781,SomervillePD,24004260,SOMERVILLE,2024,2024-01-24,2,13:16:00,,0,1,0.0,42.3868,-71.0808,,2024-01-24 13:16:00,MassDOT,5361965,SOMERVILLE,2024,2024-01-24,2,13:16:00,Local,0,1,0.0,42.38674138,-71.08080814,0,2024-01-24 13:16:00,6.540954181680098,0.0,0.9542133207282393
782,SomervillePD,24004411,SOMERVILLE,2024,2024-01-25,0,08:44:00,,0,0,0.0,42.395,-71.1067,,2024-01-25 08:44:00,MassDOT,5361978,SOMERVILLE,2024,2024-01-25,0,08:44:00,Local,0,0,0.0,42.39501535,-71.10673485,0,2024-01-25 08:44:00,3.3263478614574726,0.0,0.9767155649697976
783,SomervillePD,24004908,SOMERVILLE,2024,2024-01-27,2,16:46:00,,0,0,0.0,42.381,-71.0886,,2024-01-27 16:46:00,MassDOT,5361976,SOMERVILLE,2024,2024-01-27,2,16:46:00,Local,0,0,0.0,42.38072582,-71.08842315,0,2024-01-27 16:46:00,33.71190261582668,0.0,0.7640166816892131
784,SomervillePD,24004986,SOMERVILLE,2024,2024-01-28,0,02:14:00,,0,0,0.0,42.4048,-71.1317,,2024-01-28 02:14:00,MassDOT,5361967,SOMERVILLE,2024,2024-01-28,0,02:14:00,Local,0,0,0.0,42.40494517,-71.13179578,0,2024-01-28 02:14:00,17.924417572877775,0.0,0.8745290769898555
785,MassDOT,5361979,SOMERVILLE,2024,2024-01-28,0,16:39:00,Local,0,0,0.0,42.3952347,-71.11942379,0,2024-01-28 16:39:00,SomervillePD,24005081,SOMERVILLE,2024,2024-01-28,0,16:39:00,,0,0,0.0,42.3953,-71.1194,,2024-01-28 16:39:00,7.50606780073206,0.0,0.9474575253948756
786,MassDOT,5361968,SOMERVILLE,2024,2024-01-29,0,08:42:00,Local,0,0,0.0,42.38841507,-71.10342838,0,2024-01-29 08:42:00,SomervillePD,24005165,SOMERVILLE,2024,2024-01-29,0,08:42:00,,0,0,0.0,42.3884,-71.1034,,2024-01-29 08:42:00,2.8656023775787416,0.0,0.9799407833569487
787,SomervillePD,24005205,SOMERVILLE,2024,2024-01-29,0,12:09:00,,0,0,0.0,42.383,-71.1016,,2024-01-29 12:09:00,MassDOT,5361970,SOMERVILLE,2024,2024-01-29,0,12:09:00,Local,0,0,0.0,42.38294388,-71.10140567,0,2024-01-29 12:09:00,17.107695952923635,0.0,0.8802461283295346
788,MassDOT,5361974,SOMERVILLE,2024,2024-01-31,0,10:40:00,Local,0,0,0.0,42.40728145,-71.13317666,0,2024-01-31 10:40:00,SomervillePD,24005619,SOMERVILLE,2024,2024-01-31,0,10:40:00,,0,0,0.0,42.4067,-71.1323,,2024-01-31 10:40:00,96.58149899512424,0.0,0.3239295070341303
789,SomervillePD,24006158,SOMERVILLE,2024,2024-02-02,0,18:37:00,,0,0,0.0,42.404,-71.117,,2024-02-02 18:37:00,MassDOT,5371817,SOMERVILLE,2024,2024-02-02,0,18:37:00,Local,0,0,0.0,42.40401461,-71.11719918,0,2024-02-02 18:37:00,16.405803130486817,0.0,0.8851593780865923
790,SomervillePD,24006793,SOMERVILLE,2024,2024-02-06,0,12:20:00,,0,0,0.0,42.3908,-71.0912,,2024-02-06 12:20:00,MassDOT,5371827,SOMERVILLE,2024,2024-02-06,0,12:20:00,Local,0,0,0.0,42.39099086,-71.09096542,0,2024-02-06 12:20:00,28.612148954714403,0.0,0.7997149573169992
791,MassDOT,5371820,SOMERVILLE,2024,2024-02-06,0,19:22:00,Local,0,0,0.0,42.39622744,-71.12238428,0,2024-02-06 19:22:00,SomervillePD,24006890,SOMERVILLE,2024,2024-02-06,0,19:22:00,,0,0,0.0,42.3957,-71.1216,,2024-02-06 19:22:00,86.95308647720606,0.0,0.3913283946595576
792,MassDOT,5371818,SOMERVILLE,2024,2024-02-07,0,08:25:00,Local,0,0,0.0,42.40717949,-71.12983822,0,2024-02-07 08:25:00,SomervillePD,24006983,SOMERVILLE,2024,2024-02-07,0,08:25:00,,0,0,0.0,42.407,-71.13,,2024-02-07 08:25:00,23.93223606063088,0.0,0.8324743475755838
793,SomervillePD,24007188,SOMERVILLE,2024,2024-02-08,0,08:17:00,,0,0,0.0,42.379,-71.0924,,2024-02-08 08:17:00,MassDOT,5371825,SOMERVILLE,2024,2024-02-08,0,08:17:00,Local,0,0,0.0,42.37947595,-71.09248746,0,2024-02-08 08:17:00,53.314960002153896,0.0,0.6267952799849227
794,MassDOT,5371819,SOMERVILLE,2024,2024-02-09,0,05:29:00,Local,0,0,0.0,42.39702676,-71.12196654,0,2024-02-09 05:29:00,SomervillePD,24007409,SOMERVILLE,2024,2024-02-09,0,05:29:00,,0,0,0.0,42.3973,-71.1221,,2024-02-09 05:29:00,32.24238730840689,0.0,0.7743032888411516
795,SomervillePD,24007612,SOMERVILLE,2024,2024-02-10,2,04:48:00,,0,0,0.0,42.4157,-71.1284,,2024-02-10 04:48:00,MassDOT,5371828,SOMERVILLE,2024,2024-02-10,2,04:48:00,Local,0,0,0.0,42.4158791,-71.12836409,0,2024-02-10 04:48:00,20.096720521575943,0.0,0.8593229563489684
796,MassDOT,5371834,SOMERVILLE,2024,2024-02-11,0,00:28:00,Local,0,0,0.0,42.39057733,-71.10879355,0,2024-02-11 00:28:00,SomervillePD,24007770,SOMERVILLE,2024,2024-02-11,0,00:28:00,,0,0,0.0,42.39,-71.1096,,2024-02-11 00:28:00,92.07443106344394,0.0,0.3554789825558924
797,SomervillePD,24007872,SOMERVILLE,2024,2024-02-11,2,16:24:00,,1,0,0.0,42.3746,-71.0885,,2024-02-11 16:24:00,MassDOT,5371838,SOMERVILLE,2024,2024-02-11,2,16:24:00,Local,1,0,0.0,42.37454921,-71.08824646,0,2024-02-11 16:24:00,21.54152684229872,0.0,0.8492093121039088
798,SomervillePD,24007962,SOMERVILLE,2024,2024-02-12,0,06:04:00,,0,0,0.0,42.401,-71.117,,2024-02-12 06:04:00,MassDOT,5371832,SOMERVILLE,2024,2024-02-12,0,06:04:00,Local,0,0,0.0,42.40119637,-71.11709246,0,2024-02-12 06:04:00,23.077019153961835,0.0,0.8384608659222672
799,MassDOT,5371841,SOMERVILLE,2024,2024-02-12,0,07:42:00,Local,0,0,0.0,42.4081002,-71.12834287,0,2024-02-12 07:42:00,SomervillePD,24007973,SOMERVILLE,2024,2024-02-12,0,07:42:00,,0,0,0.0,42.4083,-71.1283,,2024-02-12 07:42:00,22.454392898398684,0.0,0.8428192497112093
800,SomervillePD,24008303,SOMERVILLE,2024,2024-02-14,0,00:02:00,,0,0,0.0,42.3837,-71.1006,,2024-02-14 00:02:00,MassDOT,5371823,SOMERVILLE,2024,2024-02-14,0,00:02:00,Local,0,0,0.0,42.383833,-71.10079955,0,2024-02-14 00:02:00,22.037032866695863,0.0,0.845740769933129
801,SomervillePD,24008425,SOMERVILLE,2024,2024-02-14,0,13:48:00,,1,0,0.0,42.3941,-71.1107,,2024-02-14 13:48:00,MassDOT,5371839,SOMERVILLE,2024,2024-02-14,0,13:48:00,Local,1,0,0.0,42.39411692,-71.11101872,0,2024-02-14 13:48:00,26.194885765756244,0.0,0.8166357996397062
802,SomervillePD,24008482,SOMERVILLE,2024,2024-02-14,0,19:37:00,,0,0,0.0,42.3908,-71.0912,,2024-02-14 19:37:00,MassDOT,5371831,SOMERVILLE,2024,2024-02-14,0,19:37:00,Local,0,0,0.0,42.39083811,-71.09077765,0,2024-02-14 19:37:00,34.88194306881556,0.0,0.755826398518291
803,MassDOT,5371829,SOMERVILLE,2024,2024-02-16,2,16:54:00,Local,0,0,1.0,42.37902967,-71.09400424,0,2024-02-16 16:54:00,SomervillePD,24008878,SOMERVILLE,2024,2024-02-16,2,16:54:00,,0,0,0.0,42.3791,-71.0935,,2024-02-16 16:54:00,42.076174650066164,0.0,0.7054667774495368
804,SomervillePD,24009001,SOMERVILLE,2024,2024-02-17,0,08:47:00,,0,0,0.0,42.3943,-71.1215,,2024-02-17 08:47:00,MassDOT,5371840,SOMERVILLE,2024,2024-02-17,0,08:47:00,Local,0,0,0.0,42.39419877,-71.12110716,0,2024-02-17 08:47:00,34.10750102901907,0.0,0.7612474927968664
805,SomervillePD,24009368,SOMERVILLE,2024,2024-02-19,0,08:48:00,,0,0,0.0,42.3877,-71.0989,,2024-02-19 08:48:00,MassDOT,5371826,SOMERVILLE,2024,2024-02-19,0,08:48:00,Local,0,0,0.0,42.38776405,-71.09866019,0,2024-02-19 08:48:00,20.906696725796238,0.0,0.8536531229194262
806,SomervillePD,24009703,SOMERVILLE,2024,2024-02-20,0,21:35:00,,0,0,0.0,42.4007,-71.1174,,2024-02-20 21:35:00,MassDOT,5371824,SOMERVILLE,2024,2024-02-20,0,21:35:00,Local,0,0,0.0,42.40119637,-71.11709246,0,2024-02-20 21:35:00,60.58998880265332,0.0,0.5758700783814267
807,MassDOT,5371835,SOMERVILLE,2024,2024-02-22,2,08:36:00,Local,0,0,0.0,42.39255687,-71.09341686,0,2024-02-22 08:36:00,SomervillePD,24009970,SOMERVILLE,2024,2024-02-22,2,08:36:00,,0,0,0.0,42.3927,-71.0933,,2024-02-22 08:36:00,18.552262678921075,0.0,0.8701341612475524
808,SomervillePD,24010518,SOMERVILLE,2024,2024-02-24,0,19:20:00,,0,0,0.0,42.3986,-71.1207,,2024-02-24 19:20:00,MassDOT,5371833,SOMERVILLE,2024,2024-02-24,0,19:20:00,Local,0,0,0.0,42.3986089,-71.12074091,0,2024-02-24 19:20:00,3.49589630576228,0.0,0.9755287258596639
809,SomervillePD,24010833,SOMERVILLE,2024,2024-02-26,2,14:40:00,,1,0,0.0,42.3783,-71.1064,,2024-02-26 14:40:00,MassDOT,5371836,SOMERVILLE,2024,2024-02-26,2,14:40:00,Local,1,0,0.0,42.37828634,-71.10638278,0,2024-02-26 14:40:00,2.071895228438753,0.0,0.9854967334009286
810,MassDOT,5371830,SOMERVILLE,2024,2024-02-28,2,10:24:00,Local,0,0,0.0,42.40229081,-71.12496351,0,2024-02-28 10:24:00,SomervillePD,24011219,SOMERVILLE,2024,2024-02-28,2,10:24:00,,0,0,0.0,42.4023,-71.125,,2024-02-28 10:24:00,3.160095498001927,0.0,0.9778793315139864
811,MassDOT,5380972,SOMERVILLE,2024,2024-03-04,2,08:39:00,Local,1,0,0.0,42.38922584,-71.11660755,0,2024-03-04 08:39:00,SomervillePD,24012216,SOMERVILLE,2024,2024-03-04,2,08:39:00,,1,0,0.0,42.3892,-71.1166,,2024-03-04 08:39:00,2.934267031335374,0.0,0.9794601307806523
812,SomervillePD,24012244,SOMERVILLE,2024,2024-03-04,0,10:18:00,,0,0,0.0,42.3982,-71.124,,2024-03-04 10:18:00,MassDOT,5380939,SOMERVILLE,2024,2024-03-04,0,10:18:00,Local,0,0,0.0,42.39812118,-71.1239683,0,2024-03-04 10:18:00,9.126742873747702,0.0,0.936112799883766
813,SomervillePD,24012425,SOMERVILLE,2024,2024-03-05,2,10:34:00,,0,0,0.0,42.4057,-71.1209,,2024-03-05 10:34:00,MassDOT,5380974,SOMERVILLE,2024,2024-03-05,2,10:34:00,Local,0,0,0.0,42.4054799,-71.12075738,0,2024-03-05 10:34:00,27.083540836001728,0.0,0.8104152141479879
814,MassDOT,5380934,SOMERVILLE,2024,2024-03-08,2,16:56:00,Local,0,0,0.0,42.39392894,-71.09604913,0,2024-03-08 16:56:00,SomervillePD,24013169,SOMERVILLE,2024,2024-03-08,2,16:56:00,,0,0,0.0,42.394,-71.096,,2024-03-08 16:56:00,8.856408401091329,0.0,0.9380051411923607
815,SomervillePD,24013207,SOMERVILLE,2024,2024-03-08,0,19:35:00,,0,0,0.0,42.3899,-71.1052,,2024-03-08 19:35:00,MassDOT,5380955,SOMERVILLE,2024,2024-03-08,0,19:35:00,Local,0,0,0.0,42.3900121,-71.10515999,0,2024-03-08 19:35:00,12.868167042238586,0.0,0.9099228307043299
816,MassDOT,5380937,SOMERVILLE,2024,2024-03-10,0,06:55:00,Local,0,0,0.0,42.39081694,-71.10930422,0,2024-03-10 06:55:00,SomervillePD,24013481,SOMERVILLE,2024,2024-03-10,0,06:55:00,,0,0,0.0,42.391,-71.1092,,2024-03-10 06:55:00,22.042883608698354,0.0,0.8456998147391115
817,MassDOT,5380975,SOMERVILLE,2024,2024-03-10,0,11:40:00,Local,0,0,0.0,42.37947595,-71.09248746,0,2024-03-10 11:40:00,SomervillePD,24013520,SOMERVILLE,2024,2024-03-10,0,11:40:00,,0,0,0.0,42.379,-71.0924,,2024-03-10 11:40:00,53.31495269068363,0.0,0.6267953311652146
818,SomervillePD,24014087,SOMERVILLE,2024,2024-03-13,0,04:19:00,,0,0,0.0,42.3879,-71.1154,,2024-03-13 04:19:00,MassDOT,5380946,SOMERVILLE,2024,2024-03-13,0,04:19:00,Local,0,0,0.0,42.38792349,-71.11542067,0,2024-03-13 04:19:00,3.109695737574506,0.0,0.9782321298369785
819,SomervillePD,24014954,SOMERVILLE,2024,2024-03-16,0,20:59:00,,0,0,0.0,42.3874,-71.0932,,2024-03-16 20:59:00,MassDOT,5380927,SOMERVILLE,2024,2024-03-16,0,20:59:00,Local,0,0,0.0,42.38736083,-71.09317513,0,2024-03-16 20:59:00,4.802224466349622,0.0,0.9663844287355525
820,SomervillePD,24015156,SOMERVILLE,2024,2024-03-18,2,07:32:00,,0,0,0.0,42.3786,-71.0966,,2024-03-18 07:32:00,MassDOT,5380976,SOMERVILLE,2024,2024-03-18,2,07:32:00,Local,0,1,0.0,42.37902778,-71.09621039,0,2024-03-18 07:32:00,57.23005364845466,0.0,0.5993896244608173
821,MassDOT,5380929,SOMERVILLE,2024,2024-03-18,0,09:37:00,Local,0,0,0.0,42.38736083,-71.09317513,0,2024-03-18 09:37:00,SomervillePD,24015181,SOMERVILLE,2024,2024-03-18,0,09:37:00,,0,0,0.0,42.3874,-71.0932,,2024-03-18 09:37:00,4.802225006540774,0.0,0.9663844249542146
822,SomervillePD,24015218,SOMERVILLE,2024,2024-03-18,0,12:58:00,,0,0,0.0,42.3783,-71.0949,,2024-03-18 12:58:00,MassDOT,5380978,SOMERVILLE,2024,2024-03-18,0,12:58:00,Local,0,0,0.0,42.37839191,-71.094585,0,2024-03-18 12:58:00,27.77083379461898,0.0,0.8056041634376672
823,SomervillePD,24015249,SOMERVILLE,2024,2024-03-18,2,15:10:00,,0,1,0.0,42.3942,-71.0792,,2024-03-18 15:10:00,MassDOT,5380933,SOMERVILLE,2024,2024-03-18,2,15:10:00,Local,0,1,0.0,42.39419051,-71.07914557,0,2024-03-18 15:10:00,4.5846176512485926,0.0,0.9679076764412597
824,MassDOT,5381037,SOMERVILLE,2024,2024-03-18,0,20:24:00,Local,0,0,0.0,42.3885422,-71.09252946,0,2024-03-18 20:24:00,SomervillePD,24015308,SOMERVILLE,2024,2024-03-18,0,20:24:00,,0,0,0.0,42.3887,-71.0927,,2024-03-18 20:24:00,22.411708684325028,0.0,0.8431180392097248
825,MassDOT,5380941,SOMERVILLE,2024,2024-03-20,0,10:02:00,Local,0,0,0.0,42.38308661,-71.09211859,0,2024-03-20 10:02:00,SomervillePD,24015619,SOMERVILLE,2024,2024-03-20,0,10:02:00,,0,0,0.0,42.3832,-71.0923,,2024-03-20 10:02:00,19.48456359073595,0.0,0.8636080548648484
826,SomervillePD,24015650,SOMERVILLE,2024,2024-03-20,0,14:01:00,,0,0,0.0,42.3841,-71.0827,,2024-03-20 14:01:00,MassDOT,5380977,SOMERVILLE,2024,2024-03-20,0,14:01:00,Local,0,0,0.0,42.38414299,-71.08268089,0,2024-03-20 14:01:00,5.022533791010763,0.0,0.9648422634629246
827,MassDOT,5380949,SOMERVILLE,2024,2024-03-21,0,14:22:00,Local,0,0,0.0,42.37987703,-71.09040066,0,2024-03-21 14:22:00,SomervillePD,24015866,SOMERVILLE,2024,2024-03-21,0,14:22:00,,0,0,0.0,42.3797,-71.0903,,2024-03-21 14:22:00,21.313314317017273,0.0,0.850806799780879
828,SomervillePD,24016023,SOMERVILLE,2024,2024-03-22,0,07:18:00,,0,0,0.0,42.3992,-71.1282,,2024-03-22 07:18:00,MassDOT,5380979,SOMERVILLE,2024,2024-03-22,0,07:18:00,Local,0,0,0.0,42.39919891,-71.12825649,0,2024-03-22 07:18:00,4.632042430858575,0.0,0.96757570298399
829,SomervillePD,24016103,SOMERVILLE,2024,2024-03-22,2,14:44:00,,0,0,1.0,42.3796,-71.0914,,2024-03-22 14:44:00,MassDOT,5380952,SOMERVILLE,2024,2024-03-22,2,14:44:00,Local,0,0,1.0,42.37960883,-71.09142975,0,2024-03-22 14:44:00,2.6289002387242326,0.0,0.9815976983289303
830,SomervillePD,24016153,SOMERVILLE,2024,2024-03-22,0,20:59:00,,0,0,0.0,42.3949,-71.0793,,2024-03-22 20:59:00,MassDOT,5380980,SOMERVILLE,2024,2024-03-22,0,20:59:00,Local,0,0,0.0,42.39473527,-71.07929727,0,2024-03-22 20:59:00,18.286399457117383,0.0,0.8719952038001781
831,SomervillePD,24016986,SOMERVILLE,2024,2024-03-27,0,08:43:00,,0,0,1.0,42.3786,-71.0937,,2024-03-27 08:43:00,MassDOT,5380951,SOMERVILLE,2024,2024-03-27,0,08:43:00,Local,0,0,1.0,42.37917799,-71.09406584,0,2024-03-27 08:43:00,70.82345906176684,0.0,0.5042357865676321
832,MassDOT,5380953,SOMERVILLE,2024,2024-03-28,0,02:41:00,Local,0,0,0.0,42.39771488,-71.1143262,0,2024-03-28 02:41:00,SomervillePD,24017180,SOMERVILLE,2024,2024-03-28,0,02:41:00,,0,0,0.0,42.3977,-71.1143,,2024-03-28 02:41:00,2.7093291891811195,0.0,0.9810346956757321
833,MassDOT,5380964,SOMERVILLE,2024,2024-03-29,2,02:01:00,Local,0,0,0.0,42.38957541,-71.08616598,0,2024-03-29 02:01:00,SomervillePD,24017363,SOMERVILLE,2024,2024-03-29,2,02:01:00,,0,0,0.0,42.3896,-71.0862,,2024-03-29 02:01:00,3.9024122157374705,0.0,0.9726831144898376
834,SomervillePD,24017418,SOMERVILLE,2024,2024-03-29,0,11:04:00,,0,0,0.0,42.383,-71.1031,,2024-03-29 11:04:00,MassDOT,5380981,SOMERVILLE,2024,2024-03-29,0,11:04:00,Local,0,0,0.0,42.38299249,-71.10308214,0,2024-03-29 11:04:00,1.6850045807715535,0.0,0.988204967934599
835,SomervillePD,24017746,SOMERVILLE,2024,2024-03-31,2,01:33:00,,0,0,0.0,42.3955,-71.08,,2024-03-31 01:33:00,MassDOT,5380982,SOMERVILLE,2024,2024-03-31,2,01:33:00,Local,0,0,0.0,42.39587828,-71.07973209,0,2024-03-31 01:33:00,47.385673526606396,0.0,0.6683002853137552
836,MassDOT,5381013,SOMERVILLE,2024,2024-04-01,2,23:37:00,Local,0,0,0.0,42.39648884,-71.12230871,0,2024-04-01 23:37:00,SomervillePD,24018156,SOMERVILLE,2024,2024-04-01,2,23:37:00,,0,0,0.0,42.397,-71.1223,,2024-04-01 23:37:00,56.74325212940745,0.0,0.6027972350941477
837,MassDOT,5391330,SOMERVILLE,2024,2024-04-02,0,16:07:00,Local,1,0,0.0,42.38634122,-71.11619434,0,2024-04-02 16:07:00,SomervillePD,24018285,SOMERVILLE,2024,2024-04-02,0,16:07:00,,1,0,0.0,42.3864,-71.1165,,2024-04-02 16:07:00,25.895397993988468,0.0,0.8187322140420807
838,MassDOT,5391340,SOMERVILLE,2024,2024-04-09,0,12:37:00,Local,0,0,0.0,42.38436233,-71.10040268,0,2024-04-09 12:37:00,SomervillePD,24019713,SOMERVILLE,2024,2024-04-09,0,12:37:00,,0,0,0.0,42.3842,-71.1008,,2024-04-09 12:37:00,37.22710660705297,0.0,0.7394102537506291
839,SomervillePD,24020179,SOMERVILLE,2024,2024-04-11,2,11:44:00,,0,0,0.0,42.3932,-71.0944,,2024-04-11 11:44:00,MassDOT,5391333,SOMERVILLE,2024,2024-04-11,2,11:44:00,Local,0,0,0.0,42.39311217,-71.09451397,0,2024-04-11 11:44:00,13.503205959216062,0.0,0.9054775582854875
840,BostonVisionZero,41698,BOSTON,2024,2024-04-12,,01:10:33,,0,0,,42.34595927761557,-71.06128023583976,,2024-04-12 01:10:33,MassDOT,5383213,BOSTON,2024,2024-04-12,0,01:15:00,State,0,0,0.0,42.34559487,-71.06132057,0,2024-04-12 01:15:00,40.58436626160871,267.0,0.693659436168739
841,SomervillePD,24020501,SOMERVILLE,2024,2024-04-12,0,15:49:00,,0,0,0.0,42.39,-71.0832,,2024-04-12 15:49:00,MassDOT,5391331,SOMERVILLE,2024,2024-04-12,0,15:49:00,Local,0,0,0.0,42.38958698,-71.08331442,0,2024-04-12 15:49:00,46.795030569465766,0.0,0.6724347860137396
842,SomervillePD,24020545,SOMERVILLE,2024,2024-04-12,0,18:31:00,,0,0,0.0,42.381,-71.089,,2024-04-12 18:31:00,MassDOT,5391334,SOMERVILLE,2024,2024-04-12,0,18:31:00,Local,0,0,0.0,42.38148283,-71.08924358,0,2024-04-12 18:31:00,57.19448618675638,0.0,0.5996385966927054
843,MassDOT,5391335,SOMERVILLE,2024,2024-04-14,0,00:33:00,Local,0,0,0.0,42.41105789,-71.12978309,0,2024-04-14 00:33:00,SomervillePD,24020803,SOMERVILLE,2024,2024-04-14,0,00:33:00,,0,0,0.0,42.4112,-71.1303,,2024-04-14 00:33:00,45.204427856772824,0.0,0.6835690050025902
844,SomervillePD,24020977,SOMERVILLE,2024,2024-04-14,2,20:30:00,,0,0,0.0,42.3967,-71.0873,,2024-04-14 20:30:00,MassDOT,5391392,SOMERVILLE,2024,2024-04-14,2,20:30:00,Local,0,0,0.0,42.39689144,-71.08725858,0,2024-04-14 20:30:00,21.519383541230408,0.0,0.849364315211387
845,MassDOT,5391332,SOMERVILLE,2024,2024-04-15,2,10:30:00,Local,0,1,0.0,42.38653203,-71.09782522,0,2024-04-15 10:30:00,SomervillePD,24021070,SOMERVILLE,2024,2024-04-15,2,10:30:00,,0,1,0.0,42.3865,-71.0978,,2024-04-15 10:30:00,4.112871820043616,0.0,0.9712098972596945
846,MassDOT,5391348,SOMERVILLE,2024,2024-04-15,0,16:40:00,Local,0,0,0.0,42.40618413,-71.13209284,0,2024-04-15 16:40:00,SomervillePD,24021160,SOMERVILLE,2024,2024-04-15,0,16:40:00,,0,0,0.0,42.4061,-71.1321,,2024-04-15 16:40:00,9.356850561540062,0.0,0.9345020460692195
847,MassDOT,5391339,SOMERVILLE,2024,2024-04-15,2,19:06:00,Local,0,1,0.0,42.38368403,-71.10850951,0,2024-04-15 19:06:00,SomervillePD,24021194,SOMERVILLE,2024,2024-04-15,2,19:06:00,,0,1,0.0,42.3839,-71.1085,,2024-04-15 19:06:00,23.98534710346852,0.0,0.8321025702757203
848,MassDOT,5391346,SOMERVILLE,2024,2024-04-16,0,16:00:00,Local,0,0,0.0,42.40671637,-71.13070648,0,2024-04-16 16:00:00,SomervillePD,24021385,SOMERVILLE,2024,2024-04-16,0,16:00:00,,0,0,0.0,42.4068,-71.1311,,2024-04-16 16:00:00,33.562127724425615,0.0,0.7650651059290207
849,MassDOT,5391343,SOMERVILLE,2024,2024-04-17,2,12:57:00,Local,0,0,0.0,42.38678094,-71.11593352,0,2024-04-17 12:57:00,SomervillePD,24021598,SOMERVILLE,2024,2024-04-17,2,12:57:00,,0,0,0.0,42.387,-71.1159,,2024-04-17 12:57:00,24.47046645203092,0.0,0.8287067348357835
850,SomervillePD,24021668,SOMERVILLE,2024,2024-04-17,2,18:52:00,,1,0,0.0,42.3929,-71.1177,,2024-04-17 18:52:00,MassDOT,5391341,SOMERVILLE,2024,2024-04-17,2,18:52:00,Local,1,0,0.0,42.39287797,-71.11765337,0,2024-04-17 18:52:00,4.537852509319197,0.0,0.9682350324347655
851,BostonVisionZero,36100,BOSTON,2024,2024-04-20,,22:37:39,,0,0,,42.26729787574207,-71.09372828591967,,2024-04-20 22:37:39,MassDOT,5390168,BOSTON,2024,2024-04-20,0,23:08:00,MBTA,0,0,0.0,42.26763426,-71.0938809,0,2024-04-20 23:08:00,39.386871984236194,1821.0,0.5725418961103466
852,BostonVisionZero,37087,BOSTON,2024,2024-04-20,,22:52:06,,0,0,,42.267974754928936,-71.09307212111437,,2024-04-20 22:52:06,MassDOT,5390168,BOSTON,2024,2024-04-20,0,23:08:00,MBTA,0,0,0.0,42.26763426,-71.0938809,0,2024-04-20 23:08:00,76.43231715957766,954.0,0.3854737798829563
853,MassDOT,5391338,SOMERVILLE,2024,2024-04-21,2,01:59:00,Local,0,0,0.0,42.38519758,-71.11304542,0,2024-04-21 01:59:00,SomervillePD,24022447,SOMERVILLE,2024,2024-04-21,2,01:59:00,,0,0,0.0,42.3851,-71.1132,,2024-04-21 01:59:00,16.671565921321466,0.0,0.8832990385507498
854,MassDOT,5391344,SOMERVILLE,2024,2024-04-22,2,10:33:00,Local,1,0,0.0,42.38542786,-71.11520644,0,2024-04-22 10:33:00,SomervillePD,24022695,SOMERVILLE,2024,2024-04-22,2,10:33:00,,1,0,0.0,42.3855,-71.1152,,2024-04-22 10:33:00,8.024928712598827,0.0,0.943825499011808
855,SomervillePD,24022881,SOMERVILLE,2024,2024-04-23,0,08:24:00,,0,0,0.0,42.387,-71.087,,2024-04-23 08:24:00,MassDOT,5391352,SOMERVILLE,2024,2024-04-23,0,08:24:00,Local,0,0,0.0,42.38704671,-71.08697579,0,2024-04-23 08:24:00,5.551753031576708,0.0,0.9611377287789629
856,SomervillePD,24023155,SOMERVILLE,2024,2024-04-24,0,09:11:00,,0,0,0.0,42.3978,-71.1218,,2024-04-24 09:11:00,MassDOT,5391347,SOMERVILLE,2024,2024-04-24,0,09:11:00,Local,0,0,0.0,42.39774091,-71.12154365,0,2024-04-24 09:11:00,22.01322740219134,0.0,0.8459074081846605
857,MassDOT,5391351,SOMERVILLE,2024,2024-04-25,0,18:49:00,Local,0,0,0.0,42.3952347,-71.11942379,0,2024-04-25 18:49:00,SomervillePD,24023502,SOMERVILLE,2024,2024-04-25,0,18:49:00,,0,0,0.0,42.3955,-71.1197,,2024-04-25 18:49:00,37.14665373015169,0.0,0.7399734238889382
858,MassDOT,5391345,SOMERVILLE,2024,2024-04-27,2,16:55:00,Local,1,0,0.0,42.38283852,-71.10147385,0,2024-04-27 16:55:00,SomervillePD,24023924,SOMERVILLE,2024,2024-04-27,2,16:55:00,,1,0,0.0,42.383,-71.1016,,2024-04-27 16:55:00,20.69446202197933,0.0,0.8551387658461447
859,SomervillePD,24024314,SOMERVILLE,2024,2024-04-29,2,18:22:00,,1,0,0.0,42.3925,-71.093,,2024-04-29 18:22:00,MassDOT,5391350,SOMERVILLE,2024,2024-04-29,2,18:22:00,Local,1,0,0.0,42.39236044,-71.09308147,0,2024-04-29 18:22:00,16.86956069525813,0.0,0.881913075133193
860,MassDOT,5437958,SOMERVILLE,2024,2024-05-01,0,19:23:00,Local,1,1,0.0,42.38262451,-71.10523249,0,2024-05-01 19:23:00,SomervillePD,24024773,SOMERVILLE,2024,2024-05-01,0,19:23:00,,1,0,0.0,42.3825,-71.1054,,2024-05-01 19:23:00,19.484396062234964,0.0,0.8636092275643552
861,SomervillePD,24025045,SOMERVILLE,2024,2024-05-02,0,18:55:00,,0,0,0.0,42.3791,-71.0951,,2024-05-02 18:55:00,MassDOT,5437982,SOMERVILLE,2024,2024-05-02,0,18:55:00,Local,0,0,0.0,42.37943801,-71.09505401,0,2024-05-02 18:55:00,37.708141969054196,0.0,0.7360430062166206
862,MassDOT,5437972,SOMERVILLE,2024,2024-05-02,0,20:11:00,Local,0,0,0.0,42.38779368,-71.10962326,0,2024-05-02 20:11:00,SomervillePD,24025054,SOMERVILLE,2024,2024-05-02,0,20:11:00,,0,0,0.0,42.3878,-71.1096,,2024-05-02 20:11:00,2.0319014580794894,0.0,0.9857766897934435
863,SomervillePD,24025237,SOMERVILLE,2024,2024-05-03,0,13:32:00,,0,0,0.0,42.383,-71.1054,,2024-05-03 13:32:00,MassDOT,5437974,SOMERVILLE,2024,2024-05-03,0,13:32:00,Local,0,0,0.0,42.38299389,-71.10545296,0,2024-05-03 13:32:00,4.394875401700704,0.0,0.9692358721880949
864,SomervillePD,24025281,SOMERVILLE,2024,2024-05-03,0,16:27:00,,0,1,0.0,42.3862,-71.1161,,2024-05-03 16:27:00,MassDOT,5437957,SOMERVILLE,2024,2024-05-03,0,16:27:00,Local,0,1,0.0,42.3861878,-71.11614564,0,2024-05-03 16:27:00,3.9793750725064854,0.0,0.9721443744924545
865,MassDOT,5437987,SOMERVILLE,2024,2024-05-04,0,14:02:00,Local,0,0,0.0,42.39355947,-71.11717651,0,2024-05-04 14:02:00,SomervillePD,24025470,SOMERVILLE,2024,2024-05-04,0,14:02:00,,0,0,0.0,42.3936,-71.1172,,2024-05-04 14:02:00,4.893623988425336,0.0,0.9657446320810226
866,MassDOT,5437977,SOMERVILLE,2024,2024-05-05,0,11:34:00,Local,1,0,0.0,42.38949481,-71.11291105,0,2024-05-05 11:34:00,SomervillePD,24025631,SOMERVILLE,2024,2024-05-05,0,11:34:00,,1,0,0.0,42.3893,-71.1127,,2024-05-05 11:34:00,27.694133684624244,0.0,0.8061410642076303
867,MassDOT,5437965,SOMERVILLE,2024,2024-05-06,0,10:32:00,Local,0,0,0.0,42.38031014,-71.09731942,0,2024-05-06 10:32:00,SomervillePD,24025823,SOMERVILLE,2024,2024-05-06,0,10:32:00,,0,0,0.0,42.3805,-71.0974,,2024-05-06 10:32:00,22.08589144191602,0.0,0.8453987599065877
868,SomervillePD,24025837,SOMERVILLE,2024,2024-05-06,2,11:44:00,,0,0,1.0,42.3884,-71.1153,,2024-05-06 11:44:00,MassDOT,5437971,SOMERVILLE,2024,2024-05-06,2,11:44:00,Local,0,0,1.0,42.38827028,-71.11520829,0,2024-05-06 11:44:00,16.24377164629748,0.0,0.8862935984759177
869,SomervillePD,24025887,SOMERVILLE,2024,2024-05-06,0,16:11:00,,0,0,0.0,42.3788,-71.0946,,2024-05-06 16:11:00,MassDOT,5438013,SOMERVILLE,2024,2024-05-06,0,16:11:00,Local,0,0,0.0,42.37907427,-71.09412927,0,2024-05-06 16:11:00,49.15940965381529,0.0,0.6558841324232929
870,MassDOT,5437970,SOMERVILLE,2024,2024-05-07,2,07:33:00,Local,0,1,0.0,42.4061245,-71.12706585,0,2024-05-07 07:33:00,SomervillePD,24026044,SOMERVILLE,2024,2024-05-07,2,07:33:00,,0,1,0.0,42.4059,-71.1272,,2024-05-07 07:33:00,27.237320937244792,0.0,0.8093387534392864
871,MassDOT,5437980,SOMERVILLE,2024,2024-05-08,0,11:52:00,Local,0,0,0.0,42.3948776,-71.12479778,0,2024-05-08 11:52:00,SomervillePD,24026345,SOMERVILLE,2024,2024-05-08,0,11:52:00,,0,0,0.0,42.3948,-71.1244,,2024-05-08 11:52:00,33.72658968405828,0.0,0.7639138722115919
872,SomervillePD,24026616,SOMERVILLE,2024,2024-05-09,0,12:54:00,,0,0,0.0,42.3962,-71.1033,,2024-05-09 12:54:00,MassDOT,5437973,SOMERVILLE,2024,2024-05-09,0,12:54:00,Local,0,0,0.0,42.39601477,-71.1033475,0,2024-05-09 12:54:00,20.9259794819315,0.0,0.8535181436264794
873,SomervillePD,24026645,SOMERVILLE,2024,2024-05-09,0,14:51:00,,0,0,0.0,42.392,-71.1115,,2024-05-09 14:51:00,MassDOT,5437986,SOMERVILLE,2024,2024-05-09,0,14:51:00,Local,0,0,0.0,42.39181695,-71.11152359,0,2024-05-09 14:51:00,20.410374399765402,0.0,0.8571273792016421
874,SomervillePD,24026901,SOMERVILLE,2024,2024-05-10,0,19:05:00,,0,0,0.0,42.4013,-71.1214,,2024-05-10 19:05:00,MassDOT,5437997,SOMERVILLE,2024,2024-05-10,0,19:05:00,Local,0,0,0.0,42.40126423,-71.12144374,0,2024-05-10 19:05:00,5.349626585442951,0.0,0.9625526139018994
875,MassDOT,5437995,SOMERVILLE,2024,2024-05-11,0,09:47:00,Local,0,0,0.0,42.38456383,-71.08326264,0,2024-05-11 09:47:00,SomervillePD,24027015,SOMERVILLE,2024,2024-05-11,0,09:47:00,,0,0,0.0,42.3846,-71.0828,,2024-05-11 09:47:00,38.14314140025625,0.0,0.7329980101982062
876,MassDOT,5438005,SOMERVILLE,2024,2024-05-13,0,00:37:00,Local,0,0,0.0,42.39607942,-71.12229301,0,2024-05-13 00:37:00,SomervillePD,24027402,SOMERVILLE,2024,2024-05-13,0,00:37:00,,0,0,0.0,42.396,-71.1225,,2024-05-13 00:37:00,19.12116563117933,0.0,0.8661518405817448
877,MassDOT,5437969,SOMERVILLE,2024,2024-05-13,0,09:13:00,Local,0,0,0.0,42.3904213,-71.09848249,0,2024-05-13 09:13:00,SomervillePD,24027465,SOMERVILLE,2024,2024-05-13,0,09:13:00,,0,0,0.0,42.3904,-71.0985,,2024-05-13 09:13:00,2.7659611452508224,0.0,0.9806382719832443
878,SomervillePD,24027516,SOMERVILLE,2024,2024-05-13,0,13:16:00,,0,0,0.0,42.3868,-71.0919,,2024-05-13 13:16:00,MassDOT,5438010,SOMERVILLE,2024,2024-05-13,0,13:16:00,Local,0,0,0.0,42.38692601,-71.09181036,0,2024-05-13 13:16:00,15.800318687126088,0.0,0.8893977691901174
879,MassDOT,5437968,SOMERVILLE,2024,2024-05-14,2,09:20:00,Local,0,0,1.0,42.38166925,-71.08385283,0,2024-05-14 09:20:00,SomervillePD,24027741,SOMERVILLE,2024,2024-05-14,2,09:20:00,,0,0,1.0,42.3817,-71.0839,,2024-05-14 09:20:00,5.158342098426538,0.0,0.9638916053110143
880,MassDOT,5437990,SOMERVILLE,2024,2024-05-14,0,11:36:00,Local,0,0,0.0,42.38024288,-71.09689185,0,2024-05-14 11:36:00,SomervillePD,24027782,SOMERVILLE,2024,2024-05-14,0,11:36:00,,0,0,0.0,42.3805,-71.0971,,2024-05-14 11:36:00,33.25412105422848,0.0,0.7672211526204007
881,MassDOT,5437981,SOMERVILLE,2024,2024-05-15,2,08:51:00,Local,1,0,0.0,42.38049622,-71.10909456,0,2024-05-15 08:51:00,SomervillePD,24027975,SOMERVILLE,2024,2024-05-15,2,08:51:00,,1,0,0.0,42.3805,-71.1091,,2024-05-15 08:51:00,0.612377092805885,0.0,0.9957133603503587
882,SomervillePD,24028699,SOMERVILLE,2024,2024-05-18,0,09:29:00,,0,0,0.0,42.3863,-71.0977,,2024-05-18 09:29:00,MassDOT,5438001,SOMERVILLE,2024,2024-05-18,0,09:29:00,Local,0,0,0.0,42.38648826,-71.09769704,0,2024-05-18 09:29:00,20.898269100068564,0.0,0.85371211629952
883,SomervillePD,24028719,SOMERVILLE,2024,2024-05-18,0,10:45:00,,0,0,0.0,42.4008,-71.118,,2024-05-18 10:45:00,MassDOT,5437993,SOMERVILLE,2024,2024-05-18,0,10:45:00,Local,0,0,0.0,42.40082381,-71.11808435,0,2024-05-18 10:45:00,7.4018777686681565,0.0,0.9481868556193229
884,MassDOT,5438008,SOMERVILLE,2024,2024-05-19,0,09:47:00,Local,0,0,0.0,42.39021252,-71.09129746,0,2024-05-19 09:47:00,SomervillePD,24028914,SOMERVILLE,2024,2024-05-19,0,09:47:00,,0,0,0.0,42.3902,-71.091,,2024-05-19 09:47:00,24.425732253358014,0.0,0.8290198742264938
885,MassDOT,5438009,SOMERVILLE,2024,2024-05-19,0,17:22:00,Local,0,0,0.0,42.41395614,-71.13122812,0,2024-05-19 17:22:00,SomervillePD,24029002,SOMERVILLE,2024,2024-05-19,0,17:22:00,,0,0,0.0,42.414,-71.1312,,2024-05-19 17:22:00,5.386312177235048,0.0,0.9622958147593546
886,MassDOT,5437975,SOMERVILLE,2024,2024-05-20,2,15:00:00,Local,1,0,0.0,42.39817641,-71.1238881,0,2024-05-20 15:00:00,SomervillePD,24029254,SOMERVILLE,2024,2024-05-20,2,15:00:00,,1,0,0.0,42.3974,-71.1237,,2024-05-20 15:00:00,87.54992821957829,0.0,0.38715050246295196
887,SomervillePD,24029363,SOMERVILLE,2024,2024-05-21,0,01:07:00,,0,0,0.0,42.3944,-71.1164,,2024-05-21 01:07:00,MassDOT,5437991,SOMERVILLE,2024,2024-05-21,0,01:07:00,Local,0,0,0.0,42.39447109,-71.1165569,0,2024-05-21 01:07:00,15.089701076921687,0.0,0.8943720924615481
888,MassDOT,5437996,SOMERVILLE,2024,2024-05-21,0,15:02:00,Local,0,0,0.0,42.38779368,-71.10962326,0,2024-05-21 15:02:00,SomervillePD,24029507,SOMERVILLE,2024,2024-05-21,0,15:02:00,,0,0,0.0,42.3878,-71.1096,,2024-05-21 15:02:00,2.0319014580794894,0.0,0.9857766897934435
889,MassDOT,5438011,SOMERVILLE,2024,2024-05-21,0,18:22:00,Local,1,0,0.0,42.38067121,-71.0886002,0,2024-05-21 18:22:00,SomervillePD,24029559,SOMERVILLE,2024,2024-05-21,0,18:22:00,,1,0,0.0,42.3805,-71.0881,,2024-05-21 18:22:00,45.202367011052985,0.0,0.6835834309226292
890,SomervillePD,24030316,SOMERVILLE,2024,2024-05-24,2,18:53:00,,0,1,0.0,42.4013,-71.1208,,2024-05-24 18:53:00,MassDOT,5438000,SOMERVILLE,2024,2024-05-24,2,18:53:00,Local,0,1,0.0,42.40114611,-71.12094151,0,2024-05-24 18:53:00,20.647695366514316,0.0,0.8554661324343997
891,SomervillePD,24030358,SOMERVILLE,2024,2024-05-24,0,23:35:00,,0,0,0.0,42.3885,-71.0928,,2024-05-24 23:35:00,MassDOT,5438012,SOMERVILLE,2024,2024-05-24,0,23:35:00,Local,0,0,0.0,42.38839983,-71.09263054,0,2024-05-24 23:35:00,17.79446279946606,0.0,0.8754387604037375
892,BostonVisionZero,31262,BOSTON,2024,2024-05-25,,02:54:43,,0,0,,42.32765628099736,-71.05859532046028,,2024-05-25 02:54:43,MassDOT,5403269,BOSTON,2024,2024-05-25,2,03:20:00,State,0,0,0.0,42.32830314,-71.05921414,1,2024-05-25 03:20:00,87.94466031844709,1517.0,0.2579707111042037
893,SomervillePD,24030746,SOMERVILLE,2024,2024-05-27,2,06:23:00,,0,0,0.0,42.3886,-71.1105,,2024-05-27 06:23:00,MassDOT,5438031,SOMERVILLE,2024,2024-05-27,2,06:23:00,Local,0,0,0.0,42.38847544,-71.11070443,0,2024-05-27 06:23:00,21.72685097231985,0.0,0.847912043193761
894,SomervillePD,24000001,SOMERVILLE,2024,2024-05-28,0,16:50:00,,0,0,1.0,42.3879,-71.0802,,2024-05-28 16:50:00,MassDOT,5437961,SOMERVILLE,2024,2024-05-28,0,16:50:00,Local,0,0,0.0,42.38756071,-71.08044254,0,2024-05-28 16:50:00,42.588236913778175,0.0,0.7018823416035527
895,SomervillePD,24000002,SOMERVILLE,2024,2024-05-31,0,00:32:00,,0,0,0.0,42.3746,-71.085,,2024-05-31 00:32:00,MassDOT,5437960,SOMERVILLE,2024,2024-05-31,0,00:32:00,Local,0,0,0.0,42.37528162,-71.08543528,0,2024-05-31 00:32:00,83.65673355031848,0.0,0.4144028651477707
896,SomervillePD,24000008,SOMERVILLE,2024,2024-05-31,0,06:27:00,,0,0,0.0,42.3874,-71.0932,,2024-05-31 06:27:00,MassDOT,5437992,SOMERVILLE,2024,2024-05-31,0,06:27:00,Local,0,0,0.0,42.38736083,-71.09317513,0,2024-05-31 06:27:00,4.802224466349622,0.0,0.9663844287355525
897,SomervillePD,24000003,SOMERVILLE,2024,2024-05-31,0,06:33:00,,0,0,0.0,42.3783,-71.1064,,2024-05-31 06:33:00,MassDOT,5437964,SOMERVILLE,2024,2024-05-31,0,06:33:00,Local,0,0,0.0,42.37828634,-71.10638278,0,2024-05-31 06:33:00,2.071895228438753,0.0,0.9854967334009286
898,MassDOT,5437962,SOMERVILLE,2024,2024-05-31,2,11:10:00,Local,0,0,0.0,42.37712957,-71.10495221,0,2024-05-31 11:10:00,SomervillePD,24000004,SOMERVILLE,2024,2024-05-31,2,11:10:00,,0,0,0.0,42.3771,-71.1049,,2024-05-31 11:10:00,5.394574262603065,0.0,0.9622379801617784
899,MassDOT,5437967,SOMERVILLE,2024,2024-06-01,0,14:32:00,Local,0,0,0.0,42.38841216,-71.09118235,0,2024-06-01 14:32:00,SomervillePD,24000007,SOMERVILLE,2024,2024-06-01,0,14:32:00,,0,0,0.0,42.3886,-71.0909,,2024-06-01 14:32:00,31.153918808675787,0.0,0.7819225683392694
900,MassDOT,5438003,SOMERVILLE,2024,2024-06-01,0,14:33:00,Local,0,0,0.0,42.4076714,-71.12436499,0,2024-06-01 14:33:00,SomervillePD,24031986,SOMERVILLE,2024,2024-06-01,0,14:33:00,,0,0,0.0,42.4077,-71.1243,,2024-06-01 14:33:00,6.200767669909338,0.0,0.9565946263106346
901,MassDOT,5437959,SOMERVILLE,2024,2024-06-01,0,15:50:00,Local,0,0,0.0,42.39101404,-71.1171144,0,2024-06-01 15:50:00,SomervillePD,24000005,SOMERVILLE,2024,2024-06-01,0,15:50:00,,0,0,0.0,42.3916,-71.117,,2024-06-01 15:50:00,65.71424211213889,0.0,0.5400003052150277
902,SomervillePD,24000006,SOMERVILLE,2024,2024-06-01,2,17:20:00,,1,0,0.0,42.3933,-71.0924,,2024-06-01 17:20:00,MassDOT,5437963,SOMERVILLE,2024,2024-06-01,2,17:20:00,Local,1,0,0.0,42.39320704,-71.09197168,0,2024-06-01 17:20:00,36.5972865219832,0.0,0.7438189943461175
903,MassDOT,5438029,SOMERVILLE,2024,2024-06-04,0,04:39:00,Local,0,0,0.0,42.3945365,-71.10567251,0,2024-06-04 04:39:00,SomervillePD,24032600,SOMERVILLE,2024,2024-06-04,0,04:39:00,,0,0,0.0,42.3945,-71.1058,,2024-06-04 04:39:00,11.208912200706807,0.0,0.9215376145950522
904,SomervillePD,24032797,SOMERVILLE,2024,2024-06-04,2,19:47:00,,1,0,0.0,42.3953,-71.1161,,2024-06-04 19:47:00,MassDOT,5438007,SOMERVILLE,2024,2024-06-04,2,19:47:00,Local,1,0,0.0,42.39516665,-71.11607528,0,2024-06-04 19:47:00,14.939916924546344,0.0,0.8954205815281755
905,SomervillePD,24033954,SOMERVILLE,2024,2024-06-09,0,14:47:00,,0,0,0.0,42.3857,-71.0878,,2024-06-09 14:47:00,MassDOT,5438026,SOMERVILLE,2024,2024-06-09,0,14:47:00,Local,0,0,0.0,42.3856915,-71.08783795,0,2024-06-09 14:47:00,3.2513221536641375,0.0,0.977240744924351
906,SomervillePD,24034868,SOMERVILLE,2024,2024-06-13,0,08:26:00,,0,0,0.0,42.4054,-71.1258,,2024-06-13 08:26:00,MassDOT,5438024,SOMERVILLE,2024,2024-06-13,0,08:26:00,Local,0,0,0.0,42.40543731,-71.12583656,0,2024-06-13 08:26:00,5.111786479704041,0.0,0.9642174946420716
907,SomervillePD,24034886,SOMERVILLE,2024,2024-06-13,0,09:23:00,,1,0,0.0,42.3857,-71.0878,,2024-06-13 09:23:00,MassDOT,5438036,SOMERVILLE,2024,2024-06-13,0,09:23:00,Local,1,0,0.0,42.3856915,-71.08783795,0,2024-06-13 09:23:00,3.2513221536641375,0.0,0.977240744924351
908,MassDOT,5438039,SOMERVILLE,2024,2024-06-15,2,17:51:00,Local,0,0,0.0,42.39407166,-71.12061935,0,2024-06-15 17:51:00,SomervillePD,24035517,SOMERVILLE,2024,2024-06-15,2,17:51:00,,0,0,0.0,42.3941,-71.1206,,2024-06-15 17:51:00,3.5230442988240167,0.0,0.9753386899082319
909,MassDOT,5438016,SOMERVILLE,2024,2024-06-16,0,10:58:00,Local,0,0,0.0,42.39599433,-71.08094324,0,2024-06-16 10:58:00,SomervillePD,24035629,SOMERVILLE,2024,2024-06-16,0,10:58:00,,0,0,0.0,42.3958,-71.0809,,2024-06-16 10:58:00,21.8599150334261,0.0,0.8469805947660172
910,SomervillePD,24036062,SOMERVILLE,2024,2024-06-18,0,09:10:00,,0,0,0.0,42.3979,-71.1174,,2024-06-18 09:10:00,MassDOT,5438041,SOMERVILLE,2024,2024-06-18,0,09:10:00,Local,0,0,0.0,42.39787459,-71.1171726,0,2024-06-18 09:10:00,18.852452336989245,0.0,0.8680328336410752
911,MassDOT,5437976,SOMERVILLE,2024,2024-06-18,0,09:11:00,Local,0,0,0.0,42.38456383,-71.08326264,0,2024-06-18 09:11:00,SomervillePD,24036061,SOMERVILLE,2024,2024-06-18,0,09:11:00,,0,0,0.0,42.3846,-71.0828,,2024-06-18 09:11:00,38.14314140025625,0.0,0.7329980101982062
912,SomervillePD,24036113,SOMERVILLE,2024,2024-06-18,2,12:56:00,,0,0,1.0,42.3746,-71.085,,2024-06-18 12:56:00,MassDOT,5438532,SOMERVILLE,2024,2024-06-18,2,12:56:00,Local,0,0,1.0,42.37528162,-71.08543528,0,2024-06-18 12:56:00,83.65673355031848,0.0,0.4144028651477707
913,MassDOT,5438023,SOMERVILLE,2024,2024-06-19,2,09:51:00,Local,0,0,0.0,42.4061245,-71.12706585,0,2024-06-19 09:51:00,SomervillePD,24036318,SOMERVILLE,2024,2024-06-19,2,09:51:00,,0,0,0.0,42.4059,-71.1272,,2024-06-19 09:51:00,27.237320937244792,0.0,0.8093387534392864
914,MassDOT,5437979,SOMERVILLE,2024,2024-06-21,0,13:21:00,Local,0,0,0.0,42.38847089,-71.10559184,0,2024-06-21 13:21:00,SomervillePD,24036822,SOMERVILLE,2024,2024-06-21,0,13:21:00,,0,0,0.0,42.3885,-71.1056,,2024-06-21 13:21:00,3.299736442390357,0.0,0.9769018449032674
915,MassDOT,5438021,SOMERVILLE,2024,2024-06-21,0,22:20:00,Local,0,0,0.0,42.38452932,-71.07942611,0,2024-06-21 22:20:00,SomervillePD,24036937,SOMERVILLE,2024,2024-06-21,0,22:20:00,,0,0,0.0,42.3844,-71.0796,,2024-06-21 22:20:00,20.231534023901776,0.0,0.8583792618326875
916,MassDOT,5437978,SOMERVILLE,2024,2024-06-24,2,02:26:00,Local,0,0,0.0,42.37849769,-71.10531446,0,2024-06-24 02:26:00,SomervillePD,24037311,SOMERVILLE,2024,2024-06-24,2,02:26:00,,0,0,0.0,42.3787,-71.1054,,2024-06-24 02:26:00,23.526292219978092,0.0,0.8353159544601534
917,MassDOT,5438019,SOMERVILLE,2024,2024-06-25,2,08:47:00,Local,1,0,0.0,42.37907427,-71.09412927,0,2024-06-25 08:47:00,SomervillePD,24037599,SOMERVILLE,2024,2024-06-25,2,08:47:00,,1,0,0.0,42.3791,-71.0941,,2024-06-25 08:47:00,3.7305495025289224,0.0,0.9738861534822976
918,SomervillePD,24037656,SOMERVILLE,2024,2024-06-25,0,12:35:00,,0,0,0.0,42.3847,-71.1019,,2024-06-25 12:35:00,MassDOT,5438025,SOMERVILLE,2024,2024-06-25,0,12:35:00,Local,0,0,0.0,42.3848698,-71.10180749,0,2024-06-25 12:35:00,20.316695796937484,0.0,0.8577831294214375
919,MassDOT,5437983,SOMERVILLE,2024,2024-06-26,2,13:01:00,Local,0,0,0.0,42.38531575,-71.09460554,0,2024-06-26 13:01:00,SomervillePD,24037880,SOMERVILLE,2024,2024-06-26,2,13:01:00,,0,0,0.0,42.3851,-71.0947,,2024-06-26 13:01:00,25.169364156591357,0.0,0.8238144509038605
920,MassDOT,5438028,SOMERVILLE,2024,2024-06-26,2,22:13:00,Local,0,1,0.0,42.38764737,-71.08335962,0,2024-06-26 22:13:00,SomervillePD,24037996,SOMERVILLE,2024,2024-06-26,2,22:13:00,,0,1,0.0,42.3875,-71.0834,,2024-06-26 22:13:00,16.689701546247,0.0,0.8831720891762709
921,MassDOT,5438030,SOMERVILLE,2024,2024-06-28,2,12:57:00,Local,0,1,0.0,42.39326664,-71.07868805,0,2024-06-28 12:57:00,SomervillePD,24038377,SOMERVILLE,2024,2024-06-28,2,12:57:00,,0,1,0.0,42.3934,-71.0798,,2024-06-28 12:57:00,92.34883428318793,0.0,0.3535581600176845
922,SomervillePD,24038996,SOMERVILLE,2024,2024-07-01,0,11:57:00,,0,0,0.0,42.3783,-71.1064,,2024-07-01 11:57:00,MassDOT,5438037,SOMERVILLE,2024,2024-07-01,0,11:57:00,Local,0,0,0.0,42.37828634,-71.10638278,0,2024-07-01 11:57:00,2.071895228438753,0.0,0.9854967334009286
923,SomervillePD,24039308,SOMERVILLE,2024,2024-07-02,2,19:17:00,,1,0,0.0,42.3822,-71.0817,,2024-07-02 19:17:00,MassDOT,5438027,SOMERVILLE,2024,2024-07-02,0,19:17:00,Local,0,0,0.0,42.38204223,-71.08151723,0,2024-07-02 19:17:00,23.048991397372443,0.0,0.8386570602183929
924,MassDOT,5437988,SOMERVILLE,2024,2024-07-06,2,22:21:00,Local,0,0,0.0,42.38889321,-71.10420127,0,2024-07-06 22:21:00,SomervillePD,24040108,SOMERVILLE,2024,2024-07-06,2,22:21:00,,0,0,0.0,42.3892,-71.1038,,2024-07-06 22:21:00,47.348587030437315,0.0,0.6685598907869388
925,SomervillePD,24040381,SOMERVILLE,2024,2024-07-08,0,08:07:00,,0,0,0.0,42.3929,-71.0935,,2024-07-08 08:07:00,MassDOT,5437984,SOMERVILLE,2024,2024-07-08,0,08:07:00,Local,0,0,0.0,42.39285934,-71.09373125,0,2024-07-08 08:07:00,19.48721122915529,0.0,0.8635895213959128
926,SomervillePD,24040493,SOMERVILLE,2024,2024-07-08,2,16:26:00,,1,0,0.0,42.3882,-71.0866,,2024-07-08 16:26:00,MassDOT,5437989,SOMERVILLE,2024,2024-07-08,2,16:26:00,Local,1,0,0.0,42.38862591,-71.08596981,0,2024-07-08 16:26:00,70.03100614886802,0.0,0.5097829569579239
927,MassDOT,5437994,SOMERVILLE,2024,2024-07-08,0,16:32:00,Local,0,0,0.0,42.38423759,-71.08659567,0,2024-07-08 16:32:00,SomervillePD,24040496,SOMERVILLE,2024,2024-07-08,0,16:32:00,,0,0,0.0,42.3842,-71.0866,,2024-07-08 16:32:00,4.187565758719515,0.0,0.9706870396889633
928,MassDOT,5438002,SOMERVILLE,2024,2024-07-08,2,22:14:00,Local,0,0,0.0,42.37963533,-71.0963869,0,2024-07-08 22:14:00,SomervillePD,24040570,SOMERVILLE,2024,2024-07-08,2,22:14:00,,0,0,0.0,42.3796,-71.0964,,2024-07-08 22:14:00,4.066073134955836,0.0,0.9715374880553092
929,MassDOT,5438040,SOMERVILLE,2024,2024-07-12,0,16:02:00,Local,0,0,0.0,42.38072582,-71.08842315,0,2024-07-12 16:02:00,SomervillePD,24041488,SOMERVILLE,2024,2024-07-12,0,16:02:00,,0,0,0.0,42.381,-71.0886,,2024-07-12 16:02:00,33.71192985150647,0.0,0.7640164910394547
930,SomervillePD,24042304,SOMERVILLE,2024,2024-07-16,0,10:33:00,,0,0,0.0,42.3945,-71.1168,,2024-07-16 10:33:00,MassDOT,5437998,SOMERVILLE,2024,2024-07-16,0,10:33:00,Local,0,0,0.0,42.39447038,-71.11655739,0,2024-07-16 10:33:00,20.158063469041462,0.0,0.8588935557167097
931,MassDOT,5438006,SOMERVILLE,2024,2024-07-16,0,23:33:00,Local,0,0,0.0,42.39773189,-71.09674997,0,2024-07-16 23:33:00,SomervillePD,24042486,SOMERVILLE,2024,2024-07-16,0,23:33:00,,0,0,0.0,42.3978,-71.0966,,2024-07-16 23:33:00,14.431950024319823,0.0,0.8989763498297612
932,SomervillePD,24042640,SOMERVILLE,2024,2024-07-17,0,14:00:00,,0,0,0.0,42.3818,-71.0831,,2024-07-17 14:00:00,MassDOT,5438527,SOMERVILLE,2024,2024-07-17,0,14:00:00,Local,0,0,0.0,42.38177723,-71.08307237,0,2024-07-17 14:00:00,3.394165227817411,0.0,0.9762408434052781
933,SomervillePD,24042644,SOMERVILLE,2024,2024-07-17,0,14:37:00,,0,0,0.0,42.3927,-71.0933,,2024-07-17 14:37:00,MassDOT,5438033,SOMERVILLE,2024,2024-07-17,0,14:37:00,Local,0,0,0.0,42.39255687,-71.09341686,0,2024-07-17 14:37:00,18.55225139765724,0.0,0.8701342402163992
934,SomervillePD,24043263,SOMERVILLE,2024,2024-07-19,0,14:58:00,,0,0,0.0,42.3996,-71.1119,,2024-07-19 14:58:00,MassDOT,5438044,SOMERVILLE,2024,2024-07-19,0,14:58:00,Local,0,0,0.0,42.39965196,-71.1114212,0,2024-07-19 14:58:00,39.668314242837226,0.0,0.7223218003001393
935,BostonVisionZero,34492,BOSTON,2024,2024-07-19,,16:32:47,,0,0,,42.31368555527641,-71.05704743024982,,2024-07-19 16:32:47,MassDOT,5416614,BOSTON,2024,2024-07-19,2,16:33:00,Local,0,0,0.0,42.31295954,-71.05720676,0,2024-07-19 16:33:00,81.6419634912702,13.0,0.4274229222277752
936,SomervillePD,24043892,SOMERVILLE,2024,2024-07-22,2,16:33:00,,0,0,0.0,42.4063,-71.1333,,2024-07-22 16:33:00,MassDOT,5438004,SOMERVILLE,2024,2024-07-22,2,16:33:00,Local,0,0,0.0,42.40678757,-71.1333145,0,2024-07-22 16:33:00,54.13331670699083,0.0,0.6210667830510641
937,MassDOT,5438014,SOMERVILLE,2024,2024-07-22,2,21:25:00,Local,0,0,0.0,42.40728145,-71.13317666,0,2024-07-22 21:25:00,SomervillePD,24043956,SOMERVILLE,2024,2024-07-22,2,21:25:00,,0,0,0.0,42.4067,-71.1323,,2024-07-22 21:25:00,96.58149899512424,0.0,0.3239295070341303
938,MassDOT,5438022,SOMERVILLE,2024,2024-07-23,0,11:50:00,Local,0,0,0.0,42.38583324,-71.10728721,0,2024-07-23 11:50:00,SomervillePD,24044100,SOMERVILLE,2024,2024-07-23,0,11:50:00,,0,0,0.0,42.3858,-71.1073,,2024-07-23 11:50:00,3.8357574657113345,0.0,0.9731496977400207
939,MassDOT,5438018,SOMERVILLE,2024,2024-07-25,0,16:48:00,Local,0,0,0.0,42.39392894,-71.09604913,0,2024-07-25 16:48:00,SomervillePD,24044688,SOMERVILLE,2024,2024-07-25,0,16:48:00,,0,0,0.0,42.3939,-71.096,,2024-07-25 16:48:00,5.151690768426837,0.0,0.9639381646210121
940,SomervillePD,24044710,SOMERVILLE,2024,2024-07-25,2,18:34:00,,0,0,0.0,42.3983,-71.1237,,2024-07-25 18:34:00,MassDOT,5438462,SOMERVILLE,2024,2024-07-25,2,18:34:00,Local,1,1,0.0,42.39817641,-71.1238881,0,2024-07-25 18:34:00,20.638151486705603,0.0,0.8555329395930606
941,MassDOT,5438035,SOMERVILLE,2024,2024-07-27,0,12:17:00,Local,0,0,0.0,42.38515121,-71.0860806,0,2024-07-27 12:17:00,SomervillePD,24045101,SOMERVILLE,2024,2024-07-27,0,12:17:00,,0,0,0.0,42.3851,-71.0861,,2024-07-27 12:17:00,5.902650280586446,0.0,0.958681448035895
942,SomervillePD,24045119,SOMERVILLE,2024,2024-07-27,2,13:51:00,,0,0,1.0,42.3798,-71.0915,,2024-07-27 13:51:00,MassDOT,5438020,SOMERVILLE,2024,2024-07-27,2,13:51:00,Local,0,0,1.0,42.37958807,-71.09151328,0,2024-07-27 13:51:00,23.54941791741487,0.0,0.8351540745780959
943,SomervillePD,24045383,SOMERVILLE,2024,2024-07-28,0,16:18:00,,0,0,0.0,42.3915,-71.0804,,2024-07-28 16:18:00,MassDOT,5438017,SOMERVILLE,2024,2024-07-28,0,16:18:00,Local,0,0,0.0,42.39157095,-71.08013834,0,2024-07-28 16:18:00,22.85080481493746,0.0,0.8400443662954378
944,SomervillePD,24045707,SOMERVILLE,2024,2024-07-30,0,07:46:00,,0,0,0.0,42.3965,-71.1076,,2024-07-30 07:46:00,MassDOT,5438038,SOMERVILLE,2024,2024-07-30,0,07:46:00,Local,0,0,0.0,42.39675664,-71.10653849,0,2024-07-30 07:46:00,91.55965594975547,0.0,0.3590824083517117
945,SomervillePD,24045771,SOMERVILLE,2024,2024-07-30,0,11:53:00,,0,0,0.0,42.3878,-71.0887,,2024-07-30 11:53:00,MassDOT,5438043,SOMERVILLE,2024,2024-07-30,0,11:53:00,Local,0,0,0.0,42.3876568,-71.08886003,0,2024-07-30 11:53:00,20.610462263775627,0.0,0.8557267641535706
946,MassDOT,5438045,SOMERVILLE,2024,2024-07-30,2,18:53:00,Local,1,0,0.0,42.38072582,-71.08842315,0,2024-07-30 18:53:00,SomervillePD,24045875,SOMERVILLE,2024,2024-07-30,2,18:53:00,,0,0,0.0,42.381,-71.0886,,2024-07-30 18:53:00,33.71192985150647,0.0,0.7640164910394547
947,SomervillePD,24046066,SOMERVILLE,2024,2024-07-31,0,14:03:00,,0,0,0.0,42.3793,-71.0936,,2024-07-31 14:03:00,MassDOT,5438042,SOMERVILLE,2024,2024-07-31,0,14:03:00,Local,0,0,0.0,42.3795343,-71.09372507,0,2024-07-31 14:03:00,27.956189191393975,0.0,0.8043066756602422
948,MassDOT,5436574,SOMERVILLE,2024,2024-08-01,0,08:38:00,Local,0,1,0.0,42.40601255,-71.13173944,0,2024-08-01 08:38:00,SomervillePD,24046234,SOMERVILLE,2024,2024-08-01,0,08:38:00,,0,1,0.0,42.4059,-71.132,,2024-08-01 08:38:00,24.741488072867966,0.0,0.8268095834899243
949,SomervillePD,24046327,SOMERVILLE,2024,2024-08-01,0,14:08:00,,0,0,0.0,42.3908,-71.1076,,2024-08-01 14:08:00,MassDOT,5436578,SOMERVILLE,2024,2024-08-01,0,14:08:00,Local,0,0,0.0,42.3908031,-71.10753928,0,2024-08-01 14:08:00,4.989738577765241,0.0,0.9650718299556433
950,SomervillePD,24046514,SOMERVILLE,2024,2024-08-02,0,10:18:00,,0,0,0.0,42.389,-71.1009,,2024-08-02 10:18:00,MassDOT,5436557,SOMERVILLE,2024,2024-08-02,0,10:18:00,Local,0,0,0.0,42.38904582,-71.10106248,0,2024-08-02 10:18:00,14.258525204248796,0.0,0.9001903235702584
951,SomervillePD,24046779,SOMERVILLE,2024,2024-08-03,2,11:47:00,,1,0,0.0,42.3824,-71.0885,,2024-08-03 11:47:00,MassDOT,5436576,SOMERVILLE,2024,2024-08-03,2,11:47:00,Local,1,0,0.0,42.38226789,-71.08874683,0,2024-08-03 11:47:00,24.992288070045447,0.0,0.825053983509682
952,SomervillePD,24047197,SOMERVILLE,2024,2024-08-05,2,13:08:00,,1,0,0.0,42.3928,-71.112,,2024-08-05 13:08:00,MassDOT,5436575,SOMERVILLE,2024,2024-08-05,2,13:08:00,Local,1,0,0.0,42.39281176,-71.11197021,0,2024-08-05 13:08:00,2.769102705095696,0.0,0.9806162810643302
953,MassDOT,5436571,SOMERVILLE,2024,2024-08-05,2,16:27:00,Local,0,0,0.0,42.40155733,-71.12262804,0,2024-08-05 16:27:00,SomervillePD,24047235,SOMERVILLE,2024,2024-08-05,2,16:27:00,,0,0,0.0,42.4016,-71.1226,,2024-08-05 16:27:00,5.264558067095911,0.0,0.9631480935303285
954,MassDOT,5436564,SOMERVILLE,2024,2024-08-05,0,16:47:00,Local,0,0,0.0,42.4008488,-71.11768317,0,2024-08-05 16:47:00,SomervillePD,24047242,SOMERVILLE,2024,2024-08-05,0,16:47:00,,0,0,0.0,42.4011,-71.1175,,2024-08-05 16:47:00,31.66847460832028,0.0,0.7783206777417581
955,SomervillePD,24047390,SOMERVILLE,2024,2024-08-06,2,09:59:00,,0,0,0.0,42.3865,-71.0978,,2024-08-06 09:59:00,MassDOT,5436568,SOMERVILLE,2024,2024-08-06,2,09:59:00,Local,0,0,0.0,42.38653203,-71.09782522,0,2024-08-06 09:59:00,4.112872350421624,0.0,0.9712098935470486
956,SomervillePD,24047481,SOMERVILLE,2024,2024-08-06,2,18:09:00,,0,0,0.0,42.3868,-71.0934,,2024-08-06 18:09:00,MassDOT,5436577,SOMERVILLE,2024,2024-08-06,2,18:09:00,Local,0,0,0.0,42.38678078,-71.09339,0,2024-08-06 18:09:00,2.2855300869841706,0.0,0.9840012893911108
957,SomervillePD,24047658,SOMERVILLE,2024,2024-08-07,0,14:35:00,,1,0,0.0,42.3833,-71.1126,,2024-08-07 14:35:00,MassDOT,5436543,SOMERVILLE,2024,2024-08-07,0,14:35:00,Local,1,0,0.0,42.38317285,-71.11241406,0,2024-08-07 14:35:00,20.775319032670645,0.0,0.8545727667713054
958,MassDOT,5436567,SOMERVILLE,2024,2024-08-08,0,09:20:00,Local,0,0,0.0,42.39534786,-71.10282693,0,2024-08-08 09:20:00,SomervillePD,24047807,SOMERVILLE,2024,2024-08-08,0,09:20:00,,0,0,0.0,42.3952,-71.1029,,2024-08-08 09:20:00,17.471335700902777,0.0,0.8777006500936806
959,MassDOT,5436542,SOMERVILLE,2024,2024-08-10,2,10:01:00,Local,1,0,0.0,42.3951427,-71.12172364,0,2024-08-10 10:01:00,SomervillePD,24048320,SOMERVILLE,2024,2024-08-10,2,10:01:00,,1,0,0.0,42.3949,-71.1219,,2024-08-10 10:01:00,30.573761991745965,0.0,0.7859836660577781
960,SomervillePD,24048589,SOMERVILLE,2024,2024-08-11,0,15:22:00,,0,0,0.0,42.401,-71.1261,,2024-08-11 15:22:00,MassDOT,5436589,SOMERVILLE,2024,2024-08-11,0,15:22:00,Local,0,0,0.0,42.40103934,-71.12614634,0,2024-08-11 15:22:00,5.787570312149565,0.0,0.9594870078149529
961,SomervillePD,24048592,SOMERVILLE,2024,2024-08-11,0,15:40:00,,0,0,0.0,42.3802,-71.0904,,2024-08-11 15:40:00,MassDOT,5436566,SOMERVILLE,2024,2024-08-11,0,15:40:00,Local,0,0,0.0,42.37992126,-71.0905754,0,2024-08-11 15:40:00,34.119334142604124,0.0,0.761164661001771
962,SomervillePD,24048723,SOMERVILLE,2024,2024-08-12,0,09:58:00,,0,0,0.0,42.3795,-71.0931,,2024-08-12 09:58:00,MassDOT,5436584,SOMERVILLE,2024,2024-08-12,0,09:58:00,Local,0,0,0.0,42.37950675,-71.0930481,0,2024-08-12 09:58:00,4.321011541412729,0.0,0.9697529192101109
963,MassDOT,5436581,SOMERVILLE,2024,2024-08-12,2,15:22:00,Local,0,0,0.0,42.38138858,-71.08134167,0,2024-08-12 15:22:00,SomervillePD,24048801,SOMERVILLE,2024,2024-08-12,2,15:22:00,,0,0,0.0,42.3809,-71.0807,,2024-08-12 15:22:00,75.55931917986085,0.0,0.471084765740974
964,MassDOT,5436562,SOMERVILLE,2024,2024-08-15,0,10:29:00,Local,0,0,0.0,42.37495735,-71.08963595,0,2024-08-15 10:29:00,SomervillePD,24049489,SOMERVILLE,2024,2024-08-15,0,10:29:00,,0,0,0.0,42.3749,-71.09,,2024-08-15 10:29:00,30.52374601115625,0.0,0.7863337779219062
965,SomervillePD,24049912,SOMERVILLE,2024,2024-08-16,2,19:27:00,,0,0,0.0,42.3851,-71.1132,,2024-08-16 19:27:00,MassDOT,5436563,SOMERVILLE,2024,2024-08-16,2,19:27:00,Local,0,0,1.0,42.38519758,-71.11304542,0,2024-08-16 19:27:00,16.671580896518343,0.0,0.8832989337243715
966,SomervillePD,24049928,SOMERVILLE,2024,2024-08-16,0,21:08:00,,0,0,0.0,42.4012,-71.1165,,2024-08-16 21:08:00,MassDOT,5436570,SOMERVILLE,2024,2024-08-16,0,21:08:00,Local,0,0,0.0,42.40119637,-71.11709246,0,2024-08-16 21:08:00,48.56382568618349,0.0,0.6600532201967155
967,SomervillePD,24050110,SOMERVILLE,2024,2024-08-17,2,17:22:00,,0,1,0.0,42.3916,-71.0994,,2024-08-17 17:22:00,MassDOT,5436579,SOMERVILLE,2024,2024-08-17,2,17:22:00,Local,0,1,0.0,42.39142274,-71.09950977,0,2024-08-17 17:22:00,21.63606971580769,0.0,0.8485475119893462
968,MassDOT,5436573,SOMERVILLE,2024,2024-08-19,2,16:37:00,Local,1,0,0.0,42.39540977,-71.09000497,0,2024-08-19 16:37:00,SomervillePD,24050493,SOMERVILLE,2024,2024-08-19,2,16:37:00,,1,0,0.0,42.3953,-71.0899,,2024-08-19 16:37:00,14.916603209763574,0.0,0.8955837775316549
969,SomervillePD,24050682,SOMERVILLE,2024,2024-08-20,2,16:05:00,,0,0,1.0,42.377,-71.0956,,2024-08-20 16:05:00,MassDOT,5436569,SOMERVILLE,2024,2024-08-20,2,16:05:00,Local,0,0,1.0,42.37697163,-71.09558941,0,2024-08-20 16:05:00,3.266603681243136,0.0,0.977133774231298
970,MassDOT,5436583,SOMERVILLE,2024,2024-08-21,0,08:51:00,Local,0,0,0.0,42.37546261,-71.09511247,0,2024-08-21 08:51:00,SomervillePD,24050811,SOMERVILLE,2024,2024-08-21,0,08:51:00,,0,0,0.0,42.3754,-71.0954,,2024-08-21 08:51:00,24.580542715859604,0.0,0.8279362009889826
971,MassDOT,5436565,SOMERVILLE,2024,2024-08-21,0,22:29:00,Local,1,0,0.0,42.3869103,-71.11615302,0,2024-08-21 22:29:00,SomervillePD,24050972,SOMERVILLE,2024,2024-08-21,0,22:29:00,,1,0,0.0,42.3869,-71.1161,,2024-08-21 22:29:00,4.49471788187728,0.0,0.9685369748268591
972,MassDOT,5436580,SOMERVILLE,2024,2024-08-22,0,20:02:00,Local,0,0,0.0,42.37950675,-71.0930481,0,2024-08-22 20:02:00,SomervillePD,24051148,SOMERVILLE,2024,2024-08-22,0,20:02:00,,0,0,0.0,42.3795,-71.0931,,2024-08-22 20:02:00,4.32101109087937,0.0,0.9697529223638444
973,MassDOT,5436582,SOMERVILLE,2024,2024-08-24,0,11:38:00,Local,0,0,0.0,42.38661343,-71.11425766,0,2024-08-24 11:38:00,SomervillePD,24051501,SOMERVILLE,2024,2024-08-24,0,11:38:00,,0,0,0.0,42.387,-71.1141,,2024-08-24 11:38:00,44.813890553445894,0.0,0.6863027661258787
974,SomervillePD,24051606,SOMERVILLE,2024,2024-08-24,2,22:56:00,,0,1,1.0,42.396,-71.0798,,2024-08-24 22:56:00,MassDOT,5436549,SOMERVILLE,2024,2024-08-24,2,22:56:00,Local,0,1,0.0,42.39596363,-71.07927581,0,2024-08-24 22:56:00,43.159056697500915,0.0,0.6978866031174936
975,SomervillePD,24052002,SOMERVILLE,2024,2024-08-26,0,18:03:00,,0,0,0.0,42.3874,-71.0819,,2024-08-26 18:03:00,MassDOT,5436585,SOMERVILLE,2024,2024-08-26,0,18:03:00,Local,0,0,0.0,42.38717054,-71.08188559,0,2024-08-26 18:03:00,25.497444410835463,0.0,0.8215178891241517
976,MassDOT,5436551,SOMERVILLE,2024,2024-08-28,0,12:37:00,Local,0,0,0.0,42.3931025,-71.08712485,0,2024-08-28 12:37:00,SomervillePD,24052463,SOMERVILLE,2024,2024-08-28,0,12:37:00,,0,0,0.0,42.3936,-71.0868,,2024-08-28 12:37:00,61.30826319283261,0.0,0.5708421576501717
977,SomervillePD,24052722,SOMERVILLE,2024,2024-08-29,2,14:08:00,,0,1,0.0,42.3957,-71.1205,,2024-08-29 14:08:00,MassDOT,5436560,SOMERVILLE,2024,2024-08-29,2,14:08:00,Local,0,1,0.0,42.3956945,-71.12047373,0,2024-08-29 14:08:00,2.2383264507449265,0.0,0.9843317148447854
978,SomervillePD,24052821,SOMERVILLE,2024,2024-08-29,2,20:27:00,,0,0,0.0,42.3816,-71.0978,,2024-08-29 20:27:00,MassDOT,5436590,SOMERVILLE,2024,2024-08-29,2,20:27:00,Local,0,0,0.0,42.38165367,-71.09774115,0,2024-08-29 20:27:00,7.66638251130037,0.0,0.9463353224208972
979,SomervillePD,24052894,SOMERVILLE,2024,2024-08-30,2,07:21:00,,0,0,0.0,42.4061,-71.1321,,2024-08-30 07:21:00,MassDOT,5436587,SOMERVILLE,2024,2024-08-30,2,07:21:00,Local,0,0,0.0,42.40618413,-71.13209284,0,2024-08-30 07:21:00,9.356850610898109,0.0,0.9345020457237132
980,SomervillePD,24053340,SOMERVILLE,2024,2024-09-01,0,10:01:00,,0,0,0.0,42.3989,-71.1213,,2024-09-01 10:01:00,MassDOT,5436450,SOMERVILLE,2024,2024-09-01,0,10:01:00,Local,0,0,0.0,42.39881479,-71.12076534,0,2024-09-01 10:01:00,44.83507539213202,0.0,0.6861544722550759
981,MassDOT,5436448,SOMERVILLE,2024,2024-09-01,0,19:33:00,Local,0,0,0.0,42.38004858,-71.09668485,0,2024-09-01 19:33:00,SomervillePD,24053449,SOMERVILLE,2024,2024-09-01,0,19:33:00,,0,0,0.0,42.3799,-71.0968,,2024-09-01 19:33:00,19.003786136370113,0.0,0.866973497045409
982,MassDOT,5436459,SOMERVILLE,2024,2024-09-03,2,12:38:00,Local,0,0,0.0,42.39690295,-71.09933799,0,2024-09-03 12:38:00,SomervillePD,24053892,SOMERVILLE,2024,2024-09-03,2,12:38:00,,0,0,0.0,42.3968,-71.0993,,2024-09-03 12:38:00,11.844174641704633,0.0,0.9170907775080674
983,SomervillePD,24053954,SOMERVILLE,2024,2024-09-03,2,16:05:00,,0,0,0.0,42.3925,-71.093,,2024-09-03 16:05:00,MassDOT,5448761,SOMERVILLE,2024,2024-09-03,2,16:05:00,Local,0,0,0.0,42.39236044,-71.09308147,0,2024-09-03 16:05:00,16.86956069525813,0.0,0.881913075133193
984,SomervillePD,24054437,SOMERVILLE,2024,2024-09-05,0,13:05:00,,0,0,0.0,42.398,-71.1052,,2024-09-05 13:05:00,MassDOT,5436462,SOMERVILLE,2024,2024-09-05,0,13:05:00,Local,0,0,0.0,42.39759445,-71.10513649,0,2024-09-05 13:05:00,45.31607959139733,0.0,0.6827874428602185
985,SomervillePD,24054977,SOMERVILLE,2024,2024-09-07,2,13:52:00,,0,0,0.0,42.3871,-71.0827,,2024-09-07 13:52:00,MassDOT,5436454,SOMERVILLE,2024,2024-09-07,2,13:52:00,Local,0,0,0.0,42.38721301,-71.08245173,0,2024-09-07 13:52:00,23.90943142391911,0.0,0.8326339800325662
986,SomervillePD,24055103,SOMERVILLE,2024,2024-09-08,0,01:11:00,,0,0,0.0,42.3868,-71.0987,,2024-09-08 01:11:00,MassDOT,5436452,SOMERVILLE,2024,2024-09-08,0,01:11:00,Local,0,0,0.0,42.38683621,-71.09872423,0,2024-09-08 01:11:00,4.48342468642237,0.0,0.9686160271950435
987,MassDOT,5436449,SOMERVILLE,2024,2024-09-09,0,08:41:00,Local,0,0,0.0,42.39167547,-71.09191387,0,2024-09-09 08:41:00,SomervillePD,24055347,SOMERVILLE,2024,2024-09-09,0,08:41:00,,0,0,0.0,42.3917,-71.0917,,2024-09-09 08:41:00,17.74310322193543,0.0,0.8757982774464519
988,SomervillePD,24055423,SOMERVILLE,2024,2024-09-09,0,14:19:00,,0,0,0.0,42.3989,-71.1213,,2024-09-09 14:19:00,MassDOT,5448611,SOMERVILLE,2024,2024-09-09,0,14:19:00,Local,0,0,0.0,42.39881479,-71.12076534,0,2024-09-09 14:19:00,44.83507539213202,0.0,0.6861544722550759
989,SomervillePD,24055607,SOMERVILLE,2024,2024-09-10,2,09:11:00,,1,0,0.0,42.401,-71.1261,,2024-09-10 09:11:00,MassDOT,5436451,SOMERVILLE,2024,2024-09-10,2,09:11:00,Local,1,0,0.0,42.40103934,-71.12614634,0,2024-09-10 09:11:00,5.787570312149565,0.0,0.9594870078149529
990,MassDOT,5436461,SOMERVILLE,2024,2024-09-10,0,11:58:00,Local,0,0,0.0,42.39221947,-71.11238935,0,2024-09-10 11:58:00,SomervillePD,24055651,SOMERVILLE,2024,2024-09-10,0,11:58:00,,0,0,0.0,42.3922,-71.1124,,2024-09-10 11:58:00,2.3308609167690197,0.0,0.9836839735826168
991,MassDOT,5436444,SOMERVILLE,2024,2024-09-11,0,16:39:00,Local,0,1,0.0,42.40077642,-71.12595042,0,2024-09-11 16:39:00,SomervillePD,24055942,SOMERVILLE,2024,2024-09-11,0,16:39:00,,0,0,0.0,42.4007,-71.126,,2024-09-11 16:39:00,9.405877534744956,0.0,0.9341588572567852
992,SomervillePD,24056371,SOMERVILLE,2024,2024-09-13,2,11:35:00,,0,1,0.0,42.3967,-71.0824,,2024-09-13 11:35:00,MassDOT,5436460,SOMERVILLE,2024,2024-09-13,2,11:35:00,Local,0,1,0.0,42.39706431,-71.08281248,0,2024-09-13 11:35:00,52.71173821897443,0.0,0.6310178324671789
993,SomervillePD,24056629,SOMERVILLE,2024,2024-09-14,0,13:41:00,,0,0,0.0,42.3913,-71.0948,,2024-09-14 13:41:00,MassDOT,5448612,SOMERVILLE,2024,2024-09-14,0,13:41:00,Local,0,0,0.0,42.39110771,-71.09486413,0,2024-09-14 13:41:00,21.982138230147804,0.0,0.8461250323889653
994,SomervillePD,24056720,SOMERVILLE,2024,2024-09-14,2,21:17:00,,0,0,0.0,42.3818,-71.1023,,2024-09-14 21:17:00,MassDOT,5436458,SOMERVILLE,2024,2024-09-14,2,21:17:00,Local,0,0,0.0,42.38203262,-71.10214741,0,2024-09-14 21:17:00,28.69224722608696,0.0,0.7991542694173912
995,MassDOT,5436455,SOMERVILLE,2024,2024-09-14,0,23:07:00,Local,0,0,0.0,42.3900182,-71.09657612,0,2024-09-14 23:07:00,SomervillePD,24056737,SOMERVILLE,2024,2024-09-14,0,23:07:00,,0,0,0.0,42.3902,-71.0968,,2024-09-14 23:07:00,27.278104403105246,0.0,0.8090532691782633
996,SomervillePD,24056740,SOMERVILLE,2024,2024-09-14,0,23:19:00,,0,0,0.0,42.392,-71.1113,,2024-09-14 23:19:00,MassDOT,5448608,SOMERVILLE,2024,2024-09-14,0,23:19:00,Local,0,0,0.0,42.39176828,-71.11141459,0,2024-09-14 23:19:00,27.38270348459368,0.0,0.8083210756078443
997,SomervillePD,24056857,SOMERVILLE,2024,2024-09-15,0,14:04:00,,0,0,0.0,42.3858,-71.1104,,2024-09-15 14:04:00,MassDOT,5436457,SOMERVILLE,2024,2024-09-15,0,14:04:00,Local,0,0,0.0,42.38576036,-71.11014541,0,2024-09-15 14:04:00,21.33181605947544,0.0,0.8506772875836719
998,MassDOT,5436447,SOMERVILLE,2024,2024-09-15,0,14:39:00,Local,0,0,0.0,42.39583011,-71.12078647,0,2024-09-15 14:39:00,SomervillePD,24056861,SOMERVILLE,2024,2024-09-15,0,14:39:00,,0,0,0.0,42.3962,-71.1206,,2024-09-15 14:39:00,43.81089402377115,0.0,0.693323741833602
999,MassDOT,5448609,SOMERVILLE,2024,2024-09-16,0,22:58:00,Local,0,0,0.0,42.39648884,-71.12230871,0,2024-09-16 22:58:00,SomervillePD,24057206,SOMERVILLE,2024,2024-09-16,0,22:58:00,,0,0,0.0,42.396,-71.1221,,2024-09-16 22:58:00,56.89452315850517,0.0,0.6017383378904637
1000,MassDOT,5448760,SOMERVILLE,2024,2024-09-17,0,16:35:00,Local,0,0,0.0,42.38542786,-71.11520644,0,2024-09-17 16:35:00,SomervillePD,24057436,SOMERVILLE,2024,2024-09-17,0,16:35:00,,0,0,0.0,42.3849,-71.1149,,2024-09-17 16:35:00,63.75190551055799,0.0,0.553736661426094
1001,SomervillePD,24057690,SOMERVILLE,2024,2024-09-18,0,14:19:00,,0,0,1.0,42.3801,-71.0969,,2024-09-18 14:19:00,MassDOT,5448762,SOMERVILLE,2024,2024-09-18,0,14:19:00,Local,0,0,1.0,42.38017876,-71.09699494,0,2024-09-18 14:19:00,11.70590659341132,0.0,0.9180586538461206
1002,MassDOT,5448763,SOMERVILLE,2024,2024-09-18,2,18:24:00,Local,0,0,1.0,42.38519758,-71.11304542,0,2024-09-18 18:24:00,SomervillePD,24057743,SOMERVILLE,2024,2024-09-18,2,18:24:00,,0,0,1.0,42.3851,-71.1132,,2024-09-18 18:24:00,16.671565921321466,0.0,0.8832990385507498
1003,MassDOT,5448610,SOMERVILLE,2024,2024-09-19,0,08:20:00,Local,0,0,0.0,42.37898378,-71.0809773,0,2024-09-19 08:20:00,SomervillePD,24057885,SOMERVILLE,2024,2024-09-19,0,08:20:00,,0,0,0.0,42.379,-71.0817,,2024-09-19 08:20:00,59.285847391209735,0.0,0.5849990682615318
1004,SomervillePD,24058035,SOMERVILLE,2024,2024-09-19,0,19:51:00,,0,0,0.0,42.3867,-71.0813,,2024-09-19 19:51:00,MassDOT,5448766,SOMERVILLE,2024,2024-09-19,0,19:51:00,Local,0,0,0.0,42.38685657,-71.08120725,0,2024-09-19 19:51:00,18.970049712853196,0.0,0.8672096520100276
1005,MassDOT,5448765,SOMERVILLE,2024,2024-09-20,0,14:39:00,Local,0,0,0.0,42.38608826,-71.08758311,0,2024-09-20 14:39:00,SomervillePD,24058202,SOMERVILLE,2024,2024-09-20,0,14:39:00,,0,0,0.0,42.3862,-71.0881,,2024-09-20 14:39:00,44.15588636706128,0.0,0.690908795430571
1006,SomervillePD,24058203,SOMERVILLE,2024,2024-09-20,2,14:53:00,,0,0,0.0,42.3967,-71.1019,,2024-09-20 14:53:00,MassDOT,5448630,SOMERVILLE,2024,2024-09-20,2,14:53:00,Local,0,0,0.0,42.396515,-71.10174148,0,2024-09-20 14:53:00,24.301008468421763,0.0,0.8298929407210476
1007,SomervillePD,24058254,SOMERVILLE,2024,2024-09-20,0,17:41:00,,0,1,0.0,42.3941,-71.1107,,2024-09-20 17:41:00,MassDOT,5448614,SOMERVILLE,2024,2024-09-20,0,17:41:00,Local,0,1,0.0,42.39411692,-71.11101872,0,2024-09-20 17:41:00,26.194885765756244,0.0,0.8166357996397062
1008,MassDOT,5448764,SOMERVILLE,2024,2024-09-22,0,10:41:00,Local,0,0,0.0,42.38440777,-71.09469515,0,2024-09-22 10:41:00,SomervillePD,24058627,SOMERVILLE,2024,2024-09-22,0,10:41:00,,0,0,0.0,42.3843,-71.0946,,2024-09-22 10:41:00,14.281460235559528,0.0,0.9000297783510833
1009,SomervillePD,24058839,SOMERVILLE,2024,2024-09-23,2,09:33:00,,0,0,0.0,42.3853,-71.0936,,2024-09-23 09:33:00,MassDOT,5448767,SOMERVILLE,2024,2024-09-23,2,09:33:00,Local,0,0,0.0,42.38514797,-71.09417396,0,2024-09-23 09:33:00,49.992024279387536,0.0,0.6500558300442871
1010,SomervillePD,24059087,SOMERVILLE,2024,2024-09-24,2,08:14:00,,0,0,0.0,42.3817,-71.0839,,2024-09-24 08:14:00,MassDOT,5448618,SOMERVILLE,2024,2024-09-24,2,08:14:00,Local,0,0,0.0,42.38166925,-71.08385283,0,2024-09-24 08:14:00,5.15834067824556,0.0,0.963891615252281
1011,SomervillePD,24059496,SOMERVILLE,2024,2024-09-25,0,18:15:00,,0,0,0.0,42.3851,-71.0805,,2024-09-25 18:15:00,MassDOT,5448621,SOMERVILLE,2024,2024-09-25,0,18:15:00,Local,0,0,0.0,42.38496996,-71.08078843,0,2024-09-25 18:15:00,27.705080920309904,0.0,0.8060644335578306
1012,SomervillePD,24059583,SOMERVILLE,2024,2024-09-26,0,06:45:00,,0,0,0.0,42.3795,-71.0931,,2024-09-26 06:45:00,MassDOT,5448624,SOMERVILLE,2024,2024-09-26,0,06:45:00,Local,0,0,0.0,42.37950675,-71.0930481,0,2024-09-26 06:45:00,4.321011541412729,0.0,0.9697529192101109
1013,MassDOT,5448616,SOMERVILLE,2024,2024-09-27,2,13:13:00,Local,0,0,1.0,42.37574349,-71.10328712,0,2024-09-27 13:13:00,SomervillePD,24059936,SOMERVILLE,2024,2024-09-27,2,13:13:00,,0,0,1.0,42.376,-71.1029,,2024-09-27 13:13:00,42.64230727477978,0.0,0.7015038490765415
1014,MassDOT,5442691,BOSTON,2024,2024-09-28,2,10:01:00,Local,0,0,0.0,42.35084789,-71.08949714,0,2024-09-28 10:01:00,BostonVisionZero,5679,BOSTON,2024,2024-09-28,,10:39:00,,0,0,,42.350858072765824,-71.0894836662669,,2024-09-28 10:39:00,1.580888379932845,2280.0,0.79893378134047
1015,SomervillePD,24060543,SOMERVILLE,2024,2024-09-30,0,06:05:00,,0,0,0.0,42.379,-71.0924,,2024-09-30 06:05:00,MassDOT,5448615,SOMERVILLE,2024,2024-09-30,0,06:05:00,Local,0,0,0.0,42.37850351,-71.09249497,0,2024-09-30 06:05:00,55.65783776630588,0.0,0.6103951356358588
1016,SomervillePD,24060630,SOMERVILLE,2024,2024-09-30,2,12:59:00,,0,1,0.0,42.3798,-71.0942,,2024-09-30 12:59:00,MassDOT,5448619,SOMERVILLE,2024,2024-09-30,2,12:59:00,Local,0,1,0.0,42.37960087,-71.09416671,0,2024-09-30 12:59:00,22.271335712664854,0.0,0.8441006500113459
1017,MassDOT,5461008,SOMERVILLE,2024,2024-10-01,0,07:32:00,Local,0,0,0.0,42.39756637,-71.10504773,0,2024-10-01 07:32:00,SomervillePD,24060838,SOMERVILLE,2024,2024-10-01,0,07:32:00,,0,0,0.0,42.3977,-71.1048,,2024-10-01 07:32:00,25.14724952291205,0.0,0.8239692533396157
1018,SomervillePD,24060985,SOMERVILLE,2024,2024-10-01,0,18:14:00,,0,0,0.0,42.376,-71.0955,,2024-10-01 18:14:00,MassDOT,5461017,SOMERVILLE,2024,2024-10-01,0,18:14:00,Local,0,0,0.0,42.37600031,-71.09528128,0,2024-10-01 18:14:00,17.9350484459418,0.0,0.8744546608784074
1019,MassDOT,5461015,SOMERVILLE,2024,2024-10-02,2,10:05:00,Local,0,1,0.0,42.3949004,-71.09631631,0,2024-10-02 10:05:00,SomervillePD,24061132,SOMERVILLE,2024,2024-10-02,2,10:05:00,,0,0,0.0,42.3951,-71.0964,,2024-10-02 10:05:00,23.193471885608446,0.0,0.8376456968007409
1020,SomervillePD,24061375,SOMERVILLE,2024,2024-10-03,0,07:32:00,,0,0,0.0,42.3893,-71.0968,,2024-10-03 07:32:00,MassDOT,5461018,SOMERVILLE,2024,2024-10-03,0,07:32:00,Local,0,0,0.0,42.38950822,-71.09691498,0,2024-10-03 07:32:00,24.960769892645562,0.0,0.825274610751481
1021,MassDOT,5461014,SOMERVILLE,2024,2024-10-03,0,12:35:00,Local,1,0,0.0,42.38197038,-71.11093189,0,2024-10-03 12:35:00,SomervillePD,24061452,SOMERVILLE,2024,2024-10-03,0,12:35:00,,1,0,0.0,42.382,-71.1109,,2024-10-03 12:35:00,4.200781095272631,0.0,0.9705945323330916
1022,SomervillePD,24061747,SOMERVILLE,2024,2024-10-04,0,14:28:00,,0,0,0.0,42.4033,-71.1242,,2024-10-04 14:28:00,MassDOT,5461104,SOMERVILLE,2024,2024-10-04,0,14:28:00,Local,0,0,0.0,42.40338051,-71.12421131,0,2024-10-04 14:28:00,8.98456209012815,0.0,0.9371080653691028
1023,SomervillePD,24061808,SOMERVILLE,2024,2024-10-04,2,18:20:00,,0,0,0.0,42.39,-71.1004,,2024-10-04 18:20:00,MassDOT,5461029,SOMERVILLE,2024,2024-10-04,2,18:20:00,Local,1,0,1.0,42.38980981,-71.10051085,0,2024-10-04 18:20:00,22.98398794246617,0.0,0.8391120844027369
1024,MassDOT,5461011,SOMERVILLE,2024,2024-10-07,0,11:40:00,Local,0,0,0.0,42.40119637,-71.11709246,0,2024-10-07 11:40:00,SomervillePD,24062483,SOMERVILLE,2024,2024-10-07,0,11:40:00,,0,0,0.0,42.4012,-71.1164,,2024-10-07 11:40:00,56.76028510000268,0.0,0.6026780042999812
1025,MassDOT,5461012,SOMERVILLE,2024,2024-10-07,0,11:51:00,Local,0,0,0.0,42.37682979,-71.10592641,0,2024-10-07 11:51:00,SomervillePD,24062490,SOMERVILLE,2024,2024-10-07,0,11:51:00,,0,0,0.0,42.3768,-71.1059,,2024-10-07 11:51:00,3.9527170340881606,0.0,0.9723309807613829
1026,MassDOT,5461013,SOMERVILLE,2024,2024-10-09,2,18:58:00,Local,0,1,1.0,42.38171624,-71.10117815,0,2024-10-09 18:58:00,SomervillePD,24063109,SOMERVILLE,2024,2024-10-09,2,18:58:00,,0,0,1.0,42.3819,-71.101,,2024-10-09 18:58:00,25.088150386645385,0.0,0.8243829472934823
1027,SomervillePD,24063205,SOMERVILLE,2024,2024-10-10,0,08:07:00,,0,0,0.0,42.3976,-71.1213,,2024-10-10 08:07:00,MassDOT,5461016,SOMERVILLE,2024,2024-10-10,0,08:07:00,Local,0,0,0.0,42.39763338,-71.12160932,0,2024-10-10 08:07:00,25.624767229220645,0.0,0.8206266293954554
1028,SomervillePD,24063538,SOMERVILLE,2024,2024-10-11,2,12:36:00,,0,1,0.0,42.3942,-71.0792,,2024-10-11 12:36:00,MassDOT,5461037,SOMERVILLE,2024,2024-10-11,2,12:36:00,Local,0,1,0.0,42.39419051,-71.07914557,0,2024-10-11 12:36:00,4.5846176512485926,0.0,0.9679076764412597
1029,MassDOT,5461031,SOMERVILLE,2024,2024-10-16,0,04:09:00,Local,0,0,0.0,42.39652025,-71.09363927,0,2024-10-16 04:09:00,SomervillePD,24064479,SOMERVILLE,2024,2024-10-16,0,04:09:00,,0,0,0.0,42.3965,-71.0937,,2024-10-16 04:09:00,5.462152575640082,0.0,0.9617649319705195
1030,SomervillePD,24064517,SOMERVILLE,2024,2024-10-16,0,09:38:00,,0,0,0.0,42.3966,-71.1238,,2024-10-16 09:38:00,MassDOT,5461033,SOMERVILLE,2024,2024-10-16,0,09:38:00,Local,0,0,0.0,42.39629712,-71.12403048,0,2024-10-16 09:38:00,38.56466482397391,0.0,0.7300473462321826
1031,SomervillePD,24064850,SOMERVILLE,2024,2024-10-17,2,17:14:00,,0,0,0.0,42.3915,-71.1109,,2024-10-17 17:14:00,MassDOT,5461025,SOMERVILLE,2024,2024-10-17,2,17:14:00,Local,0,0,0.0,42.3915296,-71.11087999,0,2024-10-17 17:14:00,3.6723454662401123,0.0,0.9742935817363192
1032,SomervillePD,24065091,SOMERVILLE,2024,2024-10-18,2,15:17:00,,0,1,0.0,42.3892,-71.1116,,2024-10-18 15:17:00,MassDOT,5461032,SOMERVILLE,2024,2024-10-18,2,15:17:00,Local,0,1,0.0,42.38912345,-71.11166959,0,2024-10-18 15:17:00,10.23468871521763,0.0,0.9283571789934766
1033,SomervillePD,24065321,SOMERVILLE,2024,2024-10-19,0,15:40:00,,1,0,0.0,42.3897,-71.1067,,2024-10-19 15:40:00,MassDOT,5461030,SOMERVILLE,2024,2024-10-19,0,15:40:00,Local,1,0,0.0,42.38962967,-71.10670042,0,2024-10-19 15:40:00,7.806705934599673,0.0,0.9453530584578023
1034,SomervillePD,24065417,SOMERVILLE,2024,2024-10-19,0,23:08:00,,0,0,0.0,42.3893,-71.1053,,2024-10-19 23:08:00,MassDOT,5461036,SOMERVILLE,2024,2024-10-19,0,23:08:00,Local,0,0,0.0,42.38910989,-71.10545563,0,2024-10-19 23:08:00,24.659558045694943,0.0,0.8273830936801354
1035,MassDOT,5461044,SOMERVILLE,2024,2024-10-20,0,15:50:00,Local,0,0,0.0,42.38243596,-71.10339871,0,2024-10-20 15:50:00,SomervillePD,24065566,SOMERVILLE,2024,2024-10-20,0,15:50:00,,0,0,0.0,42.3825,-71.1034,,2024-10-20 15:50:00,7.109226843671537,0.0,0.9502354120942993
1036,MassDOT,5461023,SOMERVILLE,2024,2024-10-21,0,00:58:00,Local,0,0,0.0,42.38525486,-71.08176251,0,2024-10-21 00:58:00,SomervillePD,24065655,SOMERVILLE,2024,2024-10-21,0,00:58:00,,0,0,0.0,42.3851,-71.0818,,2024-10-21 00:58:00,17.46211059305298,0.0,0.877765225848629
1037,SomervillePD,24065830,SOMERVILLE,2024,2024-10-21,2,19:06:00,,1,0,0.0,42.3832,-71.1069,,2024-10-21 19:06:00,MassDOT,5461027,SOMERVILLE,2024,2024-10-21,2,19:06:00,Local,1,0,0.0,42.3832456,-71.10658803,0,2024-10-21 19:06:00,26.0745686772423,0.0,0.8174780192593039
1038,SomervillePD,24066092,SOMERVILLE,2024,2024-10-22,0,17:53:00,,0,0,0.0,42.3789,-71.0935,,2024-10-22 17:53:00,MassDOT,5461035,SOMERVILLE,2024,2024-10-22,0,17:53:00,Local,0,0,0.0,42.37887199,-71.09356229,0,2024-10-22 17:53:00,5.979423090779199,0.0,0.9581440383645456
1039,MassDOT,5461020,SOMERVILLE,2024,2024-10-23,0,11:42:00,Local,0,0,0.0,42.39465166,-71.08360633,0,2024-10-23 11:42:00,SomervillePD,24066279,SOMERVILLE,2024,2024-10-23,0,11:42:00,,0,0,0.0,42.3947,-71.0828,,2024-10-23 11:42:00,66.31675796315474,0.0,0.5357826942579168
1040,SomervillePD,24066385,SOMERVILLE,2024,2024-10-23,2,18:45:00,,1,0,0.0,42.3923,-71.0934,,2024-10-23 18:45:00,MassDOT,5461042,SOMERVILLE,2024,2024-10-23,2,18:45:00,Local,1,0,0.0,42.39231145,-71.09297905,0,2024-10-23 18:45:00,34.532288415483,0.0,0.7582739810916189
1041,SomervillePD,24066486,SOMERVILLE,2024,2024-10-24,2,08:20:00,,0,0,0.0,42.3818,-71.0831,,2024-10-24 08:20:00,MassDOT,5461026,SOMERVILLE,2024,2024-10-24,2,08:20:00,Local,0,0,0.0,42.38177723,-71.08307237,0,2024-10-24 08:20:00,3.394165227817411,0.0,0.9762408434052781
1042,SomervillePD,24066537,SOMERVILLE,2024,2024-10-24,0,11:18:00,,0,0,0.0,42.3977,-71.0861,,2024-10-24 11:18:00,MassDOT,5461038,SOMERVILLE,2024,2024-10-24,0,11:18:00,Local,0,0,0.0,42.39772489,-71.08611139,0,2024-10-24 11:18:00,2.9162856456973354,0.0,0.9795860004801187
1043,SomervillePD,24066748,SOMERVILLE,2024,2024-10-25,2,08:35:00,,0,0,1.0,42.3829,-71.1051,,2024-10-25 08:35:00,MassDOT,5461034,SOMERVILLE,2024,2024-10-25,2,08:35:00,Local,0,0,1.0,42.38291959,-71.10511701,0,2024-10-25 08:35:00,2.583311196984319,0.0,0.9819168216211098
1044,SomervillePD,24066987,SOMERVILLE,2024,2024-10-26,0,09:32:00,,0,0,0.0,42.3962,-71.1209,,2024-10-26 09:32:00,MassDOT,5461039,SOMERVILLE,2024,2024-10-26,0,09:32:00,Local,0,0,0.0,42.39587465,-71.12088917,0,2024-10-26 09:32:00,36.12476024609594,0.0,0.7471266782773284
1045,SomervillePD,24067169,SOMERVILLE,2024,2024-10-27,2,02:09:00,,0,0,0.0,42.392,-71.1124,,2024-10-27 02:09:00,MassDOT,5461028,SOMERVILLE,2024,2024-10-27,2,02:09:00,Local,0,0,0.0,42.39216606,-71.11227515,0,2024-10-27 02:09:00,21.083637274876295,0.0,0.852414539075866
1046,MassDOT,5461043,SOMERVILLE,2024,2024-10-28,0,14:12:00,Local,0,0,0.0,42.41574041,-71.13029333,0,2024-10-28 14:12:00,SomervillePD,24067516,SOMERVILLE,2024,2024-10-28,0,14:12:00,,0,0,0.0,42.4149,-71.1307,,2024-10-28 14:12:00,99.05954903123217,0.0,0.3065831567813748
1047,SomervillePD,24067675,SOMERVILLE,2024,2024-10-29,0,08:58:00,,0,0,0.0,42.3799,-71.0907,,2024-10-29 08:58:00,MassDOT,5461022,SOMERVILLE,2024,2024-10-29,0,08:58:00,Local,0,0,0.0,42.37988065,-71.09065274,0,2024-10-29 08:58:00,4.430514447327851,0.0,0.9689863988687051
1048,MassDOT,5461045,SOMERVILLE,2024,2024-10-31,0,07:58:00,Local,0,0,0.0,42.38723984,-71.10854085,0,2024-10-31 07:58:00,SomervillePD,24068122,SOMERVILLE,2024,2024-10-31,0,07:58:00,,0,0,0.0,42.387,-71.1088,,2024-10-31 07:58:00,34.061063226539346,0.0,0.7615725574142245
1049,MassDOT,5473601,SOMERVILLE,2024,2024-11-01,2,14:41:00,Local,0,0,1.0,42.37376823,-71.08764683,0,2024-11-01 14:41:00,SomervillePD,24068454,SOMERVILLE,2024,2024-11-01,2,14:41:00,,0,0,1.0,42.3738,-71.0876,,2024-11-01 14:41:00,5.213737541809597,0.0,0.9635038372073328
1050,SomervillePD,24068486,SOMERVILLE,2024,2024-11-01,2,16:58:00,,0,0,0.0,42.3862,-71.1064,,2024-11-01 16:58:00,MassDOT,5473559,SOMERVILLE,2024,2024-11-01,2,16:58:00,Local,0,0,0.0,42.38637385,-71.1061058,0,2024-11-01 16:58:00,30.889864708122854,0.0,0.78377094704314
1051,SomervillePD,24068648,SOMERVILLE,2024,2024-11-02,2,13:28:00,,0,0,1.0,42.3886,-71.086,,2024-11-02 13:28:00,MassDOT,5473604,SOMERVILLE,2024,2024-11-02,2,13:28:00,Local,0,0,1.0,42.38862591,-71.08596981,0,2024-11-02 13:28:00,3.794397687863534,0.0,0.9734392161849552
1052,SomervillePD,24068707,SOMERVILLE,2024,2024-11-02,2,19:32:00,,0,0,0.0,42.376,-71.1029,,2024-11-02 19:32:00,MassDOT,5473583,SOMERVILLE,2024,2024-11-02,2,19:32:00,Local,0,0,1.0,42.37574349,-71.10328712,0,2024-11-02 19:32:00,42.64221075326484,0.0,0.7015045247271461
1053,MassDOT,5473585,SOMERVILLE,2024,2024-11-05,2,15:23:00,Local,1,0,0.0,42.3869103,-71.11615302,0,2024-11-05 15:23:00,SomervillePD,24069303,SOMERVILLE,2024,2024-11-05,2,15:23:00,,1,0,0.0,42.3869,-71.1161,,2024-11-05 15:23:00,4.49471788187728,0.0,0.9685369748268591
1054,MassDOT,5473548,SOMERVILLE,2024,2024-11-07,0,12:15:00,Local,0,0,0.0,42.38552277,-71.0996502,0,2024-11-07 12:15:00,SomervillePD,24069768,SOMERVILLE,2024,2024-11-07,0,12:15:00,,0,0,0.0,42.3855,-71.0996,,2024-11-07 12:15:00,4.829872480290361,0.0,0.9661908926379674
1055,MassDOT,5473566,SOMERVILLE,2024,2024-11-07,2,18:31:00,Local,0,1,0.0,42.3943127,-71.0791796,0,2024-11-07 18:31:00,SomervillePD,24069843,SOMERVILLE,2024,2024-11-07,2,18:31:00,,0,1,0.0,42.3947,-71.0792,,2024-11-07 18:31:00,43.02281388108864,0.0,0.6988403028323795
1056,MassDOT,5473588,SOMERVILLE,2024,2024-11-08,0,11:33:00,Local,0,0,0.0,42.39892832,-71.11090922,0,2024-11-08 11:33:00,SomervillePD,24070000,SOMERVILLE,2024,2024-11-08,0,11:33:00,,0,0,0.0,42.3989,-71.1109,,2024-11-08 11:33:00,3.2330937989636137,0.0,0.9773683434072546
1057,SomervillePD,24070133,SOMERVILLE,2024,2024-11-08,0,21:33:00,,0,0,0.0,42.3859,-71.0785,,2024-11-08 21:33:00,MassDOT,5473597,SOMERVILLE,2024,2024-11-08,0,21:33:00,Local,0,0,0.0,42.38602783,-71.0783214,0,2024-11-08 21:33:00,20.389827886501674,0.0,0.8572712047944882
1058,MassDOT,5473555,SOMERVILLE,2024,2024-11-10,0,04:12:00,Local,0,0,0.0,42.37923163,-71.10248675,0,2024-11-10 04:12:00,SomervillePD,24070435,SOMERVILLE,2024,2024-11-10,0,04:12:00,,0,0,0.0,42.3794,-71.1024,,2024-11-10 04:12:00,19.996946596841667,0.0,0.8600213738221083
1059,SomervillePD,24070480,SOMERVILLE,2024,2024-11-10,2,11:30:00,,0,0,0.0,42.398,-71.093,,2024-11-10 11:30:00,MassDOT,5473567,SOMERVILLE,2024,2024-11-10,2,11:30:00,Local,0,0,0.0,42.39741169,-71.09306452,0,2024-11-10 11:30:00,65.51622649878205,0.0,0.5413864145085256
1060,MassDOT,5473578,SOMERVILLE,2024,2024-11-10,0,13:10:00,Local,0,0,0.0,42.38901558,-71.116415,0,2024-11-10 13:10:00,SomervillePD,24070494,SOMERVILLE,2024,2024-11-10,0,13:10:00,,0,0,0.0,42.389,-71.1164,,2024-11-10 13:10:00,2.122032967388389,0.0,0.9851457692282812
1061,MassDOT,5473565,SOMERVILLE,2024,2024-11-10,2,13:30:00,Local,1,0,0.0,42.38322517,-71.10649932,0,2024-11-10 13:30:00,SomervillePD,24070498,SOMERVILLE,2024,2024-11-10,2,13:30:00,,1,0,0.0,42.3827,-71.107,,2024-11-10 13:30:00,71.29767341098115,0.0,0.500916286123132
1062,MassDOT,5473556,SOMERVILLE,2024,2024-11-10,0,23:42:00,Local,0,0,0.0,42.38157008,-71.09468208,0,2024-11-10 23:42:00,SomervillePD,24070582,SOMERVILLE,2024,2024-11-10,0,23:42:00,,0,0,0.0,42.3816,-71.0948,,2024-11-10 23:42:00,10.223065389557057,0.0,0.9284385422731005
1063,SomervillePD,24070835,SOMERVILLE,2024,2024-11-12,0,08:07:00,,0,0,0.0,42.3878,-71.109,,2024-11-12 08:07:00,MassDOT,5473563,SOMERVILLE,2024,2024-11-12,0,08:07:00,Local,0,0,0.0,42.38751048,-71.10905203,0,2024-11-12 08:07:00,32.41858360199176,0.0,0.7730699147860576
1064,SomervillePD,24070856,SOMERVILLE,2024,2024-11-12,2,09:13:00,,1,0,0.0,42.3869,-71.0954,,2024-11-12 09:13:00,MassDOT,5473572,SOMERVILLE,2024,2024-11-12,2,09:13:00,Local,1,0,0.0,42.3869031,-71.09488345,0,2024-11-12 09:13:00,42.3510873243179,0.0,0.7035423887297747
1065,MassDOT,5473605,SOMERVILLE,2024,2024-11-12,0,16:26:00,Local,0,0,0.0,42.39661921,-71.10382963,0,2024-11-12 16:26:00,SomervillePD,24070964,SOMERVILLE,2024,2024-11-12,0,16:26:00,,0,0,0.0,42.3965,-71.104,,2024-11-12 16:26:00,19.238911803255483,0.0,0.8653276173772115
1066,SomervillePD,24071176,SOMERVILLE,2024,2024-11-13,2,13:02:00,,0,0,0.0,42.3872,-71.0823,,2024-11-13 13:02:00,MassDOT,5473602,SOMERVILLE,2024,2024-11-13,2,13:02:00,Local,0,0,0.0,42.38717516,-71.08234285,0,2024-11-13 13:02:00,4.465873095102294,0.0,0.968738888334284
1067,SomervillePD,24071264,SOMERVILLE,2024,2024-11-13,2,18:51:00,,0,1,0.0,42.388,-71.098,,2024-11-13 18:51:00,MassDOT,5473558,SOMERVILLE,2024,2024-11-13,2,18:51:00,Local,0,1,0.0,42.38806727,-71.09789857,0,2024-11-13 18:51:00,11.17612758696424,0.0,0.9217671068912503
1068,SomervillePD,24071558,SOMERVILLE,2024,2024-11-14,0,20:08:00,,0,0,0.0,42.3764,-71.0962,,2024-11-14 20:08:00,MassDOT,5473587,SOMERVILLE,2024,2024-11-14,0,20:08:00,Local,0,0,0.0,42.37634961,-71.09603635,0,2024-11-14 20:08:00,14.538215785692843,0.0,0.8982324895001501
1069,MassDOT,5473598,SOMERVILLE,2024,2024-11-15,0,17:41:00,Local,1,0,0.0,42.39122762,-71.09105074,0,2024-11-15 17:41:00,SomervillePD,24071788,SOMERVILLE,2024,2024-11-15,0,17:41:00,,1,0,0.0,42.3912,-71.0911,,2024-11-15 17:41:00,5.070246625027203,0.0,0.9645082736248094
1070,MassDOT,5473606,SOMERVILLE,2024,2024-11-15,0,22:17:00,Local,0,0,0.0,42.39247784,-71.10057323,0,2024-11-15 22:17:00,SomervillePD,24071832,SOMERVILLE,2024,2024-11-15,0,22:17:00,,0,0,0.0,42.3925,-71.1006,,2024-11-15 22:17:00,3.2964400375019056,0.0,0.9769249197374867
1071,SomervillePD,24072008,SOMERVILLE,2024,2024-11-16,2,21:20:00,,1,0,0.0,42.3851,-71.0942,,2024-11-16 21:20:00,MassDOT,5473560,SOMERVILLE,2024,2024-11-16,2,21:20:00,Local,1,0,0.0,42.38514797,-71.09417396,0,2024-11-16 21:20:00,5.736741009483607,0.0,0.9598428129336147
1072,SomervillePD,24072215,SOMERVILLE,2024,2024-11-17,2,22:29:00,,0,0,0.0,42.3813,-71.0821,,2024-11-17 22:29:00,MassDOT,5473571,SOMERVILLE,2024,2024-11-17,2,22:29:00,Local,0,0,0.0,42.38204223,-71.08151723,0,2024-11-17 22:29:00,95.24139929263436,0.0,0.3333102049515595
1073,MassDOT,5473591,SOMERVILLE,2024,2024-11-18,2,09:28:00,Local,0,0,0.0,42.38792349,-71.11542067,0,2024-11-18 09:28:00,SomervillePD,24072311,SOMERVILLE,2024,2024-11-18,2,09:28:00,,0,0,0.0,42.3879,-71.1154,,2024-11-18 09:28:00,3.1096953920080024,0.0,0.978232132255944
1074,SomervillePD,24072556,SOMERVILLE,2024,2024-11-19,0,08:01:00,,0,0,0.0,42.3967,-71.1032,,2024-11-19 08:01:00,MassDOT,5473573,SOMERVILLE,2024,2024-11-19,0,08:01:00,Local,0,0,0.0,42.39696284,-71.10315062,0,2024-11-19 08:01:00,29.45470203266678,0.0,0.7938170857713325
1075,MassDOT,5473562,SOMERVILLE,2024,2024-11-19,2,13:41:00,Local,1,0,0.0,42.38470968,-71.11430344,0,2024-11-19 13:41:00,SomervillePD,24072649,SOMERVILLE,2024,2024-11-19,2,13:41:00,,1,0,0.0,42.3847,-71.1143,,2024-11-19 13:41:00,1.1108798797712618,0.0,0.9922238408416011
1076,MassDOT,5473596,SOMERVILLE,2024,2024-11-20,2,16:32:00,Local,0,0,0.0,42.39099086,-71.09096542,0,2024-11-20 16:32:00,SomervillePD,24072929,SOMERVILLE,2024,2024-11-20,2,16:32:00,,0,0,0.0,42.3908,-71.0912,,2024-11-20 16:32:00,28.612109650748035,0.0,0.7997152324447637
1077,MassDOT,5473589,SOMERVILLE,2024,2024-11-21,0,11:38:00,Local,0,0,0.0,42.37947595,-71.09248746,0,2024-11-21 11:38:00,SomervillePD,24073109,SOMERVILLE,2024,2024-11-21,0,11:38:00,,0,0,0.0,42.379,-71.0924,,2024-11-21 11:38:00,53.31495269068363,0.0,0.6267953311652146
1078,SomervillePD,24073180,SOMERVILLE,2024,2024-11-21,0,17:45:00,,0,0,0.0,42.3851,-71.1049,,2024-11-21 17:45:00,MassDOT,5473582,SOMERVILLE,2024,2024-11-21,0,17:45:00,Local,0,0,0.0,42.3852789,-71.10561194,0,2024-11-21 17:45:00,61.65594958576128,0.0,0.5684083528996711
1079,SomervillePD,24073208,SOMERVILLE,2024,2024-11-21,0,22:36:00,,0,0,0.0,42.396,-71.1221,,2024-11-21 22:36:00,MassDOT,5473579,SOMERVILLE,2024,2024-11-21,0,22:36:00,Local,0,0,0.0,42.39650989,-71.12254999,0,2024-11-21 22:36:00,67.55729664016259,0.0,0.5270989235188619
1080,SomervillePD,24073243,SOMERVILLE,2024,2024-11-22,0,03:23:00,,0,0,0.0,42.3752,-71.0966,,2024-11-22 03:23:00,MassDOT,5473603,SOMERVILLE,2024,2024-11-22,0,03:23:00,Local,0,0,0.0,42.37571102,-71.09648969,0,2024-11-22 03:23:00,57.439926623962506,0.0,0.5979205136322624
1081,MassDOT,5473681,SOMERVILLE,2024,2024-11-22,2,17:19:00,Local,0,0,0.0,42.39249978,-71.09331938,0,2024-11-22 17:19:00,SomervillePD,24073378,SOMERVILLE,2024,2024-11-22,2,17:19:00,,0,0,0.0,42.3924,-71.0936,,2024-11-22 17:19:00,25.532088347775787,0.0,0.8212753815655696
1082,MassDOT,5473586,SOMERVILLE,2024,2024-11-24,2,15:24:00,Local,0,1,0.0,42.39179599,-71.08895414,0,2024-11-24 15:24:00,SomervillePD,24073754,SOMERVILLE,2024,2024-11-24,2,15:24:00,,0,1,0.0,42.392,-71.0891,,2024-11-24 15:24:00,25.608254283468074,0.0,0.8207422200157235
1083,SomervillePD,24073777,SOMERVILLE,2024,2024-11-24,0,18:21:00,,0,0,0.0,42.3821,-71.0826,,2024-11-24 18:21:00,MassDOT,5473595,SOMERVILLE,2024,2024-11-24,0,18:21:00,Local,0,0,0.0,42.38188686,-71.08248241,0,2024-11-24 18:21:00,25.547674844973276,0.0,0.821166276085187
1084,MassDOT,5473577,SOMERVILLE,2024,2024-11-25,0,10:45:00,Local,0,0,0.0,42.39550647,-71.12371093,0,2024-11-25 10:45:00,SomervillePD,24073916,SOMERVILLE,2024,2024-11-25,0,10:45:00,,0,0,0.0,42.3958,-71.1238,,2024-11-25 10:45:00,33.38992329873339,0.0,0.7662705369088663
1085,MassDOT,5473581,SOMERVILLE,2024,2024-11-26,2,15:32:00,Local,0,0,1.0,42.37828634,-71.10638278,0,2024-11-26 15:32:00,SomervillePD,24074191,SOMERVILLE,2024,2024-11-26,2,15:32:00,,0,0,1.0,42.3783,-71.1064,,2024-11-26 15:32:00,2.0718954377638807,0.0,0.9854967319356527
1086,SomervillePD,24074389,SOMERVILLE,2024,2024-11-27,0,13:05:00,,0,0,0.0,42.3846,-71.0927,,2024-11-27 13:05:00,MassDOT,5473590,SOMERVILLE,2024,2024-11-27,0,13:05:00,Local,0,0,0.0,42.3845552,-71.09264126,0,2024-11-27 13:05:00,6.92262436916508,0.0,0.9515416294158445
1087,MassDOT,5485527,SOMERVILLE,2024,2024-12-01,2,12:01:00,Local,0,0,0.0,42.40662163,-71.13298009,0,2024-12-01 12:01:00,SomervillePD,24074917,SOMERVILLE,2024,2024-12-01,2,12:01:00,,0,0,0.0,42.4063,-71.1333,,2024-12-01 12:01:00,44.29485008164332,0.0,0.6899360494284967
1088,MassDOT,5485525,SOMERVILLE,2024,2024-12-02,0,07:03:00,Local,0,0,0.0,42.3920049,-71.0932957,0,2024-12-02 07:03:00,SomervillePD,24075042,SOMERVILLE,2024,2024-12-02,0,07:03:00,,0,0,0.0,42.3921,-71.0935,,2024-12-02 07:03:00,19.797399609194038,0.0,0.8614182027356416
1089,SomervillePD,24075055,SOMERVILLE,2024,2024-12-02,0,08:55:00,,0,0,0.0,42.3795,-71.0931,,2024-12-02 08:55:00,MassDOT,5485529,SOMERVILLE,2024,2024-12-02,0,08:55:00,Local,0,0,0.0,42.37950675,-71.0930481,0,2024-12-02 08:55:00,4.321011541412729,0.0,0.9697529192101109
1090,MassDOT,5485533,SOMERVILLE,2024,2024-12-03,0,08:40:00,Local,0,0,0.0,42.39331866,-71.11159072,0,2024-12-03 08:40:00,SomervillePD,24075263,SOMERVILLE,2024,2024-12-03,0,08:40:00,,0,0,0.0,42.3934,-71.1116,,2024-12-03 08:40:00,9.060733145593526,0.0,0.9365748679808452
1091,SomervillePD,24075336,SOMERVILLE,2024,2024-12-03,0,14:47:00,,0,0,0.0,42.397,-71.0971,,2024-12-03 14:47:00,MassDOT,5485561,SOMERVILLE,2024,2024-12-03,0,14:47:00,Local,0,0,0.0,42.39697701,-71.0969123,0,2024-12-03 14:47:00,15.596417821671702,0.0,0.890825075248298
1092,SomervillePD,24075372,SOMERVILLE,2024,2024-12-03,0,18:52:00,,0,0,0.0,42.3926,-71.1168,,2024-12-03 18:52:00,MassDOT,5485574,SOMERVILLE,2024,2024-12-03,0,18:52:00,Local,0,0,0.0,42.39238351,-71.11675182,0,2024-12-03 18:52:00,24.352820237128867,0.0,0.8295302583400979
1093,SomervillePD,24075811,SOMERVILLE,2024,2024-12-05,2,21:53:00,,0,1,0.0,42.388,-71.0865,,2024-12-05 21:53:00,MassDOT,5485515,SOMERVILLE,2024,2024-12-05,2,21:53:00,Local,0,1,0.0,42.38805668,-71.08633901,0,2024-12-05 21:53:00,14.621449816936805,0.0,0.8976498512814424
1094,MassDOT,5485557,SOMERVILLE,2024,2024-12-07,0,16:04:00,Local,1,1,0.0,42.38359686,-71.10810729,0,2024-12-07 16:04:00,SomervillePD,24076151,SOMERVILLE,2024,2024-12-07,0,16:04:00,,1,0,0.0,42.3835,-71.1081,,2024-12-07 16:04:00,10.768061368007357,0.0,0.9246235704239485
1095,MassDOT,5485519,SOMERVILLE,2024,2024-12-09,0,08:00:00,Local,0,0,0.0,42.38438893,-71.07900253,0,2024-12-09 08:00:00,SomervillePD,24076492,SOMERVILLE,2024,2024-12-09,0,08:00:00,,0,0,0.0,42.3845,-71.0789,,2024-12-09 08:00:00,14.921959485905498,0.0,0.8955462835986614
1096,SomervillePD,24076588,SOMERVILLE,2024,2024-12-09,2,14:12:00,,1,0,0.0,42.3833,-71.1057,,2024-12-09 14:12:00,MassDOT,5485558,SOMERVILLE,2024,2024-12-09,2,14:12:00,Local,1,0,0.0,42.38312516,-71.10605142,0,2024-12-09 14:12:00,34.7394998468893,0.0,0.7568235010717748
1097,SomervillePD,24076645,SOMERVILLE,2024,2024-12-09,0,19:06:00,,0,0,0.0,42.3962,-71.0989,,2024-12-09 19:06:00,MassDOT,5485535,SOMERVILLE,2024,2024-12-09,0,19:06:00,Local,0,0,0.0,42.39641527,-71.09880233,0,2024-12-09 19:06:00,25.200620429858017,0.0,0.8235956569909939
1098,MassDOT,5485672,SOMERVILLE,2024,2024-12-09,0,19:43:00,Local,0,0,0.0,42.38437594,-71.09225221,0,2024-12-09 19:43:00,SomervillePD,24076655,SOMERVILLE,2024,2024-12-09,0,19:43:00,,0,0,0.0,42.3846,-71.0927,,2024-12-09 19:43:00,44.34473119137578,0.0,0.6895868816603694
1099,MassDOT,5485564,SOMERVILLE,2024,2024-12-10,0,08:30:00,Local,0,0,0.0,42.39625733,-71.09863217,0,2024-12-10 08:30:00,SomervillePD,24076732,SOMERVILLE,2024,2024-12-10,0,08:30:00,,0,0,0.0,42.3962,-71.0989,,2024-12-10 08:30:00,22.858594960094642,0.0,0.8399898352793376
1100,MassDOT,5485566,SOMERVILLE,2024,2024-12-10,0,10:49:00,Local,0,0,0.0,42.37840856,-71.08796118,0,2024-12-10 10:49:00,SomervillePD,24076760,SOMERVILLE,2024,2024-12-10,0,10:49:00,,0,0,0.0,42.3777,-71.0874,,2024-12-10 10:49:00,91.12201512175865,0.0,0.36214589414768944
1101,SomervillePD,24076766,SOMERVILLE,2024,2024-12-10,0,11:01:00,,0,0,0.0,42.4014,-71.1179,,2024-12-10 11:01:00,MassDOT,5485547,SOMERVILLE,2024,2024-12-10,0,11:01:00,Local,0,0,0.0,42.40153412,-71.11762092,0,2024-12-10 11:01:00,27.293044867653478,0.0,0.8089486859264257
1102,SomervillePD,24076939,SOMERVILLE,2024,2024-12-11,2,07:38:00,,0,1,0.0,42.3952,-71.0806,,2024-12-11 07:38:00,MassDOT,5485539,SOMERVILLE,2024,2024-12-11,2,07:38:00,Local,0,1,0.0,42.39485011,-71.08105879,0,2024-12-11 07:38:00,54.06318242669454,0.0,0.6215577230131382
1103,SomervillePD,24077904,SOMERVILLE,2024,2024-12-14,0,20:34:00,,0,0,0.0,42.3935,-71.098,,2024-12-14 20:34:00,MassDOT,5485674,SOMERVILLE,2024,2024-12-14,0,20:34:00,Local,0,0,0.0,42.3934033,-71.0978454,0,2024-12-14 20:34:00,16.60824205498724,0.0,0.8837423056150893
1104,SomervillePD,24078025,SOMERVILLE,2024,2024-12-15,0,13:17:00,,0,0,0.0,42.3953,-71.0986,,2024-12-15 13:17:00,MassDOT,5485569,SOMERVILLE,2024,2024-12-15,0,13:17:00,Local,0,0,0.0,42.39527158,-71.09864678,0,2024-12-15 13:17:00,4.965594781856284,0.0,0.965240836527006
1105,MassDOT,5485536,SOMERVILLE,2024,2024-12-16,0,08:04:00,Local,0,0,0.0,42.39884039,-71.12081408,0,2024-12-16 08:04:00,SomervillePD,24078179,SOMERVILLE,2024,2024-12-16,0,08:04:00,,0,0,0.0,42.399,-71.1215,,2024-12-16 08:04:00,58.950160393803365,0.0,0.5873488772433764
1106,MassDOT,5485565,SOMERVILLE,2024,2024-12-16,0,13:23:00,Local,0,0,0.0,42.38118494,-71.1090819,0,2024-12-16 13:23:00,SomervillePD,24078251,SOMERVILLE,2024,2024-12-16,0,13:23:00,,0,0,0.0,42.3812,-71.1092,,2024-12-16 13:23:00,9.826618627448083,0.0,0.9312136696078634
1107,SomervillePD,24078445,SOMERVILLE,2024,2024-12-17,2,11:02:00,,0,0,0.0,42.3957,-71.1205,,2024-12-17 11:02:00,MassDOT,5485555,SOMERVILLE,2024,2024-12-17,2,11:02:00,Local,0,0,0.0,42.3956945,-71.12047373,0,2024-12-17 11:02:00,2.2383264507449265,0.0,0.9843317148447854
1108,MassDOT,5485570,SOMERVILLE,2024,2024-12-18,2,18:58:00,Local,0,0,0.0,42.39247784,-71.10057323,0,2024-12-18 18:58:00,SomervillePD,24078747,SOMERVILLE,2024,2024-12-18,2,18:58:00,,0,0,0.0,42.3925,-71.1006,,2024-12-18 18:58:00,3.2964400375019056,0.0,0.9769249197374867
1109,SomervillePD,24078867,SOMERVILLE,2024,2024-12-19,2,09:36:00,,0,0,0.0,42.3943,-71.092,,2024-12-19 09:36:00,MassDOT,5485549,SOMERVILLE,2024,2024-12-19,2,09:36:00,Local,0,0,0.0,42.39434181,-71.09202248,0,2024-12-19 09:36:00,4.993398842181293,0.0,0.9650462081047309
1110,MassDOT,5485572,SOMERVILLE,2024,2024-12-19,0,17:03:00,Local,0,1,0.0,42.39375046,-71.09544162,0,2024-12-19 17:03:00,SomervillePD,24078958,SOMERVILLE,2024,2024-12-19,0,17:03:00,,0,1,0.0,42.3939,-71.0953,,2024-12-19 17:03:00,20.25601774414752,0.0,0.8582078757909672
1111,SomervillePD,24079121,SOMERVILLE,2024,2024-12-20,0,13:52:00,,0,0,0.0,42.3862,-71.1064,,2024-12-20 13:52:00,MassDOT,5485576,SOMERVILLE,2024,2024-12-20,0,13:52:00,Local,0,0,0.0,42.38637385,-71.1061058,0,2024-12-20 13:52:00,30.889864708122854,0.0,0.78377094704314
1112,SomervillePD,24079126,SOMERVILLE,2024,2024-12-20,0,14:25:00,,0,0,0.0,42.3888,-71.1087,,2024-12-20 14:25:00,MassDOT,5485541,SOMERVILLE,2024,2024-12-20,0,14:25:00,Local,0,0,0.0,42.38884474,-71.1089043,0,2024-12-20 14:25:00,17.469887721319083,0.0,0.8777107859507665
1113,MassDOT,5485675,SOMERVILLE,2024,2024-12-20,0,15:43:00,Local,0,0,0.0,42.3997581,-71.09536298,0,2024-12-20 15:43:00,SomervillePD,24079145,SOMERVILLE,2024,2024-12-20,0,15:43:00,,0,0,0.0,42.3999,-71.0953,,2024-12-20 15:43:00,16.575319346970765,0.0,0.8839727645712046
1114,MassDOT,5485577,SOMERVILLE,2024,2024-12-20,0,15:55:00,Local,0,0,0.0,42.38391016,-71.11330841,0,2024-12-20 15:55:00,SomervillePD,24079149,SOMERVILLE,2024,2024-12-20,0,15:55:00,,0,0,0.0,42.3839,-71.1136,,2024-12-20 15:55:00,23.933919952722697,0.0,0.832462560330941
1115,SomervillePD,24079161,SOMERVILLE,2024,2024-12-20,2,16:32:00,,0,0,0.0,42.3804,-71.1048,,2024-12-20 16:32:00,MassDOT,5485530,SOMERVILLE,2024,2024-12-20,2,16:32:00,Local,0,0,0.0,42.38032292,-71.10458633,0,2024-12-20 16:32:00,19.49724501014997,0.0,0.8635192849289501
1116,SomervillePD,24079179,SOMERVILLE,2024,2024-12-20,0,17:31:00,,0,0,0.0,42.3975,-71.0954,,2024-12-20 17:31:00,MassDOT,5485568,SOMERVILLE,2024,2024-12-20,0,17:31:00,Local,0,0,0.0,42.39736085,-71.09599123,0,2024-12-20 17:31:00,50.865961577335746,0.0,0.6439382689586497
1117,MassDOT,5485559,SOMERVILLE,2024,2024-12-26,0,14:26:00,Local,0,0,0.0,42.39407166,-71.12061935,0,2024-12-26 14:26:00,SomervillePD,24080124,SOMERVILLE,2024,2024-12-26,0,14:26:00,,0,0,0.0,42.3941,-71.1206,,2024-12-26 14:26:00,3.5230442988240167,0.0,0.9753386899082319
1118,SomervillePD,24080448,SOMERVILLE,2024,2024-12-28,2,11:10:00,,0,0,0.0,42.3912,-71.1109,,2024-12-28 11:10:00,MassDOT,5485556,SOMERVILLE,2024,2024-12-28,0,11:10:00,Local,0,1,0.0,42.39125001,-71.11108333,0,2024-12-28 11:10:00,16.02178814689413,0.0,0.8878474829717411
1119,SomervillePD,24080486,SOMERVILLE,2024,2024-12-28,0,14:24:00,,0,0,0.0,42.3961,-71.1011,,2024-12-28 14:24:00,MassDOT,5485563,SOMERVILLE,2024,2024-12-28,0,14:24:00,Local,0,0,0.0,42.39628413,-71.10106631,0,2024-12-28 14:24:00,20.624169382109855,0.0,0.8556308143252309
1120,MassDOT,5485578,SOMERVILLE,2024,2024-12-30,0,08:04:00,Local,0,0,0.0,42.37882024,-71.10406437,0,2024-12-30 08:04:00,SomervillePD,24080765,SOMERVILLE,2024,2024-12-30,0,08:04:00,,0,0,0.0,42.3788,-71.1041,,2024-12-30 08:04:00,3.685471255770697,0.0,0.9742017012096051
1121,BostonVisionZero,27293,BOSTON,2025,2025-01-02,,18:25:18,,0,0,,42.295844074873166,-71.05629435180104,,2025-01-02 18:25:18,MassDOT,5481925,BOSTON,2025,2025-01-02,0,19:25:00,Local,0,0,0.0,42.29637029,-71.05645739,0,2025-01-02 19:25:00,59.92414692764906,3582.0,0.28203097150645656
1122,MassDOT,5499417,SOMERVILLE,2025,2025-01-02,2,18:55:00,Local,0,0,0.0,42.37828634,-71.10638278,0,2025-01-02 18:55:00,SomervillePD,25000307,SOMERVILLE,2025,2025-01-02,2,18:55:00,,0,0,0.0,42.3783,-71.1064,,2025-01-02 18:55:00,2.0718954377638807,0.0,0.9854967319356527
1123,SomervillePD,25000391,SOMERVILLE,2025,2025-01-03,0,10:15:00,,0,0,0.0,42.3833,-71.0898,,2025-01-03 10:15:00,MassDOT,5499396,SOMERVILLE,2025,2025-01-03,0,10:15:00,Local,0,0,0.0,42.38331546,-71.08976851,0,2025-01-03 10:15:00,3.1001527488640863,0.0,0.9782989307579513
1124,MassDOT,5499411,SOMERVILLE,2025,2025-01-03,0,18:00:00,Local,0,0,0.0,42.3887061,-71.1090116,0,2025-01-03 18:00:00,SomervillePD,25000491,SOMERVILLE,2025,2025-01-03,0,18:00:00,,0,0,0.0,42.3887,-71.1088,,2025-01-03 18:00:00,17.360874170522457,0.0,0.8784738808063428
1125,SomervillePD,25000752,SOMERVILLE,2025,2025-01-05,0,10:58:00,,0,0,0.0,42.379,-71.0924,,2025-01-05 10:58:00,MassDOT,5499400,SOMERVILLE,2025,2025-01-05,0,10:58:00,Local,0,0,0.0,42.37947595,-71.09248746,0,2025-01-05 10:58:00,53.314960002153896,0.0,0.6267952799849227
1126,SomervillePD,25000801,SOMERVILLE,2025,2025-01-05,0,15:26:00,,0,0,0.0,42.3896,-71.0916,,2025-01-05 15:26:00,MassDOT,5499404,SOMERVILLE,2025,2025-01-05,0,15:26:00,Local,0,0,0.0,42.38962859,-71.09176087,0,2025-01-05 15:26:00,13.564904839549275,0.0,0.905045666123155
1127,SomervillePD,25000836,SOMERVILLE,2025,2025-01-05,2,20:32:00,,0,0,0.0,42.3799,-71.0899,,2025-01-05 20:32:00,MassDOT,5499402,SOMERVILLE,2025,2025-01-05,2,20:32:00,Local,0,0,0.0,42.38021863,-71.08996733,0,2025-01-05 20:32:00,35.79621078408804,0.0,0.7494265245113837
1128,SomervillePD,25001114,SOMERVILLE,2025,2025-01-07,0,10:17:00,,0,0,0.0,42.4065,-71.1328,,2025-01-07 10:17:00,MassDOT,5499403,SOMERVILLE,2025,2025-01-07,0,10:17:00,Local,0,0,0.0,42.40646379,-71.1326565,0,2025-01-07 10:17:00,12.429089353302013,0.0,0.9129963745268859
1129,SomervillePD,25001168,SOMERVILLE,2025,2025-01-07,0,14:29:00,,0,0,0.0,42.3969,-71.1196,,2025-01-07 14:29:00,MassDOT,5499407,SOMERVILLE,2025,2025-01-07,0,14:29:00,Local,0,0,0.0,42.39684875,-71.11977953,0,2025-01-07 14:29:00,15.777782209801169,0.0,0.8895555245313918
1130,MassDOT,5499408,SOMERVILLE,2025,2025-01-08,2,19:02:00,Local,0,1,0.0,42.39628278,-71.11530928,0,2025-01-08 19:02:00,SomervillePD,25001447,SOMERVILLE,2025,2025-01-08,2,19:02:00,,0,1,0.0,42.3963,-71.1153,,2025-01-08 19:02:00,2.057233796763419,0.0,0.9855993634226561
1131,MassDOT,5499398,SOMERVILLE,2025,2025-01-08,2,19:29:00,Local,0,0,0.0,42.38903197,-71.08655814,0,2025-01-08 19:29:00,SomervillePD,25001452,SOMERVILLE,2025,2025-01-08,2,19:29:00,,0,0,0.0,42.3891,-71.0863,,2025-01-08 19:29:00,22.469926636428763,0.0,0.8427105135449986
1132,SomervillePD,25001803,SOMERVILLE,2025,2025-01-10,0,18:09:00,,0,0,0.0,42.3795,-71.0922,,2025-01-10 18:09:00,MassDOT,5499533,SOMERVILLE,2025,2025-01-10,0,18:09:00,Local,0,0,1.0,42.37948055,-71.09215714,0,2025-01-10 18:09:00,4.124500611631078,0.0,0.9711284957185824
1133,MassDOT,5499412,SOMERVILLE,2025,2025-01-11,0,08:49:00,Local,0,0,0.0,42.38886359,-71.09408882,0,2025-01-11 08:49:00,SomervillePD,25001890,SOMERVILLE,2025,2025-01-11,0,08:49:00,,0,0,0.0,42.3889,-71.0941,,2025-01-11 08:49:00,4.144141088618648,0.0,0.9709910123796694
1134,MassDOT,5499406,SOMERVILLE,2025,2025-01-11,0,09:29:00,Local,0,0,0.0,42.39519001,-71.10270762,0,2025-01-11 09:29:00,SomervillePD,25001896,SOMERVILLE,2025,2025-01-11,0,09:29:00,,0,0,0.0,42.3952,-71.1027,,2025-01-11 09:29:00,1.2727224263395303,0.0,0.9910909430156232
1135,SomervillePD,25001936,SOMERVILLE,2025,2025-01-11,0,16:04:00,,0,0,0.0,42.3778,-71.0971,,2025-01-11 16:04:00,MassDOT,5499414,SOMERVILLE,2025,2025-01-11,0,16:04:00,Local,0,0,0.0,42.3778282,-71.09684273,0,2025-01-11 16:04:00,21.326475176407726,0.0,0.8507146737651459
1136,SomervillePD,25001940,SOMERVILLE,2025,2025-01-11,2,16:53:00,,0,1,0.0,42.3942,-71.1201,,2025-01-11 16:53:00,MassDOT,5499405,SOMERVILLE,2025,2025-01-11,2,16:53:00,Local,0,1,0.0,42.39424906,-71.12045158,0,2025-01-11 16:53:00,29.331121786994032,0.0,0.7946821474910417
1137,MassDOT,5499413,SOMERVILLE,2025,2025-01-12,0,07:36:00,Local,0,0,0.0,42.39534753,-71.09882967,0,2025-01-12 07:36:00,SomervillePD,25002016,SOMERVILLE,2025,2025-01-12,0,07:36:00,,0,0,0.0,42.3952,-71.0992,,2025-01-12 07:36:00,34.4928310845776,0.0,0.7585501824079568
1138,MassDOT,5499416,SOMERVILLE,2025,2025-01-13,0,15:56:00,Local,0,0,0.0,42.3875061,-71.0832976,0,2025-01-13 15:56:00,SomervillePD,25002272,SOMERVILLE,2025,2025-01-13,0,15:56:00,,0,0,0.0,42.3875,-71.0833,,2025-01-13 15:56:00,0.7051101697425057,0.0,0.9950642288118023
1139,MassDOT,5499530,SOMERVILLE,2025,2025-01-16,0,15:26:00,Local,0,0,0.0,42.38519758,-71.11304542,0,2025-01-16 15:26:00,SomervillePD,25002849,SOMERVILLE,2025,2025-01-16,0,15:26:00,,0,0,0.0,42.3851,-71.1132,,2025-01-16 15:26:00,16.671565921321466,0.0,0.8832990385507498
1140,MassDOT,5499418,SOMERVILLE,2025,2025-01-17,0,12:30:00,Local,0,0,0.0,42.39848343,-71.10797992,0,2025-01-17 12:30:00,SomervillePD,25003007,SOMERVILLE,2025,2025-01-17,0,12:30:00,,0,0,0.0,42.3985,-71.108,,2025-01-17 12:30:00,2.4682230827600793,0.0,0.9827224384206794
1141,MassDOT,5499410,SOMERVILLE,2025,2025-01-19,0,13:04:00,Local,0,0,0.0,42.39468825,-71.09727133,0,2025-01-19 13:04:00,SomervillePD,25003372,SOMERVILLE,2025,2025-01-19,0,13:04:00,,0,0,0.0,42.3948,-71.0969,,2025-01-19 13:04:00,32.87029523945565,0.0,0.7699079333238104
1142,SomervillePD,25003547,SOMERVILLE,2025,2025-01-20,2,13:04:00,,0,0,0.0,42.376,-71.1029,,2025-01-20 13:04:00,MassDOT,5499409,SOMERVILLE,2025,2025-01-20,2,13:04:00,Local,0,0,0.0,42.37574349,-71.10328712,0,2025-01-20 13:04:00,42.64221075326484,0.0,0.7015045247271461
1143,SomervillePD,25003556,SOMERVILLE,2025,2025-01-20,0,13:23:00,,0,0,0.0,42.3957,-71.1205,,2025-01-20 13:23:00,MassDOT,5499421,SOMERVILLE,2025,2025-01-20,0,13:23:00,Local,0,0,0.0,42.3956945,-71.12047373,0,2025-01-20 13:23:00,2.2383264507449265,0.0,0.9843317148447854
1144,SomervillePD,25003657,SOMERVILLE,2025,2025-01-21,2,09:13:00,,0,1,0.0,42.3861,-71.0938,,2025-01-21 09:13:00,MassDOT,5499420,SOMERVILLE,2025,2025-01-21,2,09:13:00,Local,0,1,0.0,42.38585705,-71.09380684,0,2025-01-21 09:13:00,26.973280182943927,0.0,0.8111870387193925
1145,SomervillePD,25003766,SOMERVILLE,2025,2025-01-22,0,07:27:00,,0,0,0.0,42.3886,-71.0933,,2025-01-22 07:27:00,MassDOT,5499422,SOMERVILLE,2025,2025-01-22,0,07:27:00,Local,0,0,0.0,42.3884435,-71.09330438,0,2025-01-22 07:27:00,17.375210963385346,0.0,0.8783735232563026
1146,SomervillePD,25004375,SOMERVILLE,2025,2025-01-24,0,17:09:00,,0,0,0.0,42.3893,-71.0862,,2025-01-24 17:09:00,MassDOT,5499415,SOMERVILLE,2025,2025-01-24,0,17:09:00,Local,0,0,0.0,42.38936785,-71.08637987,0,2025-01-24 17:09:00,16.55812553318796,0.0,0.8840931212676841
1147,SomervillePD,25004597,SOMERVILLE,2025,2025-01-25,0,23:19:00,,0,0,0.0,42.3934,-71.1116,,2025-01-25 23:19:00,MassDOT,5499532,SOMERVILLE,2025,2025-01-25,0,23:19:00,Local,0,0,0.0,42.39331866,-71.11159072,0,2025-01-25 23:19:00,9.060733062812679,0.0,0.9365748685603112
1148,MassDOT,5499423,SOMERVILLE,2025,2025-01-29,0,18:08:00,Local,0,0,0.0,42.39436195,-71.09688117,0,2025-01-29 18:08:00,SomervillePD,25005357,SOMERVILLE,2025,2025-01-29,0,18:08:00,,0,0,0.0,42.3941,-71.097,,2025-01-29 18:08:00,30.664814780244757,0.0,0.7853462965382866
1149,SomervillePD,25005788,SOMERVILLE,2025,2025-01-31,0,22:35:00,,0,0,0.0,42.3801,-71.0963,,2025-01-31 22:35:00,MassDOT,5499419,SOMERVILLE,2025,2025-01-31,0,22:35:00,Local,0,0,0.0,42.38011469,-71.09653986,0,2025-01-31 22:35:00,19.734688501757024,0.0,0.8618571804877009
1150,SomervillePD,25005842,SOMERVILLE,2025,2025-02-01,0,08:53:00,,0,0,0.0,42.3976,-71.1217,,2025-02-01 08:53:00,MassDOT,5508504,SOMERVILLE,2025,2025-02-01,0,08:53:00,Local,0,0,0.0,42.39750468,-71.12168793,0,2025-02-01 08:53:00,10.626679263836214,0.0,0.9256132451531465
1151,MassDOT,5508502,SOMERVILLE,2025,2025-02-01,0,18:45:00,Local,0,0,0.0,42.38946171,-71.10633211,0,2025-02-01 18:45:00,SomervillePD,25005926,SOMERVILLE,2025,2025-02-01,0,18:45:00,,0,0,0.0,42.3892,-71.1066,,2025-02-01 18:45:00,36.417461032881384,0.0,0.7450777727698303
1152,SomervillePD,25006429,SOMERVILLE,2025,2025-02-04,0,09:11:00,,0,0,0.0,42.3956,-71.1068,,2025-02-04 09:11:00,MassDOT,5508500,SOMERVILLE,2025,2025-02-04,0,09:11:00,Local,0,0,0.0,42.39576058,-71.10711627,0,2025-02-04 09:11:00,31.462143231998276,0.0,0.779764997376012
1153,MassDOT,5508518,SOMERVILLE,2025,2025-02-04,2,10:04:00,Local,0,0,1.0,42.38166925,-71.08385283,0,2025-02-04 10:04:00,SomervillePD,25006442,SOMERVILLE,2025,2025-02-04,2,10:04:00,,1,0,0.0,42.3817,-71.0839,,2025-02-04 10:04:00,5.158342098426538,0.0,0.9638916053110143
1154,SomervillePD,25006689,SOMERVILLE,2025,2025-02-05,0,15:22:00,,0,0,0.0,42.389,-71.0868,,2025-02-05 15:22:00,MassDOT,5508516,SOMERVILLE,2025,2025-02-05,0,15:22:00,Local,0,0,0.0,42.38908928,-71.08667704,0,2025-02-05 15:22:00,14.13607299463947,0.0,0.9010474890375237
1155,SomervillePD,25006700,SOMERVILLE,2025,2025-02-05,0,16:54:00,,0,0,0.0,42.3924,-71.1195,,2025-02-05 16:54:00,MassDOT,5508510,SOMERVILLE,2025,2025-02-05,0,16:54:00,Local,0,0,0.0,42.39229066,-71.11976078,0,2025-02-05 16:54:00,24.58320794483334,0.0,0.8279175443861666
1156,MassDOT,5508501,SOMERVILLE,2025,2025-02-06,0,08:25:00,Local,0,0,0.0,42.39965196,-71.1114212,0,2025-02-06 08:25:00,SomervillePD,25006792,SOMERVILLE,2025,2025-02-06,0,08:25:00,,0,0,0.0,42.3996,-71.1119,,2025-02-06 08:25:00,39.668282088793404,0.0,0.7223220253784461
1157,MassDOT,5508513,SOMERVILLE,2025,2025-02-09,0,16:21:00,Local,0,0,0.0,42.40119637,-71.11709246,0,2025-02-09 16:21:00,SomervillePD,25007474,SOMERVILLE,2025,2025-02-09,0,16:21:00,,0,0,0.0,42.401,-71.1171,,2025-02-09 16:21:00,21.805830021478492,0.0,0.8473591898496504
1158,SomervillePD,25007901,SOMERVILLE,2025,2025-02-11,0,17:15:00,,0,0,0.0,42.3857,-71.1028,,2025-02-11 17:15:00,MassDOT,5508509,SOMERVILLE,2025,2025-02-11,0,17:15:00,Local,0,0,0.0,42.38531355,-71.10306826,0,2025-02-11 17:15:00,48.20574453308071,0.0,0.6625597882684351
1159,SomervillePD,25008403,SOMERVILLE,2025,2025-02-14,2,07:53:00,,0,0,0.0,42.3912,-71.0911,,2025-02-14 07:53:00,MassDOT,5508508,SOMERVILLE,2025,2025-02-14,2,07:53:00,Local,0,0,0.0,42.39114265,-71.091159,0,2025-02-14 07:53:00,7.994929355589834,0.0,0.9440354945108711
1160,SomervillePD,25008896,SOMERVILLE,2025,2025-02-17,0,00:40:00,,0,0,0.0,42.3954,-71.1152,,2025-02-17 00:40:00,MassDOT,5508515,SOMERVILLE,2025,2025-02-17,0,00:40:00,Local,0,0,0.0,42.39549217,-71.11495559,0,2025-02-17 00:40:00,22.496398852130675,0.0,0.8425252080350853
1161,MassDOT,5508519,SOMERVILLE,2025,2025-02-17,0,09:38:00,Local,0,0,0.0,42.38643335,-71.11059943,0,2025-02-17 09:38:00,SomervillePD,25008953,SOMERVILLE,2025,2025-02-17,0,09:38:00,,0,0,0.0,42.3864,-71.1105,,2025-02-17 09:38:00,8.953048168733941,0.0,0.9373286628188624
1162,SomervillePD,25009027,SOMERVILLE,2025,2025-02-17,2,17:54:00,,0,1,0.0,42.39,-71.1029,,2025-02-17 17:54:00,MassDOT,5508507,SOMERVILLE,2025,2025-02-17,2,17:54:00,Local,0,1,0.0,42.38988199,-71.10302852,0,2025-02-17 17:54:00,16.810704681308508,0.0,0.8823250672308405
1163,SomervillePD,25009044,SOMERVILLE,2025,2025-02-17,2,21:18:00,,0,0,0.0,42.4017,-71.1154,,2025-02-17 21:18:00,MassDOT,5508521,SOMERVILLE,2025,2025-02-17,2,21:18:00,Local,0,0,0.0,42.40179679,-71.11551725,0,2025-02-17 21:18:00,14.414907916458295,0.0,0.899095644584792
1164,SomervillePD,25009282,SOMERVILLE,2025,2025-02-19,2,07:26:00,,0,1,0.0,42.3846,-71.0842,,2025-02-19 07:26:00,MassDOT,5508523,SOMERVILLE,2025,2025-02-19,2,07:26:00,Local,0,1,0.0,42.38456266,-71.08421204,0,2025-02-19 07:26:00,4.260671523218146,0.0,0.970175299337473
1165,MassDOT,5508524,SOMERVILLE,2025,2025-02-19,0,17:26:00,Local,0,0,0.0,42.38722539,-71.09988566,0,2025-02-19 17:26:00,SomervillePD,25009396,SOMERVILLE,2025,2025-02-19,0,17:26:00,,0,0,0.0,42.3875,-71.0997,,2025-02-19 17:26:00,34.070881694732606,0.0,0.7615038281368718
1166,SomervillePD,25009712,SOMERVILLE,2025,2025-02-21,0,07:31:00,,0,0,0.0,42.3937,-71.1058,,2025-02-21 07:31:00,MassDOT,5508511,SOMERVILLE,2025,2025-02-21,0,07:31:00,Local,0,0,0.0,42.39360407,-71.10559583,0,2025-02-21 07:31:00,19.83730287129629,0.0,0.8611388799009259
1167,SomervillePD,25010193,SOMERVILLE,2025,2025-02-23,0,19:06:00,,0,0,0.0,42.3896,-71.1013,,2025-02-23 19:06:00,MassDOT,5508514,SOMERVILLE,2025,2025-02-23,0,19:06:00,Local,0,0,0.0,42.3894837,-71.10135185,0,2025-02-23 19:06:00,13.591140503186493,0.0,0.9048620164776946
1168,SomervillePD,25010574,SOMERVILLE,2025,2025-02-25,0,14:59:00,,0,0,0.0,42.3802,-71.0977,,2025-02-25 14:59:00,MassDOT,5508520,SOMERVILLE,2025,2025-02-25,0,14:59:00,Local,0,0,0.0,42.38041215,-71.09756081,0,2025-02-25 14:59:00,26.168510534599058,0.0,0.8168204262578065
1169,MassDOT,5508525,SOMERVILLE,2025,2025-02-25,2,22:29:00,Local,0,0,0.0,42.37547719,-71.09665554,0,2025-02-25 22:29:00,SomervillePD,25010663,SOMERVILLE,2025,2025-02-25,2,22:29:00,,0,0,0.0,42.3754,-71.0964,,2025-02-25 22:29:00,22.638465595979845,0.0,0.8415307408281412
1170,MassDOT,5508566,SOMERVILLE,2025,2025-02-26,2,02:44:00,Local,0,0,0.0,42.38150652,-71.08506683,0,2025-02-26 02:44:00,SomervillePD,25010699,SOMERVILLE,2025,2025-02-26,2,02:44:00,,0,0,0.0,42.3817,-71.0851,,2025-02-26 02:44:00,21.647802627144536,0.0,0.8484653816099881
1171,SomervillePD,25010823,SOMERVILLE,2025,2025-02-26,2,17:21:00,,1,0,0.0,42.3798,-71.0933,,2025-02-26 17:21:00,MassDOT,5508512,SOMERVILLE,2025,2025-02-26,2,17:21:00,Local,1,0,0.0,42.37953693,-71.09334025,0,2025-02-26 17:21:00,29.38667930731696,0.0,0.7942932448487813
1172,MassDOT,5508526,SOMERVILLE,2025,2025-02-27,0,18:56:00,Local,0,0,0.0,42.40872432,-71.12368496,0,2025-02-27 18:56:00,SomervillePD,25011061,SOMERVILLE,2025,2025-02-27,0,18:56:00,,0,0,0.0,42.4088,-71.1238,,2025-02-27 18:56:00,12.62782036341468,0.0,0.9116052574560971
1173,MassDOT,5517942,SOMERVILLE,2025,2025-03-03,0,15:27:00,Local,0,0,0.0,42.40543731,-71.12583656,0,2025-03-03 15:27:00,SomervillePD,25011769,SOMERVILLE,2025,2025-03-03,0,15:27:00,,0,0,0.0,42.4054,-71.1258,,2025-03-03 15:27:00,5.111785435044708,0.0,0.964217501954687
1174,SomervillePD,25012189,SOMERVILLE,2025,2025-03-05,2,18:30:00,,0,1,0.0,42.3798,-71.0915,,2025-03-05 18:30:00,MassDOT,5517945,SOMERVILLE,2025,2025-03-05,2,18:30:00,Local,0,1,0.0,42.37962534,-71.09138255,0,2025-03-05 18:30:00,21.647369492112954,0.0,0.8484684135552092
1175,SomervillePD,25012425,SOMERVILLE,2025,2025-03-06,0,18:49:00,,0,0,0.0,42.3795,-71.0962,,2025-03-06 18:49:00,MassDOT,5517947,SOMERVILLE,2025,2025-03-06,0,18:49:00,Local,0,0,0.0,42.37963533,-71.0963869,0,2025-03-06 18:49:00,21.459326387450652,0.0,0.8497847152878455
1176,SomervillePD,25012428,SOMERVILLE,2025,2025-03-06,2,19:26:00,,0,1,0.0,42.3951,-71.0786,,2025-03-06 19:26:00,MassDOT,5517954,SOMERVILLE,2025,2025-03-06,2,19:26:00,Local,0,1,0.0,42.39524023,-71.07862391,0,2025-03-06 19:26:00,15.688448174144094,0.0,0.8901808627809913
1177,SomervillePD,25012781,SOMERVILLE,2025,2025-03-08,0,12:03:00,,0,0,0.0,42.3863,-71.092,,2025-03-08 12:03:00,MassDOT,5517935,SOMERVILLE,2025,2025-03-08,0,12:03:00,Local,0,0,0.0,42.38641718,-71.09194247,0,2025-03-08 12:03:00,13.835772347847174,0.0,0.9031495935650697
1178,SomervillePD,25012968,SOMERVILLE,2025,2025-03-09,2,11:02:00,,1,0,0.0,42.3745,-71.1015,,2025-03-09 11:02:00,MassDOT,5517941,SOMERVILLE,2025,2025-03-09,2,11:02:00,Local,1,0,0.0,42.37441231,-71.10166756,0,2025-03-09 11:02:00,16.83854735921152,0.0,0.8821301684855194
1179,SomervillePD,25013244,SOMERVILLE,2025,2025-03-10,0,18:13:00,,0,0,0.0,42.3886,-71.0939,,2025-03-10 18:13:00,MassDOT,5517960,SOMERVILLE,2025,2025-03-10,0,18:13:00,Local,0,0,0.0,42.38868957,-71.09376889,0,2025-03-10 18:13:00,14.64194198633308,0.0,0.8975064060956683
1180,MassDOT,5517949,SOMERVILLE,2025,2025-03-12,0,20:10:00,Local,0,0,0.0,42.39264828,-71.08911366,0,2025-03-12 20:10:00,SomervillePD,25013743,SOMERVILLE,2025,2025-03-12,0,20:10:00,,0,0,0.0,42.3928,-71.0892,,2025-03-12 20:10:00,18.267856280410314,0.0,0.8721250060371277
1181,MassDOT,5517951,SOMERVILLE,2025,2025-03-14,0,10:18:00,Local,0,0,0.0,42.39211295,-71.11452476,0,2025-03-14 10:18:00,SomervillePD,25014044,SOMERVILLE,2025,2025-03-14,0,10:18:00,,0,0,0.0,42.3921,-71.1143,,2025-03-14 10:18:00,18.481550718090585,0.0,0.8706291449733659
1182,MassDOT,5517944,SOMERVILLE,2025,2025-03-14,0,11:06:00,Local,0,0,0.0,42.39802356,-71.12137414,0,2025-03-14 11:06:00,SomervillePD,25014057,SOMERVILLE,2025,2025-03-14,0,11:06:00,,0,0,0.0,42.3981,-71.1217,,2025-03-14 11:06:00,28.026343743520684,0.0,0.803815593795355
1183,SomervillePD,25014254,SOMERVILLE,2025,2025-03-15,0,14:08:00,,0,0,0.0,42.3809,-71.0807,,2025-03-15 14:08:00,MassDOT,5517946,SOMERVILLE,2025,2025-03-15,0,14:08:00,Local,0,0,0.0,42.38078925,-71.08118489,0,2025-03-15 14:08:00,41.61500314423748,0.0,0.7086949779903376
1184,SomervillePD,25014269,SOMERVILLE,2025,2025-03-15,0,15:37:00,,0,0,0.0,42.3802,-71.0904,,2025-03-15 15:37:00,MassDOT,5517950,SOMERVILLE,2025,2025-03-15,0,15:37:00,Local,0,0,0.0,42.38005999,-71.09031007,0,2025-03-15 15:37:00,17.201697237456973,0.0,0.8795881193378012
1185,SomervillePD,25014316,SOMERVILLE,2025,2025-03-15,0,19:05:00,,0,0,0.0,42.3962,-71.1033,,2025-03-15 19:05:00,MassDOT,5517956,SOMERVILLE,2025,2025-03-15,0,19:05:00,Local,0,0,0.0,42.39611701,-71.10343023,0,2025-03-15 19:05:00,14.100471315214659,0.0,0.9012967007934973
1186,SomervillePD,25015042,SOMERVILLE,2025,2025-03-19,2,14:43:00,,0,1,0.0,42.3958,-71.1228,,2025-03-19 14:43:00,MassDOT,5517957,SOMERVILLE,2025,2025-03-19,2,14:43:00,Local,0,1,0.0,42.39596437,-71.12288785,0,2025-03-19 14:43:00,19.614866994703608,0.0,0.8626959310370748
1187,SomervillePD,25015080,SOMERVILLE,2025,2025-03-19,2,18:30:00,,0,1,0.0,42.3947,-71.0828,,2025-03-19 18:30:00,MassDOT,5517955,SOMERVILLE,2025,2025-03-19,2,18:30:00,Local,0,1,0.0,42.39460097,-71.08359214,0,2025-03-19 18:30:00,65.85986141811223,0.0,0.5389809700732143
1188,SomervillePD,25015099,SOMERVILLE,2025,2025-03-19,0,20:32:00,,0,0,0.0,42.3949,-71.1248,,2025-03-19 20:32:00,MassDOT,5517953,SOMERVILLE,2025,2025-03-19,0,20:32:00,Local,0,0,0.0,42.3948776,-71.12479778,0,2025-03-19 20:32:00,2.493051039001233,0.0,0.9825486427269914
1189,MassDOT,5517939,SOMERVILLE,2025,2025-03-30,0,02:47:00,Local,0,0,0.0,42.37732563,-71.09569898,0,2025-03-30 02:47:00,SomervillePD,25017062,SOMERVILLE,2025,2025-03-30,0,02:47:00,,0,0,0.0,42.3773,-71.0959,,2025-03-30 02:47:00,16.72697818235283,0.0,0.8829111527235303
1190,MassDOT,5527484,SOMERVILLE,2025,2025-04-01,2,17:33:00,Local,1,0,0.0,42.37812899,-71.09594591,0,2025-04-01 17:33:00,SomervillePD,25017569,SOMERVILLE,2025,2025-04-01,2,17:33:00,,0,0,0.0,42.3782,-71.0957,,2025-04-01 17:33:00,21.64973151484206,0.0,0.8484518793961056
1191,MassDOT,5527480,SOMERVILLE,2025,2025-04-01,2,18:28:00,Local,1,0,0.0,42.38322314,-71.11247268,0,2025-04-01 18:28:00,SomervillePD,25017581,SOMERVILLE,2025,2025-04-01,2,18:28:00,,1,0,0.0,42.3837,-71.1118,,2025-04-01 18:28:00,76.44364151932534,0.0,0.46489450936472254
1192,MassDOT,5527489,SOMERVILLE,2025,2025-04-03,0,10:24:00,Local,0,0,0.0,42.38590221,-71.08971926,0,2025-04-03 10:24:00,SomervillePD,25017971,SOMERVILLE,2025,2025-04-03,0,10:24:00,,0,0,0.0,42.3859,-71.0896,,2025-04-03 10:24:00,9.78084121829789,0.0,0.9315341114719147
1193,MassDOT,5527491,SOMERVILLE,2025,2025-04-05,0,01:24:00,Local,0,0,0.0,42.39736101,-71.10439596,0,2025-04-05 01:24:00,SomervillePD,25018344,SOMERVILLE,2025,2025-04-05,0,01:24:00,,0,0,0.0,42.3973,-71.1043,,2025-04-05 01:24:00,10.37959228514796,0.0,0.9273428540039643
1194,SomervillePD,25018742,SOMERVILLE,2025,2025-04-07,0,09:32:00,,0,0,0.0,42.3918,-71.107,,2025-04-07 09:32:00,MassDOT,5527498,SOMERVILLE,2025,2025-04-07,0,09:32:00,Local,0,0,0.0,42.3914557,-71.10733287,0,2025-04-07 09:32:00,46.95977707980012,0.0,0.6712815604413991
1195,MassDOT,5527490,SOMERVILLE,2025,2025-04-07,2,14:14:00,Local,0,1,0.0,42.37490626,-71.08469349,0,2025-04-07 14:14:00,SomervillePD,25018789,SOMERVILLE,2025,2025-04-07,2,14:14:00,,0,1,0.0,42.3746,-71.085,,2025-04-07 14:14:00,42.27741344724588,0.0,0.7040581058692789
1196,MassDOT,5527482,SOMERVILLE,2025,2025-04-08,0,14:28:00,Local,0,0,0.0,42.39314161,-71.11125361,0,2025-04-08 14:28:00,SomervillePD,25019031,SOMERVILLE,2025,2025-04-08,0,14:28:00,,0,0,0.0,42.3932,-71.1112,,2025-04-08 14:28:00,7.830805126848352,0.0,0.9451843641120614
1197,MassDOT,5527485,SOMERVILLE,2025,2025-04-09,2,11:26:00,Local,0,1,0.0,42.3987851,-71.09749917,0,2025-04-09 11:26:00,SomervillePD,25019259,SOMERVILLE,2025,2025-04-09,2,11:26:00,,0,1,0.0,42.3989,-71.0977,,2025-04-09 11:26:00,20.824538974090057,0.0,0.8542282271813695
1198,SomervillePD,25019326,SOMERVILLE,2025,2025-04-09,0,18:54:00,,0,0,0.0,42.3999,-71.1178,,2025-04-09 18:54:00,MassDOT,5527499,SOMERVILLE,2025,2025-04-09,0,18:54:00,Local,0,0,0.0,42.40004816,-71.1179852,0,2025-04-09 18:54:00,22.381098886612367,0.0,0.8433323077937134
1199,SomervillePD,25019408,SOMERVILLE,2025,2025-04-10,0,07:55:00,,0,0,0.0,42.3783,-71.1064,,2025-04-10 07:55:00,MassDOT,5527479,SOMERVILLE,2025,2025-04-10,0,07:55:00,Local,0,0,0.0,42.37828634,-71.10638278,0,2025-04-10 07:55:00,2.071895228438753,0.0,0.9854967334009286
1200,SomervillePD,25020011,SOMERVILLE,2025,2025-04-13,2,02:30:00,,0,0,0.0,42.381,-71.1073,,2025-04-13 02:30:00,MassDOT,5527488,SOMERVILLE,2025,2025-04-13,2,02:30:00,Local,0,0,0.0,42.38111806,-71.1074727,0,2025-04-13 02:30:00,19.29364869770427,0.0,0.86494445911607
1201,SomervillePD,25020194,SOMERVILLE,2025,2025-04-14,0,06:30:00,,0,0,0.0,42.4078,-71.1312,,2025-04-14 06:30:00,MassDOT,5527497,SOMERVILLE,2025,2025-04-14,0,06:30:00,Local,0,0,0.0,42.40855457,-71.13055256,0,2025-04-14 06:30:00,99.15127098952665,0.0,0.3059411030733134
1202,SomervillePD,25020540,SOMERVILLE,2025,2025-04-15,0,15:39:00,,0,0,0.0,42.3956,-71.1239,,2025-04-15 15:39:00,MassDOT,5527494,SOMERVILLE,2025,2025-04-15,0,15:39:00,Local,0,0,0.0,42.39546963,-71.12377551,0,2025-04-15 15:39:00,17.707441144183825,0.0,0.8760479119907132
1203,SomervillePD,25020570,SOMERVILLE,2025,2025-04-15,0,18:09:00,,0,0,0.0,42.39,-71.1096,,2025-04-15 18:09:00,MassDOT,5527495,SOMERVILLE,2025,2025-04-15,0,18:09:00,Local,0,0,0.0,42.39068085,-71.10901417,0,2025-04-15 18:09:00,89.54385712759779,0.0,0.37319300010681544
1204,SomervillePD,25020669,SOMERVILLE,2025,2025-04-16,0,09:48:00,,0,0,0.0,42.3879,-71.0862,,2025-04-16 09:48:00,MassDOT,5527501,SOMERVILLE,2025,2025-04-16,0,09:48:00,Local,0,0,0.0,42.3879853,-71.08638621,0,2025-04-16 09:48:00,17.964097102626045,0.0,0.8742513202816176
1205,MassDOT,5527509,SOMERVILLE,2025,2025-04-17,0,09:46:00,Local,0,0,0.0,42.38620856,-71.09687795,0,2025-04-17 09:46:00,SomervillePD,25020866,SOMERVILLE,2025,2025-04-17,0,09:46:00,,0,0,0.0,42.3862,-71.0969,,2025-04-17 09:46:00,2.0422922883099677,0.0,0.9857039539818302
1206,MassDOT,5527533,SOMERVILLE,2025,2025-04-17,2,10:54:00,Local,0,1,0.0,42.40540342,-71.12080815,0,2025-04-17 10:54:00,SomervillePD,25020888,SOMERVILLE,2025,2025-04-17,2,10:54:00,,0,1,0.0,42.4052,-71.1215,,2025-04-17 10:54:00,61.035253934292676,0.0,0.5727532224599512
1207,MassDOT,5527500,SOMERVILLE,2025,2025-04-17,0,20:41:00,Local,0,0,0.0,42.38375963,-71.08061976,0,2025-04-17 20:41:00,SomervillePD,25021008,SOMERVILLE,2025,2025-04-17,0,20:41:00,,0,0,0.0,42.3838,-71.0804,,2025-04-17 20:41:00,18.566927106922638,0.0,0.8700315102515415
1208,MassDOT,5527531,SOMERVILLE,2025,2025-04-19,0,01:36:00,Local,0,0,0.0,42.39200533,-71.09738145,0,2025-04-19 01:36:00,SomervillePD,25021292,SOMERVILLE,2025,2025-04-19,0,01:36:00,,0,0,0.0,42.3918,-71.0972,,2025-04-19 01:36:00,27.216293101740423,0.0,0.809485948287817
1209,MassDOT,5527507,SOMERVILLE,2025,2025-04-20,0,15:53:00,Local,0,0,0.0,42.39315644,-71.10415606,0,2025-04-20 15:53:00,SomervillePD,25021655,SOMERVILLE,2025,2025-04-20,0,15:53:00,,0,0,0.0,42.3931,-71.104,,2025-04-20 15:53:00,14.244979961105622,0.0,0.9002851402722607
1210,SomervillePD,25021845,SOMERVILLE,2025,2025-04-21,0,17:40:00,,0,0,0.0,42.397,-71.1223,,2025-04-21 17:40:00,MassDOT,5527530,SOMERVILLE,2025,2025-04-21,0,17:40:00,Local,0,0,0.0,42.39650989,-71.12254999,0,2025-04-21 17:40:00,58.13376502548209,0.0,0.5930636448216253
1211,SomervillePD,25021854,SOMERVILLE,2025,2025-04-21,0,19:14:00,,0,0,0.0,42.396,-71.1216,,2025-04-21 19:14:00,MassDOT,5527510,SOMERVILLE,2025,2025-04-21,0,19:14:00,Local,0,0,0.0,42.39612841,-71.12147443,0,2025-04-21 19:14:00,17.581739923581377,0.0,0.8769278205349302
1212,SomervillePD,25021922,SOMERVILLE,2025,2025-04-22,0,08:08:00,,0,0,0.0,42.3918,-71.0972,,2025-04-22 08:08:00,MassDOT,5527493,SOMERVILLE,2025,2025-04-22,0,08:08:00,Local,0,0,0.0,42.39196307,-71.09712489,0,2025-04-22 08:08:00,19.119419707332302,0.0,0.8661640620486737
1213,MassDOT,5527502,SOMERVILLE,2025,2025-04-22,0,13:05:00,Local,0,0,0.0,42.38382449,-71.09187143,0,2025-04-22 13:05:00,SomervillePD,25021979,SOMERVILLE,2025,2025-04-22,0,13:05:00,,0,0,0.0,42.3837,-71.0922,,2025-04-22 13:05:00,30.276661999020448,0.0,0.7880633660068568
1214,SomervillePD,25022193,SOMERVILLE,2025,2025-04-23,0,11:42:00,,0,0,0.0,42.3854,-71.0954,,2025-04-23 11:42:00,MassDOT,5527508,SOMERVILLE,2025,2025-04-23,0,11:42:00,Local,0,0,0.0,42.38559241,-71.09531733,0,2025-04-23 11:42:00,22.40721709376239,0.0,0.8431494803436632
1215,MassDOT,5527505,SOMERVILLE,2025,2025-04-24,0,13:58:00,Local,0,0,0.0,42.38078925,-71.08118489,0,2025-04-24 13:58:00,SomervillePD,25022459,SOMERVILLE,2025,2025-04-24,0,13:58:00,,0,0,0.0,42.3809,-71.0807,,2025-04-24 13:58:00,41.615070141281514,0.0,0.7086945090110293
1216,SomervillePD,25022471,SOMERVILLE,2025,2025-04-24,2,14:43:00,,0,0,0.0,42.3887,-71.0973,,2025-04-24 14:43:00,MassDOT,5527496,SOMERVILLE,2025,2025-04-24,2,14:43:00,Local,0,0,0.0,42.38886753,-71.09687612,0,2025-04-24 14:43:00,39.41373645344212,0.0,0.7241038448259051
1217,MassDOT,5527513,SOMERVILLE,2025,2025-04-25,0,18:38:00,Local,0,0,0.0,42.3869103,-71.11615302,0,2025-04-25 18:38:00,SomervillePD,25022754,SOMERVILLE,2025,2025-04-25,0,18:38:00,,0,0,0.0,42.3872,-71.1163,,2025-04-25 18:38:00,34.34038243098654,0.0,0.7596173229830943
1218,SomervillePD,25022949,SOMERVILLE,2025,2025-04-26,0,20:38:00,,0,0,0.0,42.3955,-71.1197,,2025-04-26 20:38:00,MassDOT,5527504,SOMERVILLE,2025,2025-04-26,0,20:38:00,Local,0,0,0.0,42.3952347,-71.11942379,0,2025-04-26 20:38:00,37.14659538664204,0.0,0.7399738322935057
1219,MassDOT,5527511,SOMERVILLE,2025,2025-04-27,0,01:55:00,Local,0,0,0.0,42.38617619,-71.11256899,0,2025-04-27 01:55:00,SomervillePD,25023001,SOMERVILLE,2025,2025-04-27,0,01:55:00,,0,0,0.0,42.3865,-71.1126,,2025-04-27 01:55:00,36.03271568388342,0.0,0.747770990212816
1220,SomervillePD,25023127,SOMERVILLE,2025,2025-04-27,0,21:37:00,,0,0,0.0,42.3903,-71.0905,,2025-04-27 21:37:00,MassDOT,5527519,SOMERVILLE,2025,2025-04-27,0,21:37:00,Local,0,0,0.0,42.39023195,-71.09034671,0,2025-04-27 21:37:00,14.66230190435318,0.0,0.8973638866695277
1221,SomervillePD,25023419,SOMERVILLE,2025,2025-04-29,0,10:30:00,,0,0,0.0,42.393,-71.0806,,2025-04-29 10:30:00,MassDOT,5527517,SOMERVILLE,2025,2025-04-29,0,10:30:00,Local,0,0,0.0,42.39298381,-71.08053812,0,2025-04-29 10:30:00,5.381693202906743,0.0,0.9623281475796528
1222,MassDOT,5538083,SOMERVILLE,2025,2025-05-02,0,16:19:00,Local,0,0,0.0,42.38803948,-71.09286673,0,2025-05-02 16:19:00,SomervillePD,25024160,SOMERVILLE,2025,2025-05-02,0,16:19:00,,0,0,0.0,42.388,-71.0926,,2025-05-02 16:19:00,22.302419203637168,0.0,0.8438830655745397
1223,SomervillePD,25024319,SOMERVILLE,2025,2025-05-03,0,10:48:00,,0,0,0.0,42.398,-71.1226,,2025-05-03 10:48:00,MassDOT,5538088,SOMERVILLE,2025,2025-05-03,0,10:48:00,Local,0,0,0.0,42.39799273,-71.12261079,0,2025-05-03 10:48:00,1.1972825816591959,0.0,0.9916190219283856
1224,MassDOT,5538093,SOMERVILLE,2025,2025-05-03,2,13:33:00,Local,0,1,0.0,42.38603529,-71.08761714,0,2025-05-03 13:33:00,SomervillePD,25024340,SOMERVILLE,2025,2025-05-03,2,13:33:00,,0,1,0.0,42.3862,-71.0881,,2025-05-03 13:33:00,43.60598369791016,0.0,0.6947581141146288
1225,SomervillePD,25024416,SOMERVILLE,2025,2025-05-03,2,20:37:00,,0,0,0.0,42.4015,-71.1181,,2025-05-03 20:37:00,MassDOT,5538098,SOMERVILLE,2025,2025-05-03,2,20:37:00,Local,0,0,0.0,42.40119637,-71.11709246,0,2025-05-03 20:37:00,89.1970039664994,0.0,0.3756209722345042
1226,SomervillePD,25024528,SOMERVILLE,2025,2025-05-04,0,14:59:00,,0,0,0.0,42.3916,-71.0857,,2025-05-04 14:59:00,MassDOT,5538094,SOMERVILLE,2025,2025-05-04,0,14:59:00,Local,0,0,0.0,42.39173811,-71.08620441,0,2025-05-04 14:59:00,44.10152259189401,0.0,0.6912893418567418
1227,MassDOT,5530967,BOSTON,2025,2025-05-07,2,23:25:00,State,0,0,0.0,42.32367169,-71.05526909,0,2025-05-07 23:25:00,BostonVisionZero,2838,BOSTON,2025,2025-05-08,,00:00:51,,0,0,,42.32377729967336,-71.05529825352797,,2025-05-08 00:00:51,11.964507182964105,2151.0,0.7369984497192513
1228,SomervillePD,25025729,SOMERVILLE,2025,2025-05-09,0,20:37:00,,0,0,0.0,42.3949,-71.1248,,2025-05-09 20:37:00,MassDOT,5538080,SOMERVILLE,2025,2025-05-09,0,20:37:00,Local,0,0,0.0,42.3948776,-71.12479778,0,2025-05-09 20:37:00,2.493051039001233,0.0,0.9825486427269914
1229,MassDOT,5538097,SOMERVILLE,2025,2025-05-12,0,10:39:00,Local,0,0,0.0,42.40088614,-71.12603218,0,2025-05-12 10:39:00,SomervillePD,25026249,SOMERVILLE,2025,2025-05-12,0,10:39:00,,0,0,0.0,42.4012,-71.1254,,2025-05-12 10:39:00,62.44067657966444,0.0,0.5629152639423489
1230,MassDOT,5527073,BOSTON,2025,2025-05-13,2,22:30:00,Local,0,0,0.0,42.30873223,-71.08079358,0,2025-05-13 22:30:00,BostonVisionZero,1350,BOSTON,2025,2025-05-13,,23:27:54,,0,0,,42.30876271949559,-71.0807777412352,,2025-05-13 23:27:54,3.625486381658315,3474.0,0.6851215953283918
1231,MassDOT,5538100,SOMERVILLE,2025,2025-05-19,0,10:39:00,Local,0,0,0.0,42.38484557,-71.11238009,0,2025-05-19 10:39:00,SomervillePD,25027843,SOMERVILLE,2025,2025-05-19,0,10:39:00,,0,0,1.0,42.3851,-71.1124,,2025-05-19 10:39:00,28.288867125740737,0.0,0.8019779301198149
1232,MassDOT,5538107,SOMERVILLE,2025,2025-05-21,2,14:24:00,Local,0,0,0.0,42.38363783,-71.11297083,0,2025-05-21 14:24:00,SomervillePD,25028279,SOMERVILLE,2025,2025-05-21,2,14:24:00,,0,0,0.0,42.3837,-71.1128,,2025-05-21 14:24:00,15.614079639739725,0.0,0.8907014425218218
1233,MassDOT,5538087,SOMERVILLE,2025,2025-05-24,0,16:48:00,Local,0,0,0.0,42.38281587,-71.08313923,0,2025-05-24 16:48:00,SomervillePD,25028848,SOMERVILLE,2025,2025-05-24,0,16:48:00,,0,0,0.0,42.3828,-71.0834,,2025-05-24 16:48:00,21.453235196754925,0.0,0.8498273536227154
1234,MassDOT,5538079,SOMERVILLE,2025,2025-05-27,0,00:19:00,Local,0,0,0.0,42.40545354,-71.12794713,0,2025-05-27 00:19:00,SomervillePD,25029221,SOMERVILLE,2025,2025-05-27,0,00:19:00,,0,0,0.0,42.4056,-71.1279,,2025-05-27 00:19:00,16.709684179914113,0.0,0.883032210740601
1235,MassDOT,5538092,SOMERVILLE,2025,2025-05-27,0,14:19:00,Local,0,0,0.0,42.38195683,-71.08203944,0,2025-05-27 14:19:00,SomervillePD,25029367,SOMERVILLE,2025,2025-05-27,0,14:19:00,,0,0,0.0,42.3821,-71.0821,,2025-05-27 14:19:00,16.649538962725426,0.0,0.8834532272609219
1236,MassDOT,5538103,SOMERVILLE,2025,2025-05-28,0,08:02:00,Local,0,0,0.0,42.39083811,-71.09077765,0,2025-05-28 08:02:00,SomervillePD,25029494,SOMERVILLE,2025,2025-05-28,0,08:02:00,,0,0,0.0,42.391,-71.0906,,2025-05-28 08:02:00,23.130471671992083,0.0,0.8380866982960553
1237,BostonVisionZero,21949,BOSTON,2025,2025-05-28,,16:07:19,,0,1,,42.331361390215626,-71.07071661568612,,2025-05-28 16:07:19,MassDOT,5556505,BOSTON,2025,2025-05-28,0,17:06:00,Local,0,0,0.0,42.33220922,-71.07068864,0,2025-05-28 17:06:00,94.13710095110883,3521.0,0.047623626675571504
1238,MassDOT,5538105,SOMERVILLE,2025,2025-05-30,0,12:18:00,Local,0,0,0.0,42.39631166,-71.1218986,0,2025-05-30 12:18:00,SomervillePD,25029981,SOMERVILLE,2025,2025-05-30,0,12:18:00,,0,0,0.0,42.3965,-71.1218,,2025-05-30 12:18:00,22.413789447536658,0.0,0.8431034738672434
1239,SomervillePD,25030076,SOMERVILLE,2025,2025-05-30,0,22:55:00,,0,0,0.0,42.3955,-71.08,,2025-05-30 22:55:00,MassDOT,5538089,SOMERVILLE,2025,2025-05-30,0,22:55:00,Local,0,0,0.0,42.39559768,-71.07965392,0,2025-05-30 22:55:00,30.37103364015585,0.0,0.787402764518909
1240,SomervillePD,25030406,SOMERVILLE,2025,2025-06-01,0,20:18:00,,0,0,0.0,42.3857,-71.0878,,2025-06-01 20:18:00,MassDOT,5549889,SOMERVILLE,2025,2025-06-01,0,20:18:00,Local,0,0,0.0,42.3856915,-71.08783795,0,2025-06-01 20:18:00,3.2513221536641375,0.0,0.977240744924351
1241,SomervillePD,25030499,SOMERVILLE,2025,2025-06-02,0,09:32:00,,1,0,0.0,42.3795,-71.0931,,2025-06-02 09:32:00,MassDOT,5549887,SOMERVILLE,2025,2025-06-02,0,09:32:00,Local,1,0,0.0,42.37950675,-71.0930481,0,2025-06-02 09:32:00,4.321011541412729,0.0,0.9697529192101109
1242,SomervillePD,25030565,SOMERVILLE,2025,2025-06-02,0,13:35:00,,0,0,0.0,42.3812,-71.0952,,2025-06-02 13:35:00,MassDOT,5549882,SOMERVILLE,2025,2025-06-02,0,13:35:00,Local,0,0,0.0,42.38132759,-71.09539448,0,2025-06-02 13:35:00,21.327250185171856,0.0,0.850709248703797
1243,MassDOT,5549873,SOMERVILLE,2025,2025-06-03,0,12:09:00,Local,0,0,0.0,42.38736675,-71.10636098,0,2025-06-03 12:09:00,SomervillePD,25030795,SOMERVILLE,2025,2025-06-03,0,12:09:00,,0,0,0.0,42.3873,-71.1067,,2025-06-03 12:09:00,28.765171431148044,0.0,0.7986437999819636
1244,SomervillePD,25031012,SOMERVILLE,2025,2025-06-04,2,10:49:00,,0,0,0.0,42.3796,-71.0964,,2025-06-04 10:49:00,MassDOT,5549883,SOMERVILLE,2025,2025-06-04,2,10:49:00,Local,0,0,0.0,42.37963533,-71.0963869,0,2025-06-04 10:49:00,4.066073294611769,0.0,0.9715374869377176
1245,SomervillePD,25031187,SOMERVILLE,2025,2025-06-05,2,07:53:00,,0,0,0.0,42.3807,-71.0886,,2025-06-05 07:53:00,MassDOT,5549896,SOMERVILLE,2025,2025-06-05,2,07:53:00,Local,0,0,0.0,42.38067121,-71.0886002,0,2025-06-05 07:53:00,3.195732074397145,0.0,0.9776298754792199
1246,MassDOT,5549885,SOMERVILLE,2025,2025-06-05,0,12:04:00,Local,0,0,0.0,42.39485011,-71.08105879,0,2025-06-05 12:04:00,SomervillePD,25031272,SOMERVILLE,2025,2025-06-05,0,12:04:00,,0,0,0.0,42.3949,-71.0811,,2025-06-05 12:04:00,6.486860507316828,0.0,0.9545919764487822
1247,SomervillePD,25031656,SOMERVILLE,2025,2025-06-06,0,21:19:00,,0,0,0.0,42.3862,-71.083,,2025-06-06 21:19:00,MassDOT,5549875,SOMERVILLE,2025,2025-06-06,0,21:19:00,Local,0,0,0.0,42.38622156,-71.08300132,0,2025-06-06 21:19:00,2.3956057366311563,0.0,0.9832307598435819
1248,SomervillePD,25031898,SOMERVILLE,2025,2025-06-08,2,00:43:00,,0,0,0.0,42.3966,-71.0889,,2025-06-08 00:43:00,MassDOT,5549898,SOMERVILLE,2025,2025-06-08,2,00:43:00,Local,0,0,0.0,42.39646868,-71.0890125,0,2025-06-08 00:43:00,17.248753430347488,0.0,0.8792587259875675
1249,MassDOT,5549904,SOMERVILLE,2025,2025-06-08,0,23:06:00,Local,0,0,0.0,42.39848343,-71.10797992,0,2025-06-08 23:06:00,SomervillePD,25032064,SOMERVILLE,2025,2025-06-08,0,23:06:00,,0,0,0.0,42.3983,-71.1084,,2025-06-08 23:06:00,40.00339884960889,0.0,0.7199762080527378
1250,SomervillePD,25032262,SOMERVILLE,2025,2025-06-09,0,20:57:00,,0,0,0.0,42.4007,-71.1174,,2025-06-09 20:57:00,MassDOT,5549903,SOMERVILLE,2025,2025-06-09,0,20:57:00,Local,0,0,0.0,42.40056766,-71.1172734,0,2025-06-09 20:57:00,17.985346869876146,0.0,0.874102571910867
1251,SomervillePD,25032272,SOMERVILLE,2025,2025-06-09,2,21:46:00,,0,0,0.0,42.3862,-71.0969,,2025-06-09 21:46:00,MassDOT,5549909,SOMERVILLE,2025,2025-06-09,2,21:46:00,Local,0,0,1.0,42.38620856,-71.09687795,0,2025-06-09 21:46:00,2.0422925065107007,0.0,0.9857039524544251
1252,MassDOT,5549884,SOMERVILLE,2025,2025-06-10,0,22:05:00,Local,0,0,0.0,42.3882444,-71.0885911,0,2025-06-10 22:05:00,SomervillePD,25032480,SOMERVILLE,2025,2025-06-10,0,22:05:00,,0,0,0.0,42.3884,-71.0885,,2025-06-10 22:05:00,18.81728302917415,0.0,0.868279018795781
1253,SomervillePD,25032543,SOMERVILLE,2025,2025-06-11,0,08:14:00,,0,0,0.0,42.3956,-71.1225,,2025-06-11 08:14:00,MassDOT,5549879,SOMERVILLE,2025,2025-06-11,0,08:14:00,Local,0,0,0.0,42.39572187,-71.12208217,0,2025-06-11 08:14:00,36.825913697465026,0.0,0.7422186041177448
1254,SomervillePD,25032652,SOMERVILLE,2025,2025-06-11,0,14:45:00,,0,0,0.0,42.3927,-71.1045,,2025-06-11 14:45:00,MassDOT,5549908,SOMERVILLE,2025,2025-06-11,0,14:45:00,Local,0,0,0.0,42.3927012,-71.10447541,0,2025-06-11 14:45:00,2.020236858767792,0.0,0.9858583419886255
1255,SomervillePD,25032690,SOMERVILLE,2025,2025-06-11,2,17:03:00,,0,0,0.0,42.397,-71.1223,,2025-06-11 17:03:00,MassDOT,5549888,SOMERVILLE,2025,2025-06-11,2,17:03:00,Local,0,0,0.0,42.39648884,-71.12230871,0,2025-06-11 17:03:00,56.74325205623009,0.0,0.6027972356063893
1256,SomervillePD,25032800,SOMERVILLE,2025,2025-06-12,0,07:56:00,,0,0,0.0,42.3924,-71.0894,,2025-06-12 07:56:00,MassDOT,5549910,SOMERVILLE,2025,2025-06-12,0,07:56:00,Local,0,0,0.0,42.39241682,-71.08943843,0,2025-06-12 07:56:00,3.6621017628720067,0.0,0.9743652876598958
1257,SomervillePD,25033163,SOMERVILLE,2025,2025-06-13,0,15:38:00,,0,0,0.0,42.39,-71.0909,,2025-06-13 15:38:00,MassDOT,5549912,SOMERVILLE,2025,2025-06-13,0,15:38:00,Local,0,0,0.0,42.38988794,-71.09102427,0,2025-06-13 15:38:00,16.078328041751952,0.0,0.8874517037077363
1258,SomervillePD,25033202,SOMERVILLE,2025,2025-06-13,0,18:01:00,,0,0,0.0,42.3794,-71.0884,,2025-06-13 18:01:00,MassDOT,5549911,SOMERVILLE,2025,2025-06-13,0,18:01:00,Local,0,0,0.0,42.37923038,-71.08873664,0,2025-06-13 18:01:00,33.41271500083272,0.0,0.7661109949941709
1259,MassDOT,5549913,SOMERVILLE,2025,2025-06-15,0,11:03:00,Local,0,0,0.0,42.38636518,-71.08217305,0,2025-06-15 11:03:00,SomervillePD,25033501,SOMERVILLE,2025,2025-06-15,0,11:03:00,,0,0,0.0,42.3864,-71.0823,,2025-06-15 11:03:00,11.102627092733997,0.0,0.922281610350862
1260,SomervillePD,25033947,SOMERVILLE,2025,2025-06-17,0,11:45:00,,0,0,0.0,42.4061,-71.1321,,2025-06-17 11:45:00,MassDOT,5549900,SOMERVILLE,2025,2025-06-17,0,11:45:00,Local,0,0,0.0,42.40642939,-71.13258417,0,2025-06-17 11:45:00,53.958592557259145,0.0,0.622289852099186
1261,SomervillePD,25033956,SOMERVILLE,2025,2025-06-17,2,12:11:00,,0,0,0.0,42.3918,-71.0893,,2025-06-17 12:11:00,MassDOT,5549914,SOMERVILLE,2025,2025-06-17,2,12:11:00,Local,0,0,0.0,42.39163976,-71.08916027,0,2025-06-17 12:11:00,21.15610307923812,0.0,0.8519072784453332
1262,SomervillePD,25034165,SOMERVILLE,2025,2025-06-18,0,11:41:00,,0,0,0.0,42.3966,-71.1238,,2025-06-18 11:41:00,MassDOT,5549905,SOMERVILLE,2025,2025-06-18,0,11:41:00,Local,0,0,0.0,42.39633748,-71.12375868,0,2025-06-18 11:41:00,29.33591465577872,0.0,0.794648597409549
1263,SomervillePD,25034470,SOMERVILLE,2025,2025-06-19,0,17:06:00,,0,0,0.0,42.4012,-71.1165,,2025-06-19 17:06:00,MassDOT,5549886,SOMERVILLE,2025,2025-06-19,0,17:06:00,Local,0,0,0.0,42.40119637,-71.11709246,0,2025-06-19 17:06:00,48.56382568618349,0.0,0.6600532201967155
1264,SomervillePD,25034730,SOMERVILLE,2025,2025-06-20,0,18:00:00,,0,0,0.0,42.3851,-71.0942,,2025-06-20 18:00:00,MassDOT,5549902,SOMERVILLE,2025,2025-06-20,0,18:00:00,Local,0,0,0.0,42.38514797,-71.09417396,0,2025-06-20 18:00:00,5.736741009483607,0.0,0.9598428129336147
1265,MassDOT,5549915,SOMERVILLE,2025,2025-06-20,0,22:28:00,Local,0,1,1.0,42.38101889,-71.09717249,0,2025-06-20 22:28:00,SomervillePD,25034777,SOMERVILLE,2025,2025-06-20,0,22:28:00,,1,0,0.0,42.381,-71.0972,,2025-06-20 22:28:00,3.079679343633247,0.0,0.9784422445945673
1266,MassDOT,5549892,SOMERVILLE,2025,2025-06-23,0,21:03:00,Local,0,0,1.0,42.39894203,-71.10934695,0,2025-06-23 21:03:00,SomervillePD,25035365,SOMERVILLE,2025,2025-06-23,0,21:03:00,,0,0,0.0,42.3987,-71.1094,,2025-06-23 21:03:00,27.21498571604779,0.0,0.8094950999876653
1267,MassDOT,5549891,SOMERVILLE,2025,2025-06-24,2,08:33:00,Local,1,0,0.0,42.37624887,-71.10389567,0,2025-06-24 08:33:00,SomervillePD,25035445,SOMERVILLE,2025,2025-06-24,2,08:33:00,,1,0,0.0,42.3762,-71.1039,,2025-06-24 08:33:00,5.43617751222205,0.0,0.9619467574144456
1268,SomervillePD,25035600,SOMERVILLE,2025,2025-06-24,2,17:38:00,,1,0,0.0,42.3851,-71.1132,,2025-06-24 17:38:00,MassDOT,5549919,SOMERVILLE,2025,2025-06-24,2,17:38:00,Local,1,0,0.0,42.38522585,-71.11309986,0,2025-06-24 17:38:00,16.203438425910672,0.0,0.8865759310186252
1269,MassDOT,5549890,SOMERVILLE,2025,2025-06-24,2,19:14:00,Local,0,0,0.0,42.38050241,-71.08923139,0,2025-06-24 19:14:00,SomervillePD,25035633,SOMERVILLE,2025,2025-06-24,2,19:14:00,,0,0,0.0,42.3807,-71.0893,,2025-06-24 19:14:00,22.642473215901912,0.0,0.8415026874886866
1270,SomervillePD,25035796,SOMERVILLE,2025,2025-06-25,0,11:32:00,,0,0,0.0,42.377,-71.0956,,2025-06-25 11:32:00,MassDOT,5549894,SOMERVILLE,2025,2025-06-25,0,11:32:00,Local,0,0,0.0,42.37697163,-71.09558941,0,2025-06-25 11:32:00,3.266603681243136,0.0,0.977133774231298
1271,MassDOT,5549907,SOMERVILLE,2025,2025-06-26,0,09:45:00,Local,0,0,0.0,42.39675884,-71.10252744,0,2025-06-26 09:45:00,SomervillePD,25036011,SOMERVILLE,2025,2025-06-26,0,09:45:00,,0,0,0.0,42.3969,-71.1023,,2025-06-26 09:45:00,24.35373918576445,0.0,0.8295238256996489
1272,SomervillePD,25036053,SOMERVILLE,2025,2025-06-26,0,12:37:00,,0,0,0.0,42.399,-71.1089,,2025-06-26 12:37:00,MassDOT,5549901,SOMERVILLE,2025,2025-06-26,0,12:37:00,Local,0,0,0.0,42.39882063,-71.10898502,0,2025-06-26 12:37:00,21.094523357514756,0.0,0.8523383364973967
1273,SomervillePD,25036320,SOMERVILLE,2025,2025-06-27,2,10:11:00,,0,0,1.0,42.3798,-71.0915,,2025-06-27 10:11:00,MassDOT,5549918,SOMERVILLE,2025,2025-06-27,2,10:11:00,Local,0,0,1.0,42.37962534,-71.09138255,0,2025-06-27 10:11:00,21.647369492112954,0.0,0.8484684135552092
1274,SomervillePD,25036508,SOMERVILLE,2025,2025-06-27,0,19:08:00,,0,0,0.0,42.4068,-71.1249,,2025-06-27 19:08:00,MassDOT,5549906,SOMERVILLE,2025,2025-06-27,0,19:08:00,Local,0,0,0.0,42.40683657,-71.12493635,0,2025-06-27 19:08:00,5.035226493579516,0.0,0.9647534145449435
1275,SomervillePD,25037271,SOMERVILLE,2025,2025-06-30,0,11:53:00,,0,0,0.0,42.3911,-71.1024,,2025-06-30 11:53:00,MassDOT,5549897,SOMERVILLE,2025,2025-06-30,0,11:53:00,Local,0,0,0.0,42.3914012,-71.10211203,0,2025-06-30 11:53:00,40.9280888173091,0.0,0.7135033782788363
1276,MassDOT,5561056,SOMERVILLE,2025,2025-07-01,0,12:25:00,Local,0,0,0.0,42.38437075,-71.07894206,0,2025-07-01 12:25:00,SomervillePD,25037568,SOMERVILLE,2025,2025-07-01,0,12:25:00,,0,0,0.0,42.3845,-71.0789,,2025-07-01 12:25:00,14.75537465003162,0.0,0.8967123774497787
1277,MassDOT,5561064,SOMERVILLE,2025,2025-07-01,2,21:17:00,Local,0,1,0.0,42.38618076,-71.07883822,0,2025-07-01 21:17:00,SomervillePD,25037701,SOMERVILLE,2025,2025-07-01,2,21:17:00,,0,1,0.0,42.3862,-71.0788,,2025-07-01 21:17:00,3.792090891495167,0.0,0.9734553637595338
1278,SomervillePD,25037777,SOMERVILLE,2025,2025-07-02,2,08:42:00,,0,1,0.0,42.3763,-71.0958,,2025-07-02 08:42:00,MassDOT,5561068,SOMERVILLE,2025,2025-07-02,2,08:42:00,Local,0,1,0.0,42.37636147,-71.09602843,0,2025-07-02 08:42:00,19.93518088205071,0.0,0.860453733825645
1279,MassDOT,5561066,SOMERVILLE,2025,2025-07-02,0,15:29:00,Local,0,0,0.0,42.38199689,-71.10204122,0,2025-07-02 15:29:00,SomervillePD,25037904,SOMERVILLE,2025,2025-07-02,0,15:29:00,,0,0,0.0,42.382,-71.102,,2025-07-02 15:29:00,3.397297028302187,0.0,0.9762189208018848
1280,MassDOT,5561070,SOMERVILLE,2025,2025-07-02,2,16:56:00,Local,0,0,0.0,42.39965196,-71.1114212,0,2025-07-02 16:56:00,SomervillePD,25037933,SOMERVILLE,2025,2025-07-02,2,16:56:00,,0,0,0.0,42.3996,-71.1114,,2025-07-02 16:56:00,6.02366152800943,0.0,0.957834369303934
1281,MassDOT,5561075,SOMERVILLE,2025,2025-07-03,2,11:49:00,Local,0,0,0.0,42.38895422,-71.10113016,0,2025-07-03 11:49:00,SomervillePD,25038176,SOMERVILLE,2025,2025-07-03,2,11:49:00,,0,0,0.0,42.3891,-71.1014,,2025-07-03 11:49:00,27.408739806063473,0.0,0.8081388213575558
1282,SomervillePD,25038189,SOMERVILLE,2025,2025-07-03,0,12:17:00,,0,0,0.0,42.3955,-71.1103,,2025-07-03 12:17:00,MassDOT,5561087,SOMERVILLE,2025,2025-07-03,0,12:17:00,Local,0,0,0.0,42.39538692,-71.11011515,0,2025-07-03 12:17:00,19.676438801789782,0.0,0.8622649283874715
1283,BostonVisionZero,7727,BOSTON,2025,2025-07-05,,04:01:28,,0,0,,42.33563664461931,-71.03522684156663,,2025-07-05 04:01:28,MassDOT,5556766,BOSTON,2025,2025-07-05,2,04:52:00,Local,0,0,0.0,42.33562835,-71.0354429,0,2025-07-05 04:52:00,17.75204202582198,3032.0,0.6230690391525795
1284,SomervillePD,25039230,SOMERVILLE,2025,2025-07-07,0,16:12:00,,1,0,0.0,42.3941,-71.1206,,2025-07-07 16:12:00,MassDOT,5561086,SOMERVILLE,2025,2025-07-07,0,16:12:00,Local,1,0,0.0,42.39407166,-71.12061935,0,2025-07-07 16:12:00,3.5230439763180232,0.0,0.9753386921657738
1285,MassDOT,5561065,SOMERVILLE,2025,2025-07-08,0,11:20:00,Local,0,0,0.0,42.38599803,-71.11452152,0,2025-07-08 11:20:00,SomervillePD,25039457,SOMERVILLE,2025,2025-07-08,0,11:20:00,,0,0,0.0,42.3858,-71.114,,2025-07-08 11:20:00,48.07708365240241,0.0,0.663460414433183
1286,MassDOT,5561063,SOMERVILLE,2025,2025-07-08,0,12:08:00,Local,0,0,0.0,42.39206475,-71.11616929,0,2025-07-08 12:08:00,SomervillePD,25039471,SOMERVILLE,2025,2025-07-08,0,12:08:00,,0,0,0.0,42.3922,-71.1161,,2025-07-08 12:08:00,16.051438606084876,0.0,0.8876399297574058
1287,SomervillePD,25039731,SOMERVILLE,2025,2025-07-09,0,08:54:00,,0,0,0.0,42.3989,-71.0972,,2025-07-09 08:54:00,MassDOT,5561076,SOMERVILLE,2025,2025-07-09,0,08:54:00,Local,0,0,0.0,42.39892662,-71.09737099,0,2025-07-09 08:54:00,14.324124065829466,0.0,0.8997311315391936
1288,SomervillePD,25039867,SOMERVILLE,2025,2025-07-09,0,19:44:00,,0,0,0.0,42.3892,-71.1116,,2025-07-09 19:44:00,MassDOT,5561072,SOMERVILLE,2025,2025-07-09,0,19:44:00,Local,0,0,0.0,42.38912345,-71.11166959,0,2025-07-09 19:44:00,10.23468871521763,0.0,0.9283571789934766
1289,SomervillePD,25039938,SOMERVILLE,2025,2025-07-10,2,08:03:00,,1,0,0.0,42.3786,-71.0966,,2025-07-10 08:03:00,MassDOT,5561092,SOMERVILLE,2025,2025-07-10,2,08:03:00,Local,1,0,0.0,42.37871353,-71.0961191,0,2025-07-10 08:03:00,41.39683178012703,0.0,0.7102221775391108
1290,SomervillePD,25041237,SOMERVILLE,2025,2025-07-15,2,07:33:00,,0,1,0.0,42.4011,-71.1175,,2025-07-15 07:33:00,MassDOT,5561090,SOMERVILLE,2025,2025-07-15,2,07:33:00,Local,0,1,0.0,42.40089495,-71.11739924,0,2025-07-15 07:33:00,24.212678693681333,0.0,0.8305112491442306
1291,MassDOT,5561097,SOMERVILLE,2025,2025-07-18,0,07:56:00,Local,0,0,0.0,42.39061263,-71.09034587,0,2025-07-18 07:56:00,SomervillePD,25042104,SOMERVILLE,2025,2025-07-18,0,07:56:00,,0,0,0.0,42.3908,-71.0902,,2025-07-18 07:56:00,23.990964850548032,0.0,0.8320632460461637
1292,MassDOT,5561077,SOMERVILLE,2025,2025-07-18,0,21:10:00,Local,0,0,0.0,42.37907427,-71.09412927,0,2025-07-18 21:10:00,SomervillePD,25042325,SOMERVILLE,2025,2025-07-18,0,21:10:00,,0,0,0.0,42.3791,-71.0941,,2025-07-18 21:10:00,3.7305495025289224,0.0,0.9738861534822976
1293,MassDOT,5561074,SOMERVILLE,2025,2025-07-19,2,23:01:00,Local,0,0,0.0,42.39247923,-71.09600802,0,2025-07-19 23:01:00,SomervillePD,25042595,SOMERVILLE,2025,2025-07-19,2,23:01:00,,0,0,0.0,42.3926,-71.0963,,2025-07-19 23:01:00,27.43429980196809,0.0,0.8079599013862233
1294,BostonVisionZero,10893,BOSTON,2025,2025-07-20,,15:19:38,,0,0,,42.29447815259188,-71.13581718475812,,2025-07-20 15:19:38,MassDOT,5556543,BOSTON,2025,2025-07-20,2,16:05:00,Local,0,0,0.0,42.29445928,-71.13587732,0,2025-07-20 16:05:00,5.3634998007194765,2722.0,0.7356221680616304
1295,MassDOT,5561098,SOMERVILLE,2025,2025-07-21,0,11:14:00,Local,0,0,0.0,42.38437594,-71.09225221,0,2025-07-21 11:14:00,SomervillePD,25042976,SOMERVILLE,2025,2025-07-21,0,11:14:00,,0,0,0.0,42.3846,-71.0927,,2025-07-21 11:14:00,44.34473119137578,0.0,0.6895868816603694
1296,MassDOT,5561081,SOMERVILLE,2025,2025-07-22,0,08:33:00,Local,0,0,0.0,42.39469056,-71.10227806,0,2025-07-22 08:33:00,SomervillePD,25043183,SOMERVILLE,2025,2025-07-22,0,08:33:00,,0,0,0.0,42.3947,-71.1023,,2025-07-22 08:33:00,2.081519150511826,0.0,0.9854293659464173
1297,MassDOT,5561078,SOMERVILLE,2025,2025-07-22,2,08:51:00,Local,1,0,0.0,42.38072122,-71.08843807,0,2025-07-22 08:51:00,SomervillePD,25043190,SOMERVILLE,2025,2025-07-22,2,08:51:00,,1,0,0.0,42.381,-71.0886,,2025-07-22 08:51:00,33.67272229840158,0.0,0.7642909439111889
1298,MassDOT,5561085,SOMERVILLE,2025,2025-07-23,0,08:12:00,Local,0,0,0.0,42.40076614,-71.11475582,0,2025-07-23 08:12:00,SomervillePD,25043435,SOMERVILLE,2025,2025-07-23,0,08:12:00,,0,0,0.0,42.4006,-71.1149,,2025-07-23 08:12:00,21.90336543161315,0.0,0.8466764419787078
1299,SomervillePD,25043445,SOMERVILLE,2025,2025-07-23,0,08:44:00,,0,0,0.0,42.3983,-71.1214,,2025-07-23 08:44:00,MassDOT,5561094,SOMERVILLE,2025,2025-07-23,0,08:44:00,Local,0,0,0.0,42.39825648,-71.12123296,0,2025-07-23 08:44:00,14.519558302717986,0.0,0.898363091880974
1300,SomervillePD,25043499,SOMERVILLE,2025,2025-07-23,0,10:42:00,,0,0,0.0,42.38,-71.0944,,2025-07-23 10:42:00,MassDOT,5561103,SOMERVILLE,2025,2025-07-23,0,10:42:00,Local,0,0,0.0,42.37961575,-71.0944161,0,2025-07-23 10:42:00,42.67217453248515,0.0,0.7012947782726039
1301,MassDOT,5561093,SOMERVILLE,2025,2025-07-23,0,11:41:00,Local,0,0,0.0,42.41475133,-71.12956637,0,2025-07-23 11:41:00,SomervillePD,25043520,SOMERVILLE,2025,2025-07-23,0,11:41:00,,0,0,0.0,42.4147,-71.1296,,2025-07-23 11:41:00,6.329160273304269,0.0,0.9556958780868701
1302,MassDOT,5561095,SOMERVILLE,2025,2025-07-23,0,13:03:00,Local,0,0,0.0,42.38546467,-71.10451433,0,2025-07-23 13:03:00,SomervillePD,25043555,SOMERVILLE,2025,2025-07-23,0,13:03:00,,0,0,0.0,42.3855,-71.1047,,2025-07-23 13:03:00,15.719652486372956,0.0,0.8899624325953892
1303,MassDOT,5561091,SOMERVILLE,2025,2025-07-23,0,14:33:00,Local,0,0,0.0,42.37490626,-71.08469349,0,2025-07-23 14:33:00,SomervillePD,25043580,SOMERVILLE,2025,2025-07-23,0,14:33:00,,0,0,0.0,42.3746,-71.085,,2025-07-23 14:33:00,42.27741344724588,0.0,0.7040581058692789
1304,MassDOT,5561082,SOMERVILLE,2025,2025-07-23,0,16:55:00,Local,0,0,0.0,42.39291033,-71.11403271,0,2025-07-23 16:55:00,SomervillePD,25043603,SOMERVILLE,2025,2025-07-23,0,16:55:00,,0,0,0.0,42.3929,-71.114,,2025-07-23 16:55:00,2.91636249551297,0.0,0.9795854625314091
1305,MassDOT,5561088,SOMERVILLE,2025,2025-07-23,2,19:04:00,Local,1,0,0.0,42.38455367,-71.11177474,0,2025-07-23 19:04:00,SomervillePD,25043639,SOMERVILLE,2025,2025-07-23,2,19:04:00,,1,0,0.0,42.3847,-71.1113,,2025-07-23 19:04:00,42.17639359654855,0.0,0.7047652448241601
1306,MassDOT,5561084,SOMERVILLE,2025,2025-07-24,0,16:43:00,Local,0,0,0.0,42.38218547,-71.10100054,0,2025-07-24 16:43:00,SomervillePD,25043876,SOMERVILLE,2025,2025-07-24,0,16:43:00,,0,0,0.0,42.3821,-71.1008,,2025-07-24 16:43:00,18.983327663185445,0.0,0.8671167063577019
1307,MassDOT,5561101,SOMERVILLE,2025,2025-07-27,0,15:34:00,Local,0,0,0.0,42.3908031,-71.10753928,0,2025-07-27 15:34:00,SomervillePD,25044698,SOMERVILLE,2025,2025-07-27,0,15:34:00,,0,0,0.0,42.3908,-71.1076,,2025-07-27 15:34:00,4.9897383324994475,0.0,0.9650718316725038
1308,SomervillePD,25044911,SOMERVILLE,2025,2025-07-28,0,10:22:00,,0,0,0.0,42.3941,-71.1025,,2025-07-28 10:22:00,MassDOT,5561106,SOMERVILLE,2025,2025-07-28,0,10:22:00,Local,0,0,0.0,42.39418752,-71.10265709,0,2025-07-28 10:22:00,16.131014547999722,0.0,0.887082898164002
1309,MassDOT,5561096,SOMERVILLE,2025,2025-07-28,0,13:29:00,Local,0,0,0.0,42.38850106,-71.10368269,0,2025-07-28 13:29:00,SomervillePD,25044968,SOMERVILLE,2025,2025-07-28,0,13:29:00,,0,0,0.0,42.3883,-71.1038,,2025-07-28 13:29:00,24.301730291151436,0.0,0.8298878879619398
1310,SomervillePD,25045006,SOMERVILLE,2025,2025-07-28,0,15:54:00,,0,0,0.0,42.3746,-71.085,,2025-07-28 15:54:00,MassDOT,5561099,SOMERVILLE,2025,2025-07-28,0,15:54:00,Local,0,0,0.0,42.37490626,-71.08469349,0,2025-07-28 15:54:00,42.277486315446865,0.0,0.7040575957918719
1311,SomervillePD,25045042,SOMERVILLE,2025,2025-07-28,2,18:00:00,,1,0,0.0,42.3813,-71.0873,,2025-07-28 18:00:00,MassDOT,5561107,SOMERVILLE,2025,2025-07-28,2,18:00:00,Local,1,0,0.0,42.38106869,-71.08725947,0,2025-07-28 18:00:00,25.88957648230159,0.0,0.8187729646238888
1312,MassDOT,5556711,BOSTON,2025,2025-07-29,2,03:58:00,Local,0,0,0.0,42.31943221,-71.09469021,0,2025-07-29 03:58:00,BostonVisionZero,27562,BOSTON,2025,2025-07-29,,04:08:41,,0,0,,42.319438092482415,-71.09467625970352,,2025-07-29 04:08:41,1.3180543945302123,641.0,0.9373569525716219
1313,MassDOT,5561104,SOMERVILLE,2025,2025-07-30,0,03:35:00,Local,0,0,0.0,42.39677353,-71.09399058,0,2025-07-30 03:35:00,SomervillePD,25045440,SOMERVILLE,2025,2025-07-30,0,03:35:00,,0,0,0.0,42.3969,-71.0938,,2025-07-30 03:35:00,21.003061752299978,0.0,0.8529785677339001
1314,MassDOT,5561108,SOMERVILLE,2025,2025-07-31,0,12:03:00,Local,0,0,0.0,42.39702665,-71.10334154,0,2025-07-31 12:03:00,SomervillePD,25045801,SOMERVILLE,2025,2025-07-31,0,12:03:00,,0,0,0.0,42.3972,-71.1033,,2025-07-31 12:03:00,19.54082222280786,0.0,0.863214244440345
1315,SomervillePD,25045854,SOMERVILLE,2025,2025-07-31,0,17:09:00,,0,0,0.0,42.3773,-71.0892,,2025-07-31 17:09:00,MassDOT,5561100,SOMERVILLE,2025,2025-07-31,0,17:09:00,Local,0,0,0.0,42.37722573,-71.08917312,0,2025-07-31 17:09:00,8.533530817757628,0.0,0.9402652842756964
1316,SomervillePD,25046803,SOMERVILLE,2025,2025-08-04,0,12:07:00,,0,0,0.0,42.3795,-71.0911,,2025-08-04 12:07:00,MassDOT,5571865,SOMERVILLE,2025,2025-08-04,0,12:07:00,Local,0,0,0.0,42.37966552,-71.09126769,0,2025-08-04 12:07:00,22.948065208841527,0.0,0.8393635435381093
1317,MassDOT,5571872,SOMERVILLE,2025,2025-08-07,0,06:37:00,Local,0,0,0.0,42.37688493,-71.1046653,0,2025-08-07 06:37:00,SomervillePD,25047496,SOMERVILLE,2025,2025-08-07,0,06:37:00,,0,0,0.0,42.3767,-71.1049,,2025-08-07 06:37:00,28.137895082734758,0.0,0.8030347344208566
1318,MassDOT,5571862,SOMERVILLE,2025,2025-08-08,2,12:43:00,Local,1,0,0.0,42.37697163,-71.09558941,0,2025-08-08 12:43:00,SomervillePD,25047876,SOMERVILLE,2025,2025-08-08,2,12:43:00,,1,0,0.0,42.377,-71.0956,,2025-08-08 12:43:00,3.266603785528934,0.0,0.9771337735012975
1319,MassDOT,5571866,SOMERVILLE,2025,2025-08-09,2,10:16:00,Local,0,0,0.0,42.38779368,-71.10962326,0,2025-08-09 10:16:00,SomervillePD,25048126,SOMERVILLE,2025,2025-08-09,2,10:16:00,,0,0,0.0,42.3878,-71.1096,,2025-08-09 10:16:00,2.0319014580794894,0.0,0.9857766897934435
1320,SomervillePD,25048145,SOMERVILLE,2025,2025-08-09,0,11:42:00,,0,0,1.0,42.3794,-71.0884,,2025-08-09 11:42:00,MassDOT,5571859,SOMERVILLE,2025,2025-08-09,0,11:42:00,Local,0,0,0.0,42.37923038,-71.08873664,0,2025-08-09 11:42:00,33.41271500083272,0.0,0.7661109949941709
1321,MassDOT,5571864,SOMERVILLE,2025,2025-08-11,0,15:21:00,Local,0,0,0.0,42.38988422,-71.09795231,0,2025-08-11 15:21:00,SomervillePD,25048636,SOMERVILLE,2025,2025-08-11,0,15:21:00,,0,0,0.0,42.3898,-71.0978,,2025-08-11 15:21:00,15.59837064838804,0.0,0.8908114054612837
1322,SomervillePD,25048816,SOMERVILLE,2025,2025-08-12,0,08:35:00,,0,0,0.0,42.3874,-71.101,,2025-08-12 08:35:00,MassDOT,5571868,SOMERVILLE,2025,2025-08-12,0,08:35:00,Local,0,0,0.0,42.38757567,-71.10094164,0,2025-08-12 08:35:00,20.07780502702955,0.0,0.8594553648107932
1323,MassDOT,5571863,SOMERVILLE,2025,2025-08-13,2,09:44:00,Local,0,1,0.0,42.3948776,-71.12479778,0,2025-08-13 09:44:00,SomervillePD,25049140,SOMERVILLE,2025,2025-08-13,2,09:44:00,,0,1,0.0,42.3949,-71.1248,,2025-08-13 09:44:00,2.4930510437427573,0.0,0.9825486426938006
1324,MassDOT,5571850,SOMERVILLE,2025,2025-08-13,0,12:44:00,Local,0,0,0.0,42.37962534,-71.09138255,0,2025-08-13 12:44:00,SomervillePD,25045762,SOMERVILLE,2025,2025-08-13,0,12:44:00,,0,0,0.0,42.3798,-71.0915,,2025-08-13 12:44:00,21.647381409153244,0.0,0.8484683301359273
1325,MassDOT,5571852,SOMERVILLE,2025,2025-08-13,2,15:37:00,Local,1,0,0.0,42.37864321,-71.09441144,0,2025-08-13 15:37:00,SomervillePD,25049242,SOMERVILLE,2025,2025-08-13,2,15:37:00,,1,0,0.0,42.378,-71.0949,,2025-08-13 15:37:00,81.86727682844679,0.0,0.42692906220087246
1326,MassDOT,5571876,SOMERVILLE,2025,2025-08-15,0,07:27:00,Local,0,0,0.0,42.39996902,-71.12369466,0,2025-08-15 07:27:00,SomervillePD,25049655,SOMERVILLE,2025,2025-08-15,0,07:27:00,,0,0,0.0,42.3999,-71.1237,,2025-08-15 07:27:00,7.673713826138575,0.0,0.9462840032170299
1327,MassDOT,5571867,SOMERVILLE,2025,2025-08-15,0,11:02:00,Local,0,0,0.0,42.3934652,-71.08067397,0,2025-08-15 11:02:00,SomervillePD,25049715,SOMERVILLE,2025,2025-08-15,0,11:02:00,,0,0,0.0,42.3935,-71.0805,,2025-08-15 11:02:00,14.775422203573013,0.0,0.8965720445749887
1328,MassDOT,5571873,SOMERVILLE,2025,2025-08-15,0,14:53:00,Local,0,0,0.0,42.38022779,-71.09664323,0,2025-08-15 14:53:00,SomervillePD,25049761,SOMERVILLE,2025,2025-08-15,0,14:53:00,,0,0,0.0,42.3803,-71.0964,,2025-08-15 14:53:00,21.493905741641047,0.0,0.8495426598085125
1329,MassDOT,5571877,SOMERVILLE,2025,2025-08-15,2,17:10:00,Local,0,0,0.0,42.39083811,-71.09077765,0,2025-08-15 17:10:00,SomervillePD,25049797,SOMERVILLE,2025,2025-08-15,2,17:10:00,,0,0,0.0,42.3913,-71.0904,,2025-08-15 17:10:00,59.89248060655965,0.0,0.5807526357540824
1330,MassDOT,5571884,SOMERVILLE,2025,2025-08-16,0,12:17:00,Local,0,0,0.0,42.39360435,-71.09255861,0,2025-08-16 12:17:00,SomervillePD,25049974,SOMERVILLE,2025,2025-08-16,0,12:17:00,,0,0,0.0,42.3936,-71.0926,,2025-08-16 12:17:00,3.427207968005228,0.0,0.9760095442239634
1331,MassDOT,5571871,SOMERVILLE,2025,2025-08-17,0,01:30:00,Local,0,0,0.0,42.39751195,-71.10487502,0,2025-08-17 01:30:00,SomervillePD,25050158,SOMERVILLE,2025,2025-08-17,0,01:30:00,,0,0,0.0,42.3977,-71.1048,,2025-08-17 01:30:00,21.760554539992913,0.0,0.8476761182200496
1332,SomervillePD,25050656,SOMERVILLE,2025,2025-08-19,2,07:08:00,,0,0,0.0,42.3948,-71.0976,,2025-08-19 07:08:00,MassDOT,5571875,SOMERVILLE,2025,2025-08-19,2,07:08:00,Local,0,0,0.0,42.39472793,-71.09764916,0,2025-08-19 07:08:00,8.957481477389296,0.0,0.9372976296582749
1333,MassDOT,5571881,SOMERVILLE,2025,2025-08-21,0,16:02:00,Local,0,0,0.0,42.39537969,-71.07758089,0,2025-08-21 16:02:00,SomervillePD,25051296,SOMERVILLE,2025,2025-08-21,0,16:02:00,,0,0,0.0,42.3951,-71.0781,,2025-08-21 16:02:00,52.67500864799805,0.0,0.6312749394640136
1334,SomervillePD,25051440,SOMERVILLE,2025,2025-08-22,2,08:25:00,,1,0,0.0,42.3982,-71.1239,,2025-08-22 08:25:00,MassDOT,5571869,SOMERVILLE,2025,2025-08-22,2,08:25:00,Local,1,0,0.0,42.39817641,-71.1238881,0,2025-08-22 08:25:00,2.794279815756439,0.0,0.980440041289705
1335,MassDOT,5571882,SOMERVILLE,2025,2025-08-22,0,13:35:00,Local,0,0,0.0,42.393914,-71.09575484,0,2025-08-22 13:35:00,SomervillePD,25051521,SOMERVILLE,2025,2025-08-22,0,13:35:00,,0,0,0.0,42.3941,-71.0956,,2025-08-22 13:35:00,24.23583423392815,0.0,0.8303491603625028
1336,SomervillePD,25051852,SOMERVILLE,2025,2025-08-23,0,23:15:00,,0,0,0.0,42.3845,-71.0932,,2025-08-23 23:15:00,MassDOT,5571878,SOMERVILLE,2025,2025-08-23,0,23:15:00,Local,0,0,0.0,42.3847149,-71.09306634,0,2025-08-23 23:15:00,26.250712911173018,0.0,0.8162450096217888
1337,SomervillePD,25052269,SOMERVILLE,2025,2025-08-25,0,16:57:00,,0,0,0.0,42.3976,-71.105,,2025-08-25 16:57:00,MassDOT,5571874,SOMERVILLE,2025,2025-08-25,0,16:57:00,Local,0,0,0.0,42.39756637,-71.10504773,0,2025-08-25 16:57:00,5.407632263826787,0.0,0.9621465741532125
1338,SomervillePD,25052682,SOMERVILLE,2025,2025-08-27,2,08:07:00,,0,0,0.0,42.3824,-71.0811,,2025-08-27 08:07:00,MassDOT,5571887,SOMERVILLE,2025,2025-08-27,2,08:07:00,Local,0,0,0.0,42.38212121,-71.08101297,0,2025-08-27 08:07:00,31.75774347782059,0.0,0.7776957956552558
1339,MassDOT,5571883,SOMERVILLE,2025,2025-08-27,0,15:12:00,Local,0,0,0.0,42.39141399,-71.11498252,0,2025-08-27 15:12:00,SomervillePD,25052780,SOMERVILLE,2025,2025-08-27,0,15:12:00,,0,0,0.0,42.3914,-71.115,,2025-08-27 15:12:00,2.113048517965795,0.0,0.9852086603742394
1340,MassDOT,5571889,SOMERVILLE,2025,2025-08-28,2,08:29:00,Local,1,0,0.0,42.40128965,-71.12627103,0,2025-08-28 08:29:00,SomervillePD,25052939,SOMERVILLE,2025,2025-08-28,2,08:29:00,,1,0,0.0,42.4012,-71.1265,,2025-08-28 08:29:00,21.24291386649199,0.0,0.8512996029345561
1341,MassDOT,5571891,SOMERVILLE,2025,2025-08-28,0,16:21:00,Local,0,0,0.0,42.37828634,-71.10638278,0,2025-08-28 16:21:00,SomervillePD,25053046,SOMERVILLE,2025,2025-08-28,0,16:21:00,,0,0,0.0,42.3783,-71.1064,,2025-08-28 16:21:00,2.0718954377638807,0.0,0.9854967319356527
1342,SomervillePD,25053297,SOMERVILLE,2025,2025-08-29,2,16:34:00,,0,0,0.0,42.3761,-71.0962,,2025-08-29 16:34:00,MassDOT,5571888,SOMERVILLE,2025,2025-08-29,2,16:34:00,Local,0,0,0.0,42.37606008,-71.09622967,0,2025-08-29 16:34:00,5.055095096382288,0.0,0.964614334325324
1343,SomervillePD,25053784,SOMERVILLE,2025,2025-08-31,0,17:11:00,,0,0,0.0,42.384,-71.1072,,2025-08-31 17:11:00,MassDOT,5571890,SOMERVILLE,2025,2025-08-31,0,17:11:00,Local,0,0,0.0,42.38390748,-71.10729917,0,2025-08-31 17:11:00,13.098800236733462,0.0,0.9083083983428657
1344,MassDOT,5571886,SOMERVILLE,2025,2025-08-31,0,21:18:00,Local,0,0,0.0,42.39857671,-71.10825796,0,2025-08-31 21:18:00,SomervillePD,25053818,SOMERVILLE,2025,2025-08-31,0,21:18:00,,0,0,0.0,42.3983,-71.1084,,2025-08-31 21:18:00,32.847538264300596,0.0,0.7700672321498958
1345,MassDOT,5584631,SOMERVILLE,2025,2025-09-01,0,17:32:00,Local,1,0,0.0,42.38908928,-71.08667704,0,2025-09-01 17:32:00,SomervillePD,25054037,SOMERVILLE,2025,2025-09-01,0,17:32:00,,1,0,0.0,42.3887,-71.0868,,2025-09-01 17:32:00,44.37036847548963,0.0,0.6894074206715726
1346,MassDOT,5584624,SOMERVILLE,2025,2025-09-03,0,11:42:00,Local,0,0,0.0,42.38087259,-71.10001015,0,2025-09-03 11:42:00,SomervillePD,25054471,SOMERVILLE,2025,2025-09-03,0,11:42:00,,0,0,0.0,42.3808,-71.0999,,2025-09-03 11:42:00,12.103417079074132,0.0,0.915276080446481
1347,MassDOT,5584632,SOMERVILLE,2025,2025-09-04,0,13:21:00,Local,0,0,0.0,42.38512433,-71.11290436,0,2025-09-04 13:21:00,SomervillePD,25054742,SOMERVILLE,2025,2025-09-04,0,13:21:00,,0,0,0.0,42.3855,-71.1129,,2025-09-04 13:21:00,41.70090216638881,0.0,0.7080936848352783
1348,SomervillePD,25054766,SOMERVILLE,2025,2025-09-04,0,15:31:00,,0,0,0.0,42.3791,-71.0951,,2025-09-04 15:31:00,MassDOT,5584618,SOMERVILLE,2025,2025-09-04,0,15:31:00,Local,0,0,0.0,42.37937191,-71.09488963,0,2025-09-04 15:31:00,34.76345443289885,0.0,0.7566558189697079
1349,SomervillePD,25054789,SOMERVILLE,2025,2025-09-04,2,17:23:00,,0,0,0.0,42.3936,-71.1155,,2025-09-04 17:23:00,MassDOT,5584622,SOMERVILLE,2025,2025-09-04,2,17:23:00,Local,0,0,0.0,42.39357211,-71.11556432,0,2025-09-04 17:23:00,6.11439732116285,0.0,0.9571992187518601
1350,MassDOT,5584625,SOMERVILLE,2025,2025-09-05,0,11:00:00,Local,0,0,0.0,42.39531876,-71.09781677,0,2025-09-05 11:00:00,SomervillePD,25054986,SOMERVILLE,2025,2025-09-05,0,11:00:00,,0,0,0.0,42.3953,-71.0978,,2025-09-05 11:00:00,2.495208314174213,0.0,0.9825335418007806
1351,MassDOT,5584621,SOMERVILLE,2025,2025-09-05,0,14:09:00,Local,0,0,0.0,42.39531876,-71.09781677,0,2025-09-05 14:09:00,SomervillePD,25055036,SOMERVILLE,2025,2025-09-05,0,14:09:00,,0,0,0.0,42.3953,-71.0978,,2025-09-05 14:09:00,2.495208314174213,0.0,0.9825335418007806
1352,MassDOT,5584628,SOMERVILLE,2025,2025-09-05,2,20:11:00,Local,0,0,0.0,42.38683621,-71.09872423,0,2025-09-05 20:11:00,SomervillePD,25055106,SOMERVILLE,2025,2025-09-05,2,20:11:00,,0,0,0.0,42.3868,-71.0987,,2025-09-05 20:11:00,4.483424178719609,0.0,0.9686160307489626
1353,MassDOT,5584623,SOMERVILLE,2025,2025-09-06,0,07:04:00,Local,0,0,0.0,42.39650989,-71.12254999,0,2025-09-06 07:04:00,SomervillePD,25055199,SOMERVILLE,2025,2025-09-06,0,07:04:00,,0,0,0.0,42.3966,-71.123,,2025-09-06 07:04:00,38.22069521915064,0.0,0.7324551334659455
1354,SomervillePD,25055672,SOMERVILLE,2025,2025-09-08,0,07:08:00,,0,0,0.0,42.4062,-71.1265,,2025-09-08 07:08:00,MassDOT,5584635,SOMERVILLE,2025,2025-09-08,0,07:08:00,Local,0,0,0.0,42.40595388,-71.12666479,0,2025-09-08 07:08:00,30.475635227909592,0.0,0.7866705534046328
1355,SomervillePD,25055726,SOMERVILLE,2025,2025-09-08,2,10:37:00,,0,0,0.0,42.381,-71.0876,,2025-09-08 10:37:00,MassDOT,5584637,SOMERVILLE,2025,2025-09-08,2,10:37:00,Local,0,0,0.0,42.38098764,-71.08755857,0,2025-09-08 10:37:00,3.66357480000393,0.0,0.9743549763999724
1356,MassDOT,5584629,SOMERVILLE,2025,2025-09-08,0,14:02:00,Local,0,0,0.0,42.3944475,-71.08946532,0,2025-09-08 14:02:00,SomervillePD,25055785,SOMERVILLE,2025,2025-09-08,0,14:02:00,,0,0,0.0,42.3944,-71.0894,,2025-09-08 14:02:00,7.514760748362042,0.0,0.9473966747614657
1357,SomervillePD,25056329,SOMERVILLE,2025,2025-09-10,2,17:59:00,,1,0,0.0,42.3808,-71.1076,,2025-09-10 17:59:00,MassDOT,5584638,SOMERVILLE,2025,2025-09-10,2,17:59:00,Local,1,0,0.0,42.38089012,-71.10775557,0,2025-09-10 17:59:00,16.210351748558047,0.0,0.8865275377600936
1358,MassDOT,5584627,SOMERVILLE,2025,2025-09-11,0,20:28:00,Local,0,0,0.0,42.39342834,-71.09508301,0,2025-09-11 20:28:00,SomervillePD,25056607,SOMERVILLE,2025,2025-09-11,0,20:28:00,,0,0,0.0,42.3933,-71.0952,,2025-09-11 20:28:00,17.173202292021124,0.0,0.879787583955852
1359,SomervillePD,25057190,SOMERVILLE,2025,2025-09-14,2,14:07:00,,0,0,0.0,42.382,-71.0815,,2025-09-14 14:07:00,MassDOT,5584643,SOMERVILLE,2025,2025-09-14,2,14:07:00,Local,0,0,0.0,42.38204223,-71.08151723,0,2025-09-14 14:07:00,4.8957863493671745,0.0,0.9657294955544298
1360,SomervillePD,25057625,SOMERVILLE,2025,2025-09-16,0,15:31:00,,0,0,0.0,42.3927,-71.0933,,2025-09-16 15:31:00,MassDOT,5584630,SOMERVILLE,2025,2025-09-16,0,15:31:00,Local,0,0,0.0,42.39255687,-71.09341686,0,2025-09-16 15:31:00,18.55225139765724,0.0,0.8701342402163992
1361,MassDOT,5584639,SOMERVILLE,2025,2025-09-16,0,18:26:00,Local,0,0,0.0,42.38942264,-71.10624643,0,2025-09-16 18:26:00,SomervillePD,25057667,SOMERVILLE,2025,2025-09-16,0,18:26:00,,0,0,0.0,42.3897,-71.106,,2025-09-16 18:26:00,36.82383180481423,0.0,0.7422331773663003
1362,MassDOT,5584633,SOMERVILLE,2025,2025-09-18,2,12:37:00,Local,0,1,0.0,42.39485969,-71.12257739,0,2025-09-18 12:37:00,SomervillePD,25058070,SOMERVILLE,2025,2025-09-18,2,12:37:00,,0,1,0.0,42.395,-71.1227,,2025-09-18 12:37:00,18.53603444072152,0.0,0.8702477589149493
1363,MassDOT,5584641,SOMERVILLE,2025,2025-09-18,2,16:20:00,Local,1,0,0.0,42.39331866,-71.11159072,0,2025-09-18 16:20:00,SomervillePD,25058104,SOMERVILLE,2025,2025-09-18,2,16:20:00,,1,0,0.0,42.3934,-71.1116,,2025-09-18 16:20:00,9.060733145593526,0.0,0.9365748679808452
1364,MassDOT,5584636,SOMERVILLE,2025,2025-09-18,0,19:17:00,Local,0,0,0.0,42.3901268,-71.10777332,0,2025-09-18 19:17:00,SomervillePD,25058132,SOMERVILLE,2025,2025-09-18,0,19:17:00,,0,0,0.0,42.3903,-71.1077,,2025-09-18 19:17:00,20.142963610142207,0.0,0.8589992547290044
1365,MassDOT,5584647,SOMERVILLE,2025,2025-09-19,0,09:26:00,Local,0,0,0.0,42.38424397,-71.08905855,0,2025-09-19 09:26:00,SomervillePD,25058228,SOMERVILLE,2025,2025-09-19,0,09:26:00,,0,0,0.0,42.3842,-71.0891,,2025-09-19 09:26:00,5.947301580439931,0.0,0.9583688889369204
1366,MassDOT,5584645,SOMERVILLE,2025,2025-09-20,0,08:50:00,Local,1,0,0.0,42.37851754,-71.10521413,0,2025-09-20 08:50:00,SomervillePD,25058436,SOMERVILLE,2025,2025-09-20,0,08:50:00,,1,0,1.0,42.3785,-71.1052,,2025-09-20 08:50:00,2.2656030194912087,0.0,0.9841407788635614
1367,SomervillePD,25058479,SOMERVILLE,2025,2025-09-20,2,12:27:00,,1,0,0.0,42.3788,-71.1072,,2025-09-20 12:27:00,MassDOT,5584648,SOMERVILLE,2025,2025-09-20,2,12:27:00,Local,1,0,0.0,42.37897291,-71.10723514,0,2025-09-20 12:27:00,19.408085859392262,0.0,0.8641433989842542
1368,SomervillePD,25058494,SOMERVILLE,2025,2025-09-20,0,13:52:00,,0,0,0.0,42.3815,-71.1005,,2025-09-20 13:52:00,MassDOT,5584634,SOMERVILLE,2025,2025-09-20,0,13:52:00,Local,0,0,0.0,42.38150951,-71.10054992,0,2025-09-20 13:52:00,4.227006336434164,0.0,0.9704109556449607
1369,MassDOT,5584642,SOMERVILLE,2025,2025-09-24,2,18:49:00,Local,0,0,0.0,42.38187224,-71.08256107,0,2025-09-24 18:49:00,SomervillePD,25059505,SOMERVILLE,2025,2025-09-24,2,18:49:00,,0,0,0.0,42.3821,-71.0826,,2025-09-24 18:49:00,25.482067295633854,0.0,0.821625528930563
1370,MassDOT,5584646,SOMERVILLE,2025,2025-09-24,2,19:40:00,Local,0,1,1.0,42.37787233,-71.09586843,0,2025-09-24 19:40:00,SomervillePD,25059514,SOMERVILLE,2025,2025-09-24,2,19:40:00,,0,0,1.0,42.3778,-71.0958,,2025-09-24 19:40:00,9.795058689835148,0.0,0.931434589171154
1371,MassDOT,5584649,SOMERVILLE,2025,2025-09-25,0,07:27:00,Local,0,0,0.0,42.37587969,-71.09636404,0,2025-09-25 07:27:00,SomervillePD,25059593,SOMERVILLE,2025,2025-09-25,0,07:27:00,,0,0,0.0,42.3758,-71.0962,,2025-09-25 07:27:00,16.09911779355062,0.0,0.8873061754451457
1372,SomervillePD,25059685,SOMERVILLE,2025,2025-09-25,2,15:02:00,,0,0,0.0,42.382,-71.0815,,2025-09-25 15:02:00,MassDOT,5584640,SOMERVILLE,2025,2025-09-25,2,15:02:00,Local,0,0,0.0,42.38204223,-71.08151723,0,2025-09-25 15:02:00,4.8957863493671745,0.0,0.9657294955544298
1373,SomervillePD,25059886,SOMERVILLE,2025,2025-09-26,2,10:07:00,,0,0,0.0,42.3973,-71.114,,2025-09-26 10:07:00,MassDOT,5584868,SOMERVILLE,2025,2025-09-26,2,10:07:00,Local,0,0,0.0,42.39771488,-71.1143262,0,2025-09-26 10:07:00,53.25173064328464,0.0,0.6272378854970075
1374,SomervillePD,25059903,SOMERVILLE,2025,2025-09-26,2,10:52:00,,0,0,0.0,42.3746,-71.085,,2025-09-26 10:52:00,MassDOT,5584651,SOMERVILLE,2025,2025-09-26,2,10:52:00,Local,0,0,0.0,42.37490626,-71.08469349,0,2025-09-26 10:52:00,42.277486315446865,0.0,0.7040575957918719
1375,SomervillePD,25059928,SOMERVILLE,2025,2025-09-26,0,12:36:00,,0,0,0.0,42.3967,-71.1024,,2025-09-26 12:36:00,MassDOT,5584653,SOMERVILLE,2025,2025-09-26,0,12:36:00,Local,0,0,0.0,42.39671262,-71.10238453,0,2025-09-26 12:36:00,1.8895568587297216,0.0,0.9867731019888919
1376,MassDOT,5584652,SOMERVILLE,2025,2025-09-26,2,18:40:00,Local,1,0,0.0,42.3792858,-71.1021708,0,2025-09-26 18:40:00,SomervillePD,25060016,SOMERVILLE,2025,2025-09-26,2,18:40:00,,1,0,0.0,42.3793,-71.1021,,2025-09-26 18:40:00,6.015461615757871,0.0,0.9578917686896948
1377,SomervillePD,25060092,SOMERVILLE,2025,2025-09-27,0,02:03:00,,0,0,0.0,42.3744,-71.0908,,2025-09-27 02:03:00,MassDOT,5584654,SOMERVILLE,2025,2025-09-27,0,02:03:00,Local,0,0,0.0,42.3744362,-71.09075174,0,2025-09-27 02:03:00,5.639775518857934,0.0,0.9605215713679944
1378,MassDOT,5584655,SOMERVILLE,2025,2025-09-28,0,16:58:00,Local,0,0,0.0,42.40274622,-71.12848492,0,2025-09-28 16:58:00,SomervillePD,25060449,SOMERVILLE,2025,2025-09-28,0,16:58:00,,0,0,0.0,42.4029,-71.1285,,2025-09-28 16:58:00,17.114272854128085,0.0,0.8802000900211033
1379,MassDOT,5584657,SOMERVILLE,2025,2025-09-29,2,21:26:00,Local,0,0,1.0,42.3956945,-71.12047373,0,2025-09-29 21:26:00,SomervillePD,25060743,SOMERVILLE,2025,2025-09-29,2,21:26:00,,0,0,0.0,42.3957,-71.1205,,2025-09-29 21:26:00,2.238326632319782,0.0,0.9843317135737615
1380,SomervillePD,25060906,SOMERVILLE,2025,2025-09-30,0,12:01:00,,0,0,0.0,42.3798,-71.0915,,2025-09-30 12:01:00,MassDOT,5584656,SOMERVILLE,2025,2025-09-30,0,12:01:00,Local,0,0,0.0,42.37962534,-71.09138255,0,2025-09-30 12:01:00,21.647369492112954,0.0,0.8484684135552092
1381,MassDOT,5596654,SOMERVILLE,2025,2025-10-01,0,07:12:00,Local,0,0,0.0,42.38264764,-71.08313024,0,2025-10-01 07:12:00,SomervillePD,25061066,SOMERVILLE,2025,2025-10-01,0,07:12:00,,0,0,0.0,42.3827,-71.0833,,2025-10-01 07:12:00,15.083521895360068,0.0,0.8944153467324796
1382,MassDOT,5581320,BOSTON,2025,2025-10-01,0,11:08:00,State,0,0,0.0,42.34767476,-71.05142642,1,2025-10-01 11:08:00,BostonVisionZero,29182,BOSTON,2025,2025-10-01,,11:33:39,,0,0,,42.34741184541056,-71.05141401467458,,2025-10-01 11:33:39,29.201258657821068,1539.0,0.6673411893952526
1383,SomervillePD,25061341,SOMERVILLE,2025,2025-10-02,0,08:02:00,,0,0,0.0,42.3945,-71.1248,,2025-10-02 08:02:00,MassDOT,5596652,SOMERVILLE,2025,2025-10-02,0,08:02:00,Local,0,0,0.0,42.3947288,-71.12505743,0,2025-10-02 08:02:00,33.02021416575393,0.0,0.7688585008397224
1384,SomervillePD,25061403,SOMERVILLE,2025,2025-10-02,0,11:38:00,,0,0,0.0,42.3788,-71.1041,,2025-10-02 11:38:00,MassDOT,5596662,SOMERVILLE,2025,2025-10-02,0,11:38:00,Local,0,0,0.0,42.37882024,-71.10406437,0,2025-10-02 11:38:00,3.6854720022572427,0.0,0.9742016959841993
1385,SomervillePD,25061477,SOMERVILLE,2025,2025-10-02,2,17:24:00,,1,0,0.0,42.3891,-71.0972,,2025-10-02 17:24:00,MassDOT,5596659,SOMERVILLE,2025,2025-10-02,2,17:24:00,Local,1,0,0.0,42.38912135,-71.09714554,0,2025-10-02 17:24:00,5.054747204330949,0.0,0.9646167695696832
1386,SomervillePD,25061674,SOMERVILLE,2025,2025-10-03,0,12:35:00,,0,0,0.0,42.3802,-71.0887,,2025-10-03 12:35:00,MassDOT,5596674,SOMERVILLE,2025,2025-10-03,0,12:35:00,Local,0,0,0.0,42.38035002,-71.08913338,0,2025-10-03 12:35:00,39.24300943397216,0.0,0.7252989339621948
1387,SomervillePD,25061782,SOMERVILLE,2025,2025-10-03,2,21:18:00,,0,0,0.0,42.3994,-71.1189,,2025-10-03 21:18:00,MassDOT,5596665,SOMERVILLE,2025,2025-10-03,2,21:18:00,Local,0,0,0.0,42.39943451,-71.1189153,0,2025-10-03 21:18:00,4.030684405513394,0.0,0.9717852091614061
1388,MassDOT,5596667,SOMERVILLE,2025,2025-10-04,0,20:35:00,Local,0,0,0.0,42.39314578,-71.09429829,0,2025-10-04 20:35:00,SomervillePD,25062003,SOMERVILLE,2025,2025-10-04,0,20:35:00,,0,0,0.0,42.3932,-71.0944,,2025-10-04 20:35:00,10.283116009416167,0.0,0.9280181879340867
1389,SomervillePD,25062639,SOMERVILLE,2025,2025-10-07,2,15:23:00,,0,0,0.0,42.3813,-71.0864,,2025-10-07 15:23:00,MassDOT,5596658,SOMERVILLE,2025,2025-10-07,2,15:23:00,Local,0,0,0.0,42.3814692,-71.08531729,0,2025-10-07 15:23:00,90.73953938084858,0.0,0.3648232243340599
1390,MassDOT,5596664,SOMERVILLE,2025,2025-10-07,2,16:41:00,Local,0,0,0.0,42.40099565,-71.11653099,0,2025-10-07 16:41:00,SomervillePD,25062659,SOMERVILLE,2025,2025-10-07,2,16:41:00,,0,0,0.0,42.4005,-71.1165,,2025-10-07 16:41:00,55.0757590186324,0.0,0.6144696868695732
1391,MassDOT,5596657,SOMERVILLE,2025,2025-10-07,2,19:01:00,Local,1,0,0.0,42.3912968,-71.11876157,0,2025-10-07 19:01:00,SomervillePD,25062693,SOMERVILLE,2025,2025-10-07,2,19:01:00,,1,0,0.0,42.3917,-71.119,,2025-10-07 19:01:00,48.83740805078442,0.0,0.6581381436445091
1392,MassDOT,5596673,SOMERVILLE,2025,2025-10-08,2,09:19:00,Local,0,0,0.0,42.39172219,-71.10689044,0,2025-10-08 09:19:00,SomervillePD,25062783,SOMERVILLE,2025,2025-10-08,2,09:19:00,,0,0,0.0,42.3916,-71.1066,,2025-10-08 09:19:00,27.402144292260186,0.0,0.8081849899541786
1393,MassDOT,5596683,SOMERVILLE,2025,2025-10-08,0,09:26:00,Local,0,0,0.0,42.38540104,-71.11039405,0,2025-10-08 09:26:00,SomervillePD,25062787,SOMERVILLE,2025,2025-10-08,0,09:26:00,,0,0,0.0,42.3854,-71.1103,,2025-10-08 09:26:00,7.711798917728931,0.0,0.9460174075758974
1394,MassDOT,5596669,SOMERVILLE,2025,2025-10-08,0,13:23:00,Local,0,0,0.0,42.39594549,-71.08082809,0,2025-10-08 13:23:00,SomervillePD,25062841,SOMERVILLE,2025,2025-10-08,0,13:23:00,,0,0,0.0,42.3958,-71.0809,,2025-10-08 13:23:00,17.19158929801456,0.0,0.879658874913898
1395,SomervillePD,25062865,SOMERVILLE,2025,2025-10-08,0,15:13:00,,0,0,0.0,42.4011,-71.1245,,2025-10-08 15:13:00,MassDOT,5596670,SOMERVILLE,2025,2025-10-08,0,15:13:00,Local,0,0,0.0,42.40099813,-71.12437884,0,2025-10-08 15:13:00,15.049537287932656,0.0,0.8946532389844712
1396,SomervillePD,25063014,SOMERVILLE,2025,2025-10-09,0,08:45:00,,0,0,0.0,42.3862,-71.083,,2025-10-09 08:45:00,MassDOT,5596677,SOMERVILLE,2025,2025-10-09,0,08:45:00,Local,0,0,0.0,42.38622156,-71.08300132,0,2025-10-09 08:45:00,2.3956057366311563,0.0,0.9832307598435819
1397,SomervillePD,25063046,SOMERVILLE,2025,2025-10-09,2,10:23:00,,0,0,0.0,42.3814,-71.0936,,2025-10-09 10:23:00,MassDOT,5596672,SOMERVILLE,2025,2025-10-09,2,10:23:00,Local,0,0,0.0,42.38110335,-71.09297586,0,2025-10-09 10:23:00,60.85346823405471,0.0,0.574025722361617
1398,MassDOT,5596676,SOMERVILLE,2025,2025-10-10,0,00:41:00,Local,0,0,0.0,42.37954396,-71.09530587,0,2025-10-10 00:41:00,SomervillePD,25063223,SOMERVILLE,2025,2025-10-10,0,00:41:00,,0,0,0.0,42.3799,-71.095,,2025-10-10 00:41:00,46.806688303206364,0.0,0.6723531818775554
1399,MassDOT,5596681,SOMERVILLE,2025,2025-10-10,0,16:11:00,Local,0,0,0.0,42.37947732,-71.09238886,0,2025-10-10 16:11:00,SomervillePD,25063342,SOMERVILLE,2025,2025-10-10,0,16:11:00,,0,0,0.0,42.379,-71.0924,,2025-10-10 16:11:00,52.990393248068486,0.0,0.6290672472635206
1400,SomervillePD,25063385,SOMERVILLE,2025,2025-10-10,0,19:02:00,,1,0,1.0,42.4033,-71.1273,,2025-10-10 19:02:00,MassDOT,5596663,SOMERVILLE,2025,2025-10-10,0,19:02:00,Local,1,0,0.0,42.40329341,-71.12724649,0,2025-10-10 19:02:00,4.446487313209658,0.0,0.9688745888075323
1401,SomervillePD,25063629,SOMERVILLE,2025,2025-10-11,2,20:53:00,,0,1,0.0,42.4005,-71.1165,,2025-10-11 20:53:00,MassDOT,5596679,SOMERVILLE,2025,2025-10-11,2,20:53:00,Local,0,1,0.0,42.40099565,-71.11653099,0,2025-10-11 20:53:00,55.07575994409965,0.0,0.6144696803913023
1402,MassDOT,5596666,SOMERVILLE,2025,2025-10-13,0,02:54:00,Local,0,0,0.0,42.4036561,-71.12702518,0,2025-10-13 02:54:00,SomervillePD,25063887,SOMERVILLE,2025,2025-10-13,0,02:54:00,,0,0,0.0,42.4037,-71.1272,,2025-10-13 02:54:00,15.134817211867036,0.0,0.8940562795169307
1403,SomervillePD,25064114,SOMERVILLE,2025,2025-10-14,2,10:16:00,,0,1,0.0,42.3744,-71.0908,,2025-10-14 10:16:00,MassDOT,5596680,SOMERVILLE,2025,2025-10-14,2,10:16:00,Local,0,1,0.0,42.3744362,-71.09075174,0,2025-10-14 10:16:00,5.639775518857934,0.0,0.9605215713679944
1404,SomervillePD,25064564,SOMERVILLE,2025,2025-10-16,0,09:53:00,,0,0,0.0,42.3777,-71.098,,2025-10-16 09:53:00,MassDOT,5596682,SOMERVILLE,2025,2025-10-16,0,09:53:00,Local,0,0,0.0,42.37766655,-71.0979149,0,2025-10-16 09:53:00,7.904334454161021,0.0,0.9446696588208727
1405,MassDOT,5596688,SOMERVILLE,2025,2025-10-16,2,21:00:00,Local,0,0,0.0,42.38192497,-71.08225194,0,2025-10-16 21:00:00,SomervillePD,25064709,SOMERVILLE,2025,2025-10-16,2,21:00:00,,0,0,0.0,42.3813,-71.0821,,2025-10-16 21:00:00,70.48139865843385,0.0,0.506630209390963
1406,MassDOT,5596668,SOMERVILLE,2025,2025-10-17,0,18:43:00,Local,0,0,0.0,42.39436442,-71.12120412,0,2025-10-17 18:43:00,SomervillePD,25064886,SOMERVILLE,2025,2025-10-17,0,18:43:00,,0,0,0.0,42.3943,-71.1215,,2025-10-17 18:43:00,25.287108872750622,0.0,0.8229902378907457
1407,SomervillePD,25065017,SOMERVILLE,2025,2025-10-18,0,10:24:00,,0,0,0.0,42.4051,-71.1319,,2025-10-18 10:24:00,MassDOT,5596684,SOMERVILLE,2025,2025-10-18,0,10:24:00,Local,0,0,0.0,42.4050079,-71.13171691,0,2025-10-18 10:24:00,18.157748588170573,0.0,0.872895759882806
1408,SomervillePD,25065174,SOMERVILLE,2025,2025-10-19,0,01:32:00,,0,0,0.0,42.3958,-71.0989,,2025-10-19 01:32:00,MassDOT,5596692,SOMERVILLE,2025,2025-10-19,0,01:32:00,Local,0,0,0.0,42.39545279,-71.09908313,0,2025-10-19 01:32:00,41.360763479838376,0.0,0.7104746556411314
1409,MassDOT,5596687,SOMERVILLE,2025,2025-10-19,2,02:29:00,Local,0,0,0.0,42.38588775,-71.09605155,0,2025-10-19 02:29:00,SomervillePD,25065182,SOMERVILLE,2025,2025-10-19,2,02:29:00,,0,0,0.0,42.3859,-71.096,,2025-10-19 02:29:00,4.439776878770887,0.0,0.9689215618486038
1410,MassDOT,5596678,SOMERVILLE,2025,2025-10-21,0,08:48:00,Local,0,0,0.0,42.40119637,-71.11709246,0,2025-10-21 08:48:00,SomervillePD,25065604,SOMERVILLE,2025,2025-10-21,0,08:48:00,,0,0,0.0,42.401,-71.1171,,2025-10-21 08:48:00,21.805830021478492,0.0,0.8473591898496504
1411,MassDOT,5597211,SOMERVILLE,2025,2025-10-21,2,17:59:00,Local,1,0,0.0,42.38862591,-71.08596981,0,2025-10-21 17:59:00,SomervillePD,25065725,SOMERVILLE,2025,2025-10-21,2,17:59:00,,1,0,0.0,42.3886,-71.086,,2025-10-21 17:59:00,3.7943970214599196,0.0,0.9734392208497806
1412,MassDOT,5596675,SOMERVILLE,2025,2025-10-22,2,07:58:00,Local,1,0,0.0,42.38152241,-71.08496024,0,2025-10-22 07:58:00,SomervillePD,25065820,SOMERVILLE,2025,2025-10-22,2,07:58:00,,1,0,0.0,42.3815,-71.085,,2025-10-22 07:58:00,4.1006699314706365,0.0,0.9712953104797055
1413,MassDOT,5596690,SOMERVILLE,2025,2025-10-22,0,09:07:00,Local,0,0,0.0,42.39255687,-71.09341686,0,2025-10-22 09:07:00,SomervillePD,25065834,SOMERVILLE,2025,2025-10-22,0,09:07:00,,0,0,0.0,42.3927,-71.0933,,2025-10-22 09:07:00,18.552262678921075,0.0,0.8701341612475524
1414,SomervillePD,25065910,SOMERVILLE,2025,2025-10-22,0,15:22:00,,0,0,0.0,42.3947,-71.0828,,2025-10-22 15:22:00,MassDOT,5596685,SOMERVILLE,2025,2025-10-22,0,15:22:00,Local,0,0,0.0,42.39460097,-71.08359214,0,2025-10-22 15:22:00,65.85986141811223,0.0,0.5389809700732143
1415,MassDOT,5596695,SOMERVILLE,2025,2025-10-23,0,14:34:00,Local,0,0,0.0,42.39985767,-71.11202158,0,2025-10-23 14:34:00,SomervillePD,25066132,SOMERVILLE,2025,2025-10-23,0,14:34:00,,0,0,0.0,42.3999,-71.112,,2025-10-23 14:34:00,5.020565566766671,0.0,0.9648560410326332
1416,SomervillePD,25066300,SOMERVILLE,2025,2025-10-24,0,09:53:00,,0,0,0.0,42.4,-71.1296,,2025-10-24 09:53:00,MassDOT,5596691,SOMERVILLE,2025,2025-10-24,0,09:53:00,Local,0,0,0.0,42.39999027,-71.12955059,0,2025-10-24 09:53:00,4.1915983797940735,0.0,0.9706588113414414
1417,MassDOT,5596694,SOMERVILLE,2025,2025-10-24,0,11:57:00,Local,0,0,0.0,42.40401461,-71.11719918,0,2025-10-24 11:57:00,SomervillePD,25066345,SOMERVILLE,2025,2025-10-24,0,11:57:00,,0,0,0.0,42.4042,-71.117,,2025-10-24 11:57:00,26.267590834598906,0.0,0.8161268641578077
1418,SomervillePD,25066630,SOMERVILLE,2025,2025-10-25,2,14:39:00,,1,0,0.0,42.3806,-71.0837,,2025-10-25 14:39:00,MassDOT,5596693,SOMERVILLE,2025,2025-10-25,2,14:39:00,Local,1,0,0.0,42.38018031,-71.08370975,0,2025-10-25 14:39:00,46.592448964582225,0.0,0.6738528572479244
1419,SomervillePD,25066691,SOMERVILLE,2025,2025-10-25,2,20:40:00,,0,0,0.0,42.3818,-71.0831,,2025-10-25 20:40:00,MassDOT,5596699,SOMERVILLE,2025,2025-10-25,2,20:40:00,Local,0,0,0.0,42.38177723,-71.08307237,0,2025-10-25 20:40:00,3.394165227817411,0.0,0.9762408434052781
1420,MassDOT,5596686,SOMERVILLE,2025,2025-10-26,0,07:01:00,Local,0,0,0.0,42.38459456,-71.09456669,0,2025-10-26 07:01:00,SomervillePD,25066769,SOMERVILLE,2025,2025-10-26,0,07:01:00,,0,0,0.0,42.3846,-71.0945,,2025-10-26 07:01:00,5.501065574173822,0.0,0.9614925409807831
1421,SomervillePD,25066806,SOMERVILLE,2025,2025-10-26,0,11:45:00,,0,0,0.0,42.3887,-71.0823,,2025-10-26 11:45:00,MassDOT,5596698,SOMERVILLE,2025,2025-10-26,0,11:45:00,Local,0,0,0.0,42.38871659,-71.08225231,0,2025-10-26 11:45:00,4.321746648251202,0.0,0.9697477734622415
1422,SomervillePD,25066897,SOMERVILLE,2025,2025-10-26,0,18:43:00,,0,0,0.0,42.3817,-71.0839,,2025-10-26 18:43:00,MassDOT,5597213,SOMERVILLE,2025,2025-10-26,0,18:43:00,Local,0,0,0.0,42.38166925,-71.08385283,0,2025-10-26 18:43:00,5.15834067824556,0.0,0.963891615252281
1423,MassDOT,5596696,SOMERVILLE,2025,2025-10-28,2,07:53:00,Local,0,0,0.0,42.38908928,-71.08667704,0,2025-10-28 07:53:00,SomervillePD,25067201,SOMERVILLE,2025,2025-10-28,2,07:53:00,,0,0,0.0,42.389,-71.0868,,2025-10-28 07:53:00,14.13606277017947,0.0,0.9010475606087436
1424,MassDOT,5596697,SOMERVILLE,2025,2025-10-28,0,17:45:00,Local,0,0,0.0,42.40083419,-71.11739575,0,2025-10-28 17:45:00,SomervillePD,25067331,SOMERVILLE,2025,2025-10-28,0,17:45:00,,0,0,0.0,42.4007,-71.1174,,2025-10-28 17:45:00,14.899163129379128,0.0,0.895705858094346
1425,SomervillePD,25067542,SOMERVILLE,2025,2025-10-29,0,13:43:00,,0,0,0.0,42.387,-71.1088,,2025-10-29 13:43:00,MassDOT,5596702,SOMERVILLE,2025,2025-10-29,0,13:43:00,Local,0,0,0.0,42.38722465,-71.10851259,0,2025-10-29 13:43:00,34.308135852141,0.0,0.759843049035013
1426,SomervillePD,25067826,SOMERVILLE,2025,2025-10-30,0,22:18:00,,0,0,0.0,42.3908,-71.0912,,2025-10-30 22:18:00,MassDOT,5596700,SOMERVILLE,2025,2025-10-30,0,22:18:00,Local,0,0,0.0,42.39100077,-71.09097806,0,2025-10-30 22:18:00,28.769630943398848,0.0,0.798612583396208
1427,MassDOT,5596689,SOMERVILLE,2025,2025-10-31,0,13:32:00,Local,0,0,0.0,42.38853059,-71.10956887,0,2025-10-31 13:32:00,SomervillePD,25067962,SOMERVILLE,2025,2025-10-31,0,13:32:00,,0,0,0.0,42.3884,-71.1097,,2025-10-31 13:32:00,18.046951823306827,0.0,0.8736713372368521
1428,MassDOT,5607854,SOMERVILLE,2025,2025-11-01,0,00:55:00,Local,0,0,0.0,42.40649593,-71.12126045,0,2025-11-01 00:55:00,SomervillePD,25068117,SOMERVILLE,2025,2025-11-01,0,00:55:00,,0,0,0.0,42.4063,-71.1214,,2025-11-01 00:55:00,24.572393171983496,0.0,0.8279932477961154
1429,SomervillePD,25068134,SOMERVILLE,2025,2025-11-01,0,01:50:00,,0,0,0.0,42.4074,-71.1297,,2025-11-01 01:50:00,MassDOT,5607845,SOMERVILLE,2025,2025-11-01,0,01:50:00,Local,0,0,0.0,42.40717745,-71.12983336,0,2025-11-01 01:50:00,27.013077528941306,0.0,0.8109084572974108
1430,SomervillePD,25069235,SOMERVILLE,2025,2025-11-05,0,17:03:00,,0,0,0.0,42.3941,-71.1168,,2025-11-05 17:03:00,MassDOT,5607853,SOMERVILLE,2025,2025-11-05,0,17:03:00,Local,0,0,0.0,42.39410799,-71.11681053,0,2025-11-05 17:03:00,1.237620790245184,0.0,0.9913366544682836
1431,SomervillePD,25069465,SOMERVILLE,2025,2025-11-06,2,15:28:00,,0,0,0.0,42.3814,-71.0863,,2025-11-06 15:28:00,MassDOT,5607858,SOMERVILLE,2025,2025-11-06,2,15:28:00,Local,0,1,0.0,42.38132804,-71.08615891,0,2025-11-06 15:28:00,14.058032670254335,0.0,0.9015937713082196
1432,MassDOT,5607860,SOMERVILLE,2025,2025-11-07,2,08:45:00,Local,1,0,0.0,42.40220418,-71.12668657,0,2025-11-07 08:45:00,SomervillePD,25069606,SOMERVILLE,2025,2025-11-07,2,08:45:00,,1,0,0.0,42.4022,-71.1269,,2025-11-07 08:45:00,17.500083364570695,0.0,0.877499416448005
1433,SomervillePD,25069834,SOMERVILLE,2025,2025-11-08,2,02:10:00,,0,0,0.0,42.3745,-71.0969,,2025-11-08 02:10:00,MassDOT,5607872,SOMERVILLE,2025,2025-11-08,2,02:10:00,Local,0,0,0.0,42.37466895,-71.09722336,0,2025-11-08 02:10:00,32.47762842590841,0.0,0.7726566010186411
1434,SomervillePD,25069911,SOMERVILLE,2025,2025-11-08,0,12:28:00,,0,0,0.0,42.389,-71.1052,,2025-11-08 12:28:00,MassDOT,5607846,SOMERVILLE,2025,2025-11-08,0,12:28:00,Local,0,0,0.0,42.38902501,-71.10522784,0,2025-11-08 12:28:00,3.593905376355197,0.0,0.9748426623655135
1435,SomervillePD,25070207,SOMERVILLE,2025,2025-11-09,0,18:08:00,,0,0,0.0,42.3854,-71.1152,,2025-11-09 18:08:00,MassDOT,5607866,SOMERVILLE,2025,2025-11-09,0,18:08:00,Local,0,0,0.0,42.38542786,-71.11520644,0,2025-11-09 18:08:00,3.1372110370825657,0.0,0.9780395227404219
1436,SomervillePD,25070652,SOMERVILLE,2025,2025-11-11,0,14:01:00,,0,0,0.0,42.3839,-71.0934,,2025-11-11 14:01:00,MassDOT,5607862,SOMERVILLE,2025,2025-11-11,0,14:01:00,Local,0,0,0.0,42.38377909,-71.09314747,0,2025-11-11 14:01:00,24.67414335631853,0.0,0.8272809965057701
1437,MassDOT,5607873,SOMERVILLE,2025,2025-11-11,0,18:28:00,Local,0,1,0.0,42.38634382,-71.11066769,0,2025-11-11 18:28:00,SomervillePD,25070705,SOMERVILLE,2025,2025-11-11,2,18:28:00,,0,1,0.0,42.3863,-71.1107,,2025-11-11 18:28:00,5.538572494694135,0.0,0.961229992537141
1438,SomervillePD,25070716,SOMERVILLE,2025,2025-11-11,2,19:53:00,,0,1,0.0,42.3896,-71.1007,,2025-11-11 19:53:00,MassDOT,5607905,SOMERVILLE,2025,2025-11-11,2,19:53:00,Local,0,1,0.0,42.38954542,-71.10070122,0,2025-11-11 19:53:00,6.0592055476969415,0.0,0.9575855611661213
1439,SomervillePD,25071093,SOMERVILLE,2025,2025-11-13,0,10:20:00,,0,0,0.0,42.3746,-71.085,,2025-11-13 10:20:00,MassDOT,5607867,SOMERVILLE,2025,2025-11-13,0,10:20:00,Local,0,0,0.0,42.37490626,-71.08469349,0,2025-11-13 10:20:00,42.277486315446865,0.0,0.7040575957918719
1440,MassDOT,5607871,SOMERVILLE,2025,2025-11-13,0,21:56:00,Local,0,0,0.0,42.39271282,-71.09478256,0,2025-11-13 21:56:00,SomervillePD,25071271,SOMERVILLE,2025,2025-11-13,0,21:56:00,,0,0,0.0,42.3928,-71.095,,2025-11-13 21:56:00,20.28264304185142,0.0,0.85802149870704
1441,MassDOT,5607856,SOMERVILLE,2025,2025-11-14,0,11:55:00,Local,0,0,0.0,42.39100077,-71.09097806,0,2025-11-14 11:55:00,SomervillePD,25071400,SOMERVILLE,2025,2025-11-14,0,11:55:00,,0,0,0.0,42.3908,-71.0912,,2025-11-14 11:55:00,28.76959413680309,0.0,0.7986128410423783
1442,MassDOT,5607892,SOMERVILLE,2025,2025-11-18,0,06:18:00,Local,0,0,0.0,42.40119637,-71.11709246,0,2025-11-18 06:18:00,SomervillePD,25072317,SOMERVILLE,2025,2025-11-18,0,06:18:00,,0,0,0.0,42.4012,-71.1164,,2025-11-18 06:18:00,56.76028510000268,0.0,0.6026780042999812
1443,SomervillePD,25072494,SOMERVILLE,2025,2025-11-18,2,18:13:00,,0,0,0.0,42.3962,-71.0905,,2025-11-18 18:13:00,MassDOT,5607870,SOMERVILLE,2025,2025-11-18,2,18:13:00,Local,0,0,0.0,42.39641808,-71.0901604,0,2025-11-18 18:13:00,36.89090102998648,0.0,0.7417636927900946
1444,SomervillePD,25072775,SOMERVILLE,2025,2025-11-20,0,00:05:00,,0,0,1.0,42.3884,-71.1034,,2025-11-20 00:05:00,MassDOT,5607874,SOMERVILLE,2025,2025-11-20,0,00:05:00,Local,0,0,0.0,42.38841507,-71.10342838,0,2025-11-20 00:05:00,2.865602831111123,0.0,0.979940780182222
1445,SomervillePD,25072981,SOMERVILLE,2025,2025-11-20,0,18:26:00,,0,0,0.0,42.3883,-71.1038,,2025-11-20 18:26:00,MassDOT,5607883,SOMERVILLE,2025,2025-11-20,0,18:26:00,Local,0,0,0.0,42.38850106,-71.10368269,0,2025-11-20 18:26:00,24.30174248230107,0.0,0.8298878026238925
1446,SomervillePD,25073001,SOMERVILLE,2025,2025-11-20,2,19:37:00,,0,1,0.0,42.3991,-71.1197,,2025-11-20 19:37:00,MassDOT,5607875,SOMERVILLE,2025,2025-11-20,2,19:37:00,Local,0,1,0.0,42.39905242,-71.11975514,0,2025-11-20 19:37:00,6.951378255879247,0.0,0.9513403522088453
1447,SomervillePD,25073498,SOMERVILLE,2025,2025-11-22,0,19:09:00,,0,0,0.0,42.3902,-71.1035,,2025-11-22 19:09:00,MassDOT,5607864,SOMERVILLE,2025,2025-11-22,0,19:09:00,Local,0,0,0.0,42.39008904,-71.10362322,0,2025-11-22 19:09:00,15.929307108108596,0.0,0.8884948502432397
1448,MassDOT,5607884,SOMERVILLE,2025,2025-11-23,0,19:18:00,Local,0,0,0.0,42.38960217,-71.09685256,0,2025-11-23 19:18:00,SomervillePD,25073689,SOMERVILLE,2025,2025-11-23,0,19:18:00,,0,0,0.0,42.3895,-71.0966,,2025-11-23 19:18:00,23.607819550308562,0.0,0.83474526314784
1449,MassDOT,5607878,SOMERVILLE,2025,2025-11-24,0,21:31:00,Local,0,0,0.0,42.40103934,-71.12614634,0,2025-11-24 21:31:00,SomervillePD,25073928,SOMERVILLE,2025,2025-11-24,0,21:31:00,,0,0,0.0,42.401,-71.1261,,2025-11-24 21:31:00,5.787568749167993,0.0,0.959487018755824
1450,SomervillePD,25074321,SOMERVILLE,2025,2025-11-26,2,17:06:00,,0,0,0.0,42.3903,-71.1077,,2025-11-26 17:06:00,MassDOT,5607879,SOMERVILLE,2025,2025-11-26,2,17:06:00,Local,0,0,0.0,42.3901268,-71.10777332,0,2025-11-26 17:06:00,20.142958660677674,0.0,0.8589992893752563
1451,SomervillePD,25074454,SOMERVILLE,2025,2025-11-27,2,10:51:00,,0,0,0.0,42.3851,-71.0861,,2025-11-27 10:51:00,MassDOT,5607888,SOMERVILLE,2025,2025-11-27,2,10:51:00,Local,0,0,0.0,42.38515121,-71.0860806,0,2025-11-27 10:51:00,5.902650630203692,0.0,0.9586814455885742
1452,SomervillePD,25074818,SOMERVILLE,2025,2025-11-29,0,15:16:00,,0,0,0.0,42.3815,-71.0949,,2025-11-29 15:16:00,MassDOT,5607868,SOMERVILLE,2025,2025-11-29,0,15:16:00,Local,0,0,0.0,42.38170347,-71.09487306,0,2025-11-29 15:16:00,22.69292996047802,0.0,0.8411494902766539
1453,MassDOT,5607876,SOMERVILLE,2025,2025-11-29,2,18:42:00,Local,1,0,1.0,42.38101889,-71.09717249,0,2025-11-29 18:42:00,SomervillePD,25074854,SOMERVILLE,2025,2025-11-29,2,18:42:00,,1,0,0.0,42.381,-71.0972,,2025-11-29 18:42:00,3.079679343633247,0.0,0.9784422445945673
1454,SomervillePD,25075606,SOMERVILLE,2025,2025-12-03,0,17:03:00,,0,0,0.0,42.3965,-71.1218,,2025-12-03 17:03:00,MassDOT,5651231,SOMERVILLE,2025,2025-12-03,0,17:03:00,Local,0,0,0.0,42.39632363,-71.12192631,0,2025-12-03 17:03:00,22.146500527458606,0.0,0.8449744963077896
1455,SomervillePD,25075808,SOMERVILLE,2025,2025-12-04,0,15:46:00,,0,0,0.0,42.3834,-71.0997,,2025-12-04 15:46:00,MassDOT,5651218,SOMERVILLE,2025,2025-12-04,0,15:46:00,Local,0,0,0.0,42.38349266,-71.09955112,0,2025-12-04 15:46:00,15.962149329761429,0.0,0.8882649546916699
1456,SomervillePD,25075831,SOMERVILLE,2025,2025-12-04,2,17:06:00,,0,1,0.0,42.4063,-71.1333,,2025-12-04 17:06:00,MassDOT,5651228,SOMERVILLE,2025,2025-12-04,2,17:06:00,Local,0,1,0.0,42.40655523,-71.13284627,0,2025-12-04 17:06:00,46.74992306779234,0.0,0.6727505385254536
1457,SomervillePD,25075934,SOMERVILLE,2025,2025-12-05,0,08:13:00,,0,0,0.0,42.3851,-71.1132,,2025-12-05 08:13:00,MassDOT,5651232,SOMERVILLE,2025,2025-12-05,0,08:13:00,Local,0,0,0.0,42.38520077,-71.11305157,0,2025-12-05 08:13:00,16.5290946650651,0.0,0.8842963373445443
1458,SomervillePD,25075976,SOMERVILLE,2025,2025-12-05,2,11:16:00,,0,0,1.0,42.38,-71.0974,,2025-12-05 11:16:00,MassDOT,5651216,SOMERVILLE,2025,2025-12-05,2,11:16:00,Local,0,0,1.0,42.38022005,-71.097097,0,2025-12-05 11:16:00,34.84036275806903,0.0,0.7561174606935167
1459,MassDOT,5651233,SOMERVILLE,2025,2025-12-07,0,07:51:00,Local,0,0,0.0,42.39905087,-71.08628291,0,2025-12-07 07:51:00,SomervillePD,25076372,SOMERVILLE,2025,2025-12-07,0,07:51:00,,0,0,0.0,42.3989,-71.0864,,2025-12-07 07:51:00,19.30197334599757,0.0,0.8648861865780169
1460,SomervillePD,25076704,SOMERVILLE,2025,2025-12-08,2,17:14:00,,0,0,0.0,42.4012,-71.1164,,2025-12-08 17:14:00,MassDOT,5651226,SOMERVILLE,2025,2025-12-08,2,17:14:00,Local,0,0,0.0,42.4012036,-71.11640613,0,2025-12-08 17:14:00,0.641984234748309,0.0,0.9955061103567617
1461,MassDOT,5651227,SOMERVILLE,2025,2025-12-09,0,18:19:00,Local,0,0,0.0,42.39122012,-71.11021202,0,2025-12-09 18:19:00,SomervillePD,25076905,SOMERVILLE,2025,2025-12-09,0,18:19:00,,0,0,0.0,42.3912,-71.1102,,2025-12-09 18:19:00,2.441051179989891,0.0,0.9829126417400706
1462,SomervillePD,25077042,SOMERVILLE,2025,2025-12-10,0,10:17:00,,0,0,0.0,42.3773,-71.0959,,2025-12-10 10:17:00,MassDOT,5651237,SOMERVILLE,2025,2025-12-10,0,10:17:00,Local,0,0,0.0,42.37746543,-71.09574225,0,2025-12-10 10:17:00,22.46129175674089,0.0,0.8427709577028137
1463,SomervillePD,25077048,SOMERVILLE,2025,2025-12-10,2,10:43:00,,0,0,0.0,42.3817,-71.0839,,2025-12-10 10:43:00,MassDOT,5651285,SOMERVILLE,2025,2025-12-10,2,10:43:00,Local,0,0,0.0,42.38166925,-71.08385283,0,2025-12-10 10:43:00,5.15834067824556,0.0,0.963891615252281
1464,SomervillePD,25077255,SOMERVILLE,2025,2025-12-11,0,11:26:00,,0,0,0.0,42.3881,-71.0786,,2025-12-11 11:26:00,MassDOT,5651229,SOMERVILLE,2025,2025-12-11,0,11:26:00,Local,0,0,0.0,42.38775931,-71.07864382,0,2025-12-11 11:26:00,37.98685091007331,0.0,0.7340920436294869
1465,SomervillePD,25077334,SOMERVILLE,2025,2025-12-11,2,17:03:00,,0,1,0.0,42.3879,-71.0836,,2025-12-11 17:03:00,MassDOT,5651258,SOMERVILLE,2025,2025-12-11,2,17:03:00,Local,0,1,0.0,42.38782617,-71.08389373,0,2025-12-11 17:03:00,25.437518672606235,0.0,0.8219373692917562
1466,SomervillePD,25077350,SOMERVILLE,2025,2025-12-11,0,18:34:00,,0,0,0.0,42.3868,-71.117,,2025-12-11 18:34:00,MassDOT,5651236,SOMERVILLE,2025,2025-12-11,0,18:34:00,Local,0,0,0.0,42.38668672,-71.11689129,0,2025-12-11 18:34:00,15.412438370863537,0.0,0.8921129314039553
1467,SomervillePD,25077504,SOMERVILLE,2025,2025-12-12,0,13:53:00,,0,0,0.0,42.3953,-71.1194,,2025-12-12 13:53:00,MassDOT,5651240,SOMERVILLE,2025,2025-12-12,0,13:53:00,Local,0,0,0.0,42.3952347,-71.11942379,0,2025-12-12 13:53:00,7.506067273520019,0.0,0.9474575290853597
1468,MassDOT,5651273,SOMERVILLE,2025,2025-12-13,0,22:00:00,Local,0,0,0.0,42.3838774,-71.09132061,0,2025-12-13 22:00:00,SomervillePD,25077765,SOMERVILLE,2025,2025-12-13,0,22:00:00,,0,0,0.0,42.3841,-71.0918,,2025-12-13 22:00:00,46.42625912101727,0.0,0.6750161861528792
1469,MassDOT,5651264,BOSTON,2025,2025-12-14,2,19:56:00,Local,0,0,0.0,42.38214392,-71.08085905,0,2025-12-14 19:56:00,SomervillePD,25077921,SOMERVILLE,2025,2025-12-14,2,19:56:00,,0,0,0.0,42.3823,-71.0812,,2025-12-14 19:56:00,32.88830422980989,0.0,0.7697818703913308
1470,MassDOT,5651271,SOMERVILLE,2025,2025-12-15,0,11:54:00,Local,0,0,0.0,42.37864321,-71.09441144,0,2025-12-15 11:54:00,SomervillePD,25078028,SOMERVILLE,2025,2025-12-15,0,11:54:00,,0,0,0.0,42.378,-71.0949,,2025-12-15 11:54:00,81.86727682844679,0.0,0.42692906220087246
1471,SomervillePD,25078262,SOMERVILLE,2025,2025-12-16,2,11:40:00,,1,0,0.0,42.3833,-71.1068,,2025-12-16 11:40:00,MassDOT,5651238,SOMERVILLE,2025,2025-12-16,2,11:40:00,Local,1,0,0.0,42.38331389,-71.10688447,0,2025-12-16 11:40:00,7.095265133322611,0.0,0.9503331440667417
1472,MassDOT,5651246,SOMERVILLE,2025,2025-12-17,0,06:30:00,Local,0,0,0.0,42.39232304,-71.09715944,0,2025-12-17 06:30:00,SomervillePD,25078444,SOMERVILLE,2025,2025-12-17,0,06:30:00,,0,0,0.0,42.3925,-71.0968,,2025-12-17 06:30:00,35.41323996614475,0.0,0.7521073202369868
1473,MassDOT,5651246,SOMERVILLE,2025,2025-12-17,0,06:30:00,Local,0,0,0.0,42.39232304,-71.09715944,0,2025-12-17 06:30:00,SomervillePD,250784444,SOMERVILLE,2025,2025-12-17,0,06:30:00,,0,0,0.0,42.3925,-71.0968,,2025-12-17 06:30:00,35.41323996614475,0.0,0.7521073202369868
1474,MassDOT,5651234,SOMERVILLE,2025,2025-12-17,0,06:30:00,Local,0,0,0.0,42.39232304,-71.09715944,0,2025-12-17 06:30:00,SomervillePD,25078444,SOMERVILLE,2025,2025-12-17,0,06:30:00,,0,0,0.0,42.3925,-71.0968,,2025-12-17 06:30:00,35.41323996614475,0.0,0.7521073202369868
1475,MassDOT,5651234,SOMERVILLE,2025,2025-12-17,0,06:30:00,Local,0,0,0.0,42.39232304,-71.09715944,0,2025-12-17 06:30:00,SomervillePD,250784444,SOMERVILLE,2025,2025-12-17,0,06:30:00,,0,0,0.0,42.3925,-71.0968,,2025-12-17 06:30:00,35.41323996614475,0.0,0.7521073202369868
1476,MassDOT,5651245,SOMERVILLE,2025,2025-12-17,0,11:02:00,Local,0,0,0.0,42.40020484,-71.11959442,0,2025-12-17 11:02:00,SomervillePD,25078512,SOMERVILLE,2025,2025-12-17,0,11:02:00,,0,0,0.0,42.4002,-71.1194,,2025-12-17 11:02:00,15.945325153312469,0.0,0.8883827239268127
1477,SomervillePD,25078799,SOMERVILLE,2025,2025-12-18,0,16:26:00,,0,0,0.0,42.3866,-71.1137,,2025-12-18 16:26:00,MassDOT,5651244,SOMERVILLE,2025,2025-12-18,0,16:26:00,Local,0,0,0.0,42.3866604,-71.11341738,0,2025-12-18 16:26:00,24.12134757345843,0.0,0.831150566985791
1478,SomervillePD,25078918,SOMERVILLE,2025,2025-12-19,0,08:48:00,,0,0,0.0,42.3981,-71.107,,2025-12-19 08:48:00,MassDOT,5651243,SOMERVILLE,2025,2025-12-19,0,08:48:00,Local,0,0,0.0,42.3981786,-71.10695804,0,2025-12-19 08:48:00,9.378103982854565,0.0,0.9343532721200181
1479,MassDOT,5651242,SOMERVILLE,2025,2025-12-19,0,23:38:00,Local,0,0,0.0,42.38898945,-71.08477331,0,2025-12-19 23:38:00,SomervillePD,25079100,SOMERVILLE,2025,2025-12-19,0,23:38:00,,0,0,0.0,42.3897,-71.0843,,2025-12-19 23:38:00,87.89961079514495,0.0,0.3847027244339853
1480,SomervillePD,25079238,SOMERVILLE,2025,2025-12-20,2,16:42:00,,0,1,0.0,42.3939,-71.0953,,2025-12-20 16:42:00,MassDOT,5651277,SOMERVILLE,2025,2025-12-20,2,16:42:00,Local,0,1,0.0,42.39358326,-71.09512398,0,2025-12-20 16:42:00,38.004018685641505,0.0,0.7339718692005095
1481,MassDOT,5651276,SOMERVILLE,2025,2025-12-22,0,20:24:00,Local,0,0,0.0,42.39064058,-71.1138604,0,2025-12-22 20:24:00,SomervillePD,25079655,SOMERVILLE,2025,2025-12-22,0,20:24:00,,0,0,0.0,42.3908,-71.1138,,2025-12-22 20:24:00,18.375355507883654,0.0,0.8713725114448143
1482,MassDOT,5651249,SOMERVILLE,2025,2025-12-24,0,13:13:00,Local,0,0,0.0,42.38499062,-71.09428562,0,2025-12-24 13:13:00,SomervillePD,25079973,SOMERVILLE,2025,2025-12-24,0,13:13:00,,0,0,0.0,42.3848,-71.0942,,2025-12-24 13:13:00,22.292904908225577,0.0,0.843949665642421
1483,MassDOT,5613455,BOSTON,2025,2025-12-25,0,00:19:00,Local,0,0,0.0,42.30439767,-71.08476257,0,2025-12-25 00:19:00,BostonVisionZero,33448,BOSTON,2025,2025-12-25,,00:57:48,,0,0,,42.30479651226872,-71.08466155606801,,2025-12-25 00:57:48,45.04144409051031,2328.0,0.49070989136642773
1484,SomervillePD,25080318,SOMERVILLE,2025,2025-12-27,0,04:06:00,,0,0,0.0,42.401,-71.1271,,2025-12-27 04:06:00,MassDOT,5651263,SOMERVILLE,2025,2025-12-27,0,04:06:00,Local,0,0,0.0,42.40145323,-71.1268613,0,2025-12-27 04:06:00,53.979256068985684,0.0,0.6221452075171001
1485,MassDOT,5613869,BOSTON,2025,2025-12-29,0,21:25:00,State,0,0,0.0,42.2934588,-71.04755532,0,2025-12-29 21:25:00,BostonVisionZero,899,BOSTON,2025,2025-12-29,,21:44:33,,0,0,,42.293474371372355,-71.04754825063853,,2025-12-29 21:44:33,1.8232838016177593,1173.0,0.8894870133886756
1486,MassDOT,5651305,SOMERVILLE,2025,2025-12-29,0,22:13:00,Local,0,0,0.0,42.40009181,-71.11271118,0,2025-12-29 22:13:00,SomervillePD,25080744,SOMERVILLE,2025,2025-12-29,0,22:13:00,,0,0,0.0,42.4001,-71.1128,,2025-12-29 22:13:00,7.3369736989252745,0.0,0.9486411841075231
1487,MassDOT,5651262,SOMERVILLE,2025,2025-12-31,0,11:57:00,Local,0,0,0.0,42.39331866,-71.11159072,0,2025-12-31 11:57:00,SomervillePD,25081047,SOMERVILLE,2025,2025-12-31,0,11:57:00,,0,0,0.0,42.3934,-71.1116,,2025-12-31 11:57:00,9.060733145593526,0.0,0.9365748679808452
1488,MassDOT,5651265,SOMERVILLE,2025,2025-12-31,0,17:58:00,Local,0,0,0.0,42.39599679,-71.08094877,0,2025-12-31 17:58:00,SomervillePD,25081111,SOMERVILLE,2025,2025-12-31,0,17:58:00,,0,0,0.0,42.3958,-71.0809,,2025-12-31 17:58:00,22.206523463216,0.0,0.8445543357574881
1489,SomervillePD,26000027,SOMERVILLE,2026,2026-01-01,2,01:27:00,,0,0,0.0,42.3799,-71.0968,,2026-01-01 01:27:00,MassDOT,5651248,SOMERVILLE,2026,2026-01-01,2,01:27:00,Local,0,0,0.0,42.38004491,-71.09667758,0,2026-01-01 01:27:00,18.960090510050474,0.0,0.8672793664296465
1490,SomervillePD,26000082,SOMERVILLE,2026,2026-01-01,0,10:40:00,,0,0,0.0,42.3955,-71.0838,,2026-01-01 10:40:00,MassDOT,5651250,SOMERVILLE,2026,2026-01-01,0,10:40:00,Local,0,0,0.0,42.39594005,-71.08390463,0,2026-01-01 10:40:00,49.592866461051734,0.0,0.6528499347726379
1491,SomervillePD,26000476,SOMERVILLE,2026,2026-01-03,0,17:29:00,,0,0,1.0,42.393,-71.0806,,2026-01-03 17:29:00,MassDOT,5651358,SOMERVILLE,2026,2026-01-03,0,17:29:00,Local,0,0,1.0,42.39298381,-71.08053812,0,2026-01-03 17:29:00,5.381693202906743,0.0,0.9623281475796528
1492,SomervillePD,26000683,SOMERVILLE,2026,2026-01-04,2,18:31:00,,0,0,0.0,42.4015,-71.1222,,2026-01-04 18:31:00,MassDOT,5651290,SOMERVILLE,2026,2026-01-04,2,18:31:00,Local,0,0,0.0,42.4014581,-71.12222455,0,2026-01-04 18:31:00,5.067557604363918,0.0,0.9645270967694526
1493,SomervillePD,26000705,SOMERVILLE,2026,2026-01-04,0,22:22:00,,0,0,0.0,42.3885,-71.0985,,2026-01-04 22:22:00,MassDOT,5651267,SOMERVILLE,2026,2026-01-04,0,22:22:00,Local,0,0,0.0,42.38827741,-71.09847938,0,2026-01-04 22:22:00,24.765255016574308,0.0,0.8266432148839797
1494,MassDOT,5651284,SOMERVILLE,2026,2026-01-05,0,13:42:00,Local,0,0,0.0,42.39406088,-71.09946804,0,2026-01-05 13:42:00,SomervillePD,26000818,SOMERVILLE,2026,2026-01-05,0,13:42:00,,0,0,0.0,42.3943,-71.0991,,2026-01-05 13:42:00,40.184042940088936,0.0,0.7187116994193774
1495,SomervillePD,26000906,SOMERVILLE,2026,2026-01-06,0,00:27:00,,0,0,0.0,42.3887,-71.0934,,2026-01-06 00:27:00,MassDOT,5651272,SOMERVILLE,2026,2026-01-06,0,00:27:00,Local,0,0,0.0,42.3885928,-71.09359098,0,2026-01-06 00:27:00,19.665654572208805,0.0,0.8623404179945384
1496,MassDOT,5651252,SOMERVILLE,2026,2026-01-06,2,12:10:00,Local,0,0,0.0,42.39472793,-71.09764916,0,2026-01-06 12:10:00,SomervillePD,26000986,SOMERVILLE,2026,2026-01-06,2,12:10:00,,0,0,0.0,42.3948,-71.0976,,2026-01-06 12:10:00,8.957483559420952,0.0,0.9372976150840533
1497,MassDOT,5651266,SOMERVILLE,2026,2026-01-07,0,00:38:00,Local,0,0,0.0,42.4083996,-71.12868221,0,2026-01-07 00:38:00,SomervillePD,26001089,SOMERVILLE,2026,2026-01-07,0,00:38:00,,0,0,0.0,42.4086,-71.1288,,2026-01-07 00:38:00,24.24889357851114,0.0,0.830257744950422
1498,MassDOT,5651303,SOMERVILLE,2026,2026-01-09,0,10:40:00,Local,0,0,0.0,42.40329341,-71.12724649,0,2026-01-09 10:40:00,SomervillePD,26001602,SOMERVILLE,2026,2026-01-09,0,10:40:00,,0,0,0.0,42.4027,-71.1272,,2026-01-09 10:40:00,65.97863785735778,0.0,0.5381495349984955
1499,SomervillePD,26001625,SOMERVILLE,2026,2026-01-09,0,13:38:00,,0,0,0.0,42.3901,-71.0817,,2026-01-09 13:38:00,MassDOT,5651289,SOMERVILLE,2026,2026-01-09,0,13:38:00,Local,0,0,0.0,42.38997235,-71.08144722,0,2026-01-09 13:38:00,25.10416349015407,0.0,0.8242708555689215
1500,MassDOT,5651319,SOMERVILLE,2026,2026-01-09,2,18:51:00,Local,0,0,0.0,42.39882481,-71.12868092,0,2026-01-09 18:51:00,SomervillePD,26001695,SOMERVILLE,2026,2026-01-09,2,18:51:00,,0,0,0.0,42.3988,-71.1286,,2026-01-09 18:51:00,7.181988407796218,0.0,0.9497260811454264
1501,BostonVisionZero,19159,BOSTON,2026,2026-01-10,,06:18:00,,0,0,,42.35705648288483,-71.05135598810772,,2026-01-10 06:18:00,MassDOT,5619441,BOSTON,2026,2026-01-10,2,07:15:00,State,0,0,0.0,42.35757152,-71.05117785,1,2026-01-10 07:15:00,59.00686684888915,3420.0,0.30195193205777593
1502,MassDOT,5651257,SOMERVILLE,2026,2026-01-12,0,08:26:00,Local,0,0,0.0,42.38842983,-71.09555626,0,2026-01-12 08:26:00,SomervillePD,26002116,SOMERVILLE,2026,2026-01-12,0,08:26:00,,0,0,0.0,42.3884,-71.0953,,2026-01-12 08:26:00,21.2684553407368,0.0,0.8511208126148424
1503,MassDOT,5651357,SOMERVILLE,2026,2026-01-13,0,08:54:00,Local,0,0,0.0,42.39950518,-71.11099203,0,2026-01-13 08:54:00,SomervillePD,26002282,SOMERVILLE,2026,2026-01-13,0,08:54:00,,0,0,0.0,42.3993,-71.1109,,2026-01-13 08:54:00,23.99178993640825,0.0,0.8320574704451422
1504,SomervillePD,26002390,SOMERVILLE,2026,2026-01-13,2,18:23:00,,0,1,0.0,42.3941,-71.1206,,2026-01-13 18:23:00,MassDOT,5651278,SOMERVILLE,2026,2026-01-13,2,18:23:00,Local,0,1,0.0,42.39407166,-71.12061935,0,2026-01-13 18:23:00,3.5230439763180232,0.0,0.9753386921657738
1505,SomervillePD,26002772,SOMERVILLE,2026,2026-01-15,2,15:48:00,,0,0,0.0,42.3882,-71.0851,,2026-01-15 15:48:00,MassDOT,5651283,SOMERVILLE,2026,2026-01-15,2,15:48:00,Local,0,0,0.0,42.38822154,-71.08508667,0,2026-01-15 15:48:00,2.6288603526686205,0.0,0.9815979775313197
1506,MassDOT,5651274,SOMERVILLE,2026,2026-01-16,0,08:15:00,Local,0,0,0.0,42.38926861,-71.08796704,0,2026-01-16 08:15:00,SomervillePD,26002917,SOMERVILLE,2026,2026-01-16,0,08:15:00,,0,0,0.0,42.389,-71.0884,,2026-01-16 08:15:00,46.35605249789501,0.0,0.6755076325147349
1507,SomervillePD,26003023,SOMERVILLE,2026,2026-01-16,0,19:08:00,,0,0,0.0,42.383,-71.1044,,2026-01-16 19:08:00,MassDOT,5651293,SOMERVILLE,2026,2026-01-16,0,19:08:00,Local,0,0,0.0,42.38276936,-71.10447004,0,2026-01-16 19:08:00,26.23720774799951,0.0,0.8163395457640035
1508,SomervillePD,26003138,SOMERVILLE,2026,2026-01-17,2,11:15:00,,0,0,1.0,42.4025,-71.127,,2026-01-17 11:15:00,MassDOT,5651314,SOMERVILLE,2026,2026-01-17,2,11:15:00,Local,0,0,1.0,42.40255023,-71.12684,0,2026-01-17 11:15:00,14.250445050216342,0.0,0.9002468846484855
1509,MassDOT,5651320,SOMERVILLE,2026,2026-01-17,0,15:09:00,Local,0,0,0.0,42.38888774,-71.0813556,0,2026-01-17 15:09:00,SomervillePD,26003189,SOMERVILLE,2026,2026-01-17,0,15:09:00,,0,0,0.0,42.3888,-71.0814,,2026-01-17 15:09:00,10.39715324604049,0.0,0.9272199272777164
1510,SomervillePD,26003401,SOMERVILLE,2026,2026-01-18,0,21:47:00,,0,0,0.0,42.3999,-71.1198,,2026-01-18 21:47:00,MassDOT,5651275,SOMERVILLE,2026,2026-01-18,0,21:47:00,Local,0,0,0.0,42.39994119,-71.11984963,0,2026-01-18 21:47:00,6.11992544076865,0.0,0.9571605219146193
1511,SomervillePD,26003703,SOMERVILLE,2026,2026-01-20,0,13:49:00,,0,0,0.0,42.4007,-71.1174,,2026-01-20 13:49:00,MassDOT,5651297,SOMERVILLE,2026,2026-01-20,0,13:49:00,Local,0,0,0.0,42.40119637,-71.11709246,0,2026-01-20 13:49:00,60.58998880265332,0.0,0.5758700783814267
1512,MassDOT,5651281,SOMERVILLE,2026,2026-01-22,0,06:29:00,Local,0,0,0.0,42.39559907,-71.08908739,0,2026-01-22 06:29:00,SomervillePD,26004016,SOMERVILLE,2026,2026-01-22,0,06:29:00,,0,0,0.0,42.3956,-71.0891,,2026-01-22 06:29:00,1.0388375602371958,0.0,0.9927281370783396
1513,SomervillePD,26004588,SOMERVILLE,2026,2026-01-25,2,11:09:00,,0,0,0.0,42.3851,-71.0888,,2026-01-25 11:09:00,MassDOT,5651287,SOMERVILLE,2026,2026-01-25,2,11:09:00,Local,0,0,0.0,42.3849715,-71.0888829,0,2026-01-25 11:09:00,15.800126524640719,0.0,0.8893991143275148
1514,SomervillePD,26004643,SOMERVILLE,2026,2026-01-25,0,14:39:00,,0,0,0.0,42.3913,-71.1102,,2026-01-25 14:39:00,MassDOT,5651311,SOMERVILLE,2026,2026-01-25,0,14:39:00,Local,0,0,0.0,42.39126399,-71.1103067,0,2026-01-25 14:39:00,9.617243742249507,0.0,0.9326792938042534
1515,SomervillePD,26004659,SOMERVILLE,2026,2026-01-25,2,15:40:00,,0,0,0.0,42.3912,-71.1106,,2026-01-25 15:40:00,MassDOT,5651282,SOMERVILLE,2026,2026-01-25,2,15:40:00,Local,0,0,0.0,42.39122012,-71.11021202,0,2026-01-25 15:40:00,31.884925518189664,0.0,0.7768055213726723
1516,MassDOT,5651360,SOMERVILLE,2026,2026-01-25,0,15:52:00,Local,0,0,0.0,42.38898264,-71.09084431,0,2026-01-25 15:52:00,SomervillePD,26004665,SOMERVILLE,2026,2026-01-25,0,15:52:00,,0,0,0.0,42.389,-71.0909,,2026-01-25 15:52:00,4.955617850224908,0.0,0.9653106750484255
1517,SomervillePD,26004678,SOMERVILLE,2026,2026-01-25,2,17:27:00,,0,0,0.0,42.3856,-71.1087,,2026-01-25 17:27:00,MassDOT,5651326,SOMERVILLE,2026,2026-01-25,2,17:27:00,Local,0,0,0.0,42.38546215,-71.10894222,0,2026-01-25 17:27:00,25.07010670870623,0.0,0.8245092530390563
1518,SomervillePD,26004790,SOMERVILLE,2026,2026-01-25,0,23:39:00,,0,0,0.0,42.3873,-71.0803,,2026-01-25 23:39:00,MassDOT,5651291,SOMERVILLE,2026,2026-01-25,0,23:39:00,Local,0,0,0.0,42.38739117,-71.08012168,0,2026-01-25 23:39:00,17.780442622359402,0.0,0.8755369016434842
1519,MassDOT,5651286,SOMERVILLE,2026,2026-01-27,0,06:26:00,Local,0,0,0.0,42.40374366,-71.12883903,0,2026-01-27 06:26:00,SomervillePD,26005009,SOMERVILLE,2026,2026-01-27,0,06:26:00,,0,0,0.0,42.4036,-71.1293,,2026-01-27 06:26:00,41.010023534428406,0.0,0.7129298352590011
1520,MassDOT,5651288,SOMERVILLE,2026,2026-01-27,0,11:18:00,Local,0,0,0.0,42.39187359,-71.10997319,0,2026-01-27 11:18:00,SomervillePD,26005061,SOMERVILLE,2026,2026-01-27,0,11:18:00,,0,0,0.0,42.3923,-71.1104,,2026-01-27 11:18:00,58.86033174129239,0.0,0.5879776778109532
1521,SomervillePD,26005261,SOMERVILLE,2026,2026-01-28,0,09:10:00,,0,0,0.0,42.3918,-71.1108,,2026-01-28 09:10:00,MassDOT,5651318,SOMERVILLE,2026,2026-01-28,0,09:10:00,Local,0,0,0.0,42.3915296,-71.11087999,0,2026-01-28 09:10:00,30.722390577410426,0.0,0.784943265958127
1522,MassDOT,5651307,SOMERVILLE,2026,2026-01-29,0,07:47:00,Local,0,0,0.0,42.39588683,-71.07973447,0,2026-01-29 07:47:00,SomervillePD,26005467,SOMERVILLE,2026,2026-01-29,0,07:47:00,,0,0,0.0,42.3955,-71.08,,2026-01-29 07:47:00,48.14005612877499,0.0,0.663019607098575
1523,MassDOT,5651301,SOMERVILLE,2026,2026-01-29,0,12:44:00,Local,0,0,0.0,42.37611958,-71.10373623,0,2026-01-29 12:44:00,SomervillePD,26005533,SOMERVILLE,2026,2026-01-29,0,12:44:00,,0,0,0.0,42.3761,-71.1037,,2026-01-29 12:44:00,3.6809688903658104,0.0,0.9742332177674393
1524,MassDOT,5651309,SOMERVILLE,2026,2026-01-29,2,20:32:00,Local,0,0,0.0,42.39807703,-71.11237576,0,2026-01-29 20:32:00,SomervillePD,26005608,SOMERVILLE,2026,2026-01-29,2,20:32:00,,0,0,0.0,42.3986,-71.1118,,2026-01-29 20:32:00,74.81439695940206,0.0,0.47629922128418556
1525,SomervillePD,26005689,SOMERVILLE,2026,2026-01-30,0,07:36:00,,0,0,0.0,42.3816,-71.0964,,2026-01-30 07:36:00,MassDOT,5651292,SOMERVILLE,2026,2026-01-30,0,07:36:00,Local,0,0,0.0,42.38118725,-71.095963,0,2026-01-30 07:36:00,58.1625322827069,0.0,0.5928622740210516
1526,SomervillePD,26006391,SOMERVILLE,2026,2026-02-02,0,19:03:00,,0,0,0.0,42.3922,-71.1124,,2026-02-02 19:03:00,MassDOT,5651302,SOMERVILLE,2026,2026-02-02,0,19:03:00,Local,0,0,0.0,42.39221947,-71.11238935,0,2026-02-02 19:03:00,2.330861018216273,0.0,0.983683972872486
1527,MassDOT,5651256,SOMERVILLE,2026,2026-02-03,0,08:44:00,Local,0,0,0.0,42.3989038,-71.11351833,0,2026-02-03 08:44:00,SomervillePD,26006506,SOMERVILLE,2026,2026-02-03,0,08:44:00,,0,0,0.0,42.399,-71.1138,,2026-02-03 08:44:00,25.43819949045559,0.0,0.8219326035668109
1528,SomervillePD,26006532,SOMERVILLE,2026,2026-02-03,0,10:11:00,,0,0,0.0,42.3965,-71.1076,,2026-02-03 10:11:00,MassDOT,5651298,SOMERVILLE,2026,2026-02-03,0,10:11:00,Local,0,0,0.0,42.39675863,-71.10654378,0,2026-02-03 10:11:00,91.21691844281537,0.0,0.3614815709002924
1529,SomervillePD,26006571,SOMERVILLE,2026,2026-02-03,0,14:07:00,,0,0,0.0,42.3912,-71.1102,,2026-02-03 14:07:00,MassDOT,5651304,SOMERVILLE,2026,2026-02-03,0,14:07:00,Local,0,0,0.0,42.39122012,-71.11021202,0,2026-02-03 14:07:00,2.441051307501617,0.0,0.9829126408474886
1530,MassDOT,5651254,SOMERVILLE,2026,2026-02-03,0,16:28:00,Local,0,0,0.0,42.39312686,-71.0939906,0,2026-02-03 16:28:00,SomervillePD,26006590,SOMERVILLE,2026,2026-02-03,0,16:28:00,,0,0,0.0,42.3934,-71.0939,,2026-02-03 16:28:00,31.215006386610824,0.0,0.7814949552937243
1531,SomervillePD,26006607,SOMERVILLE,2026,2026-02-03,0,17:20:00,,0,0,0.0,42.3937,-71.112,,2026-02-03 17:20:00,MassDOT,5651251,SOMERVILLE,2026,2026-02-03,0,17:20:00,Local,0,0,0.0,42.39355133,-71.1120694,0,2026-02-03 17:20:00,17.455517054592875,0.0,0.8778113806178498
1532,SomervillePD,26006636,SOMERVILLE,2026,2026-02-03,0,19:19:00,,0,0,0.0,42.3817,-71.0839,,2026-02-03 19:19:00,MassDOT,5651322,SOMERVILLE,2026,2026-02-03,0,19:19:00,Local,0,0,0.0,42.38166925,-71.08385283,0,2026-02-03 19:19:00,5.15834067824556,0.0,0.963891615252281
1533,SomervillePD,26006730,SOMERVILLE,2026,2026-02-04,0,08:22:00,,0,0,0.0,42.398,-71.1152,,2026-02-04 08:22:00,MassDOT,5651296,SOMERVILLE,2026,2026-02-04,0,08:22:00,Local,0,0,0.0,42.39802657,-71.11515822,0,2026-02-04 08:22:00,4.519639308497471,0.0,0.9683625248405177
1534,MassDOT,5651255,SOMERVILLE,2026,2026-02-04,2,12:52:00,Local,0,0,0.0,42.38542786,-71.11520644,0,2026-02-04 12:52:00,SomervillePD,26006779,SOMERVILLE,2026,2026-02-04,2,12:52:00,,0,0,0.0,42.3855,-71.1152,,2026-02-04 12:52:00,8.024928712598827,0.0,0.943825499011808
1535,SomervillePD,26006832,SOMERVILLE,2026,2026-02-04,0,18:02:00,,0,0,0.0,42.4037,-71.1255,,2026-02-04 18:02:00,MassDOT,5651334,SOMERVILLE,2026,2026-02-04,0,18:02:00,Local,0,0,0.0,42.40383214,-71.12536128,0,2026-02-04 18:02:00,18.558387865047603,0.0,0.8700912849446667
1536,SomervillePD,26007390,SOMERVILLE,2026,2026-02-07,2,12:59:00,,0,0,0.0,42.3739,-71.0883,,2026-02-07 12:59:00,MassDOT,5651340,SOMERVILLE,2026,2026-02-07,2,12:59:00,Local,0,0,0.0,42.37399671,-71.08790637,0,2026-02-07 12:59:00,34.01691203800867,0.0,0.7618816157339392
1537,SomervillePD,26007415,SOMERVILLE,2026,2026-02-07,0,14:51:00,,0,0,0.0,42.3928,-71.112,,2026-02-07 14:51:00,MassDOT,5651300,SOMERVILLE,2026,2026-02-07,0,14:51:00,Local,0,0,0.0,42.39281176,-71.11197021,0,2026-02-07 14:51:00,2.769102705095696,0.0,0.9806162810643302
1538,SomervillePD,26007433,SOMERVILLE,2026,2026-02-07,0,17:20:00,,0,0,0.0,42.3838,-71.0831,,2026-02-07 17:20:00,MassDOT,5651316,SOMERVILLE,2026,2026-02-07,0,17:20:00,Local,0,0,0.0,42.3839801,-71.08279366,0,2026-02-07 17:20:00,32.101307954717576,0.0,0.7752908443169769
1539,SomervillePD,26008330,SOMERVILLE,2026,2026-02-12,0,05:58:00,,0,0,0.0,42.3746,-71.085,,2026-02-12 05:58:00,MassDOT,5651306,SOMERVILLE,2026,2026-02-12,0,05:58:00,Local,0,0,0.0,42.37528463,-71.08544116,0,2026-02-12 05:58:00,84.165144010281,0.0,0.410843991928033
1540,SomervillePD,26008359,SOMERVILLE,2026,2026-02-12,0,08:55:00,,0,0,0.0,42.3884,-71.0953,,2026-02-12 08:55:00,MassDOT,5651310,SOMERVILLE,2026,2026-02-12,0,08:55:00,Local,0,0,0.0,42.38842983,-71.09555626,0,2026-02-12 08:55:00,21.26846520273879,0.0,0.8511207435808286
1541,MassDOT,5651339,SOMERVILLE,2026,2026-02-12,2,17:19:00,Local,0,1,0.0,42.39324286,-71.10409543,0,2026-02-12 17:19:00,SomervillePD,26008464,SOMERVILLE,2026,2026-02-12,2,17:19:00,,0,1,0.0,42.3932,-71.104,,2026-02-12 17:19:00,9.156108607534637,0.0,0.9359072397472574
1542,MassDOT,5651329,SOMERVILLE,2026,2026-02-13,0,02:23:00,Local,0,0,0.0,42.37946618,-71.09811092,0,2026-02-13 02:23:00,SomervillePD,26008528,SOMERVILLE,2026,2026-02-13,0,02:23:00,,0,0,0.0,42.3793,-71.098,,2026-02-13 02:23:00,20.566279396458665,0.0,0.8560360442247894
1543,SomervillePD,26008547,SOMERVILLE,2026,2026-02-13,2,07:38:00,,0,0,0.0,42.3858,-71.0963,,2026-02-13 07:38:00,MassDOT,5651312,SOMERVILLE,2026,2026-02-13,2,07:38:00,Local,0,0,0.0,42.38593594,-71.09617568,0,2026-02-13 07:38:00,18.209283103523205,0.0,0.8725350182753375
1544,SomervillePD,26009515,SOMERVILLE,2026,2026-02-18,0,08:25:00,,0,0,0.0,42.3819,-71.0824,,2026-02-18 08:25:00,MassDOT,5651331,SOMERVILLE,2026,2026-02-18,0,08:25:00,Local,0,0,0.0,42.38190527,-71.08238335,0,2026-02-18 08:25:00,1.4852200615813365,0.0,0.9896034595689305
1545,MassDOT,5651315,SOMERVILLE,2026,2026-02-20,0,19:14:00,Local,0,0,0.0,42.38243596,-71.10339871,0,2026-02-20 19:14:00,SomervillePD,26010084,SOMERVILLE,2026,2026-02-20,0,19:14:00,,0,0,0.0,42.3825,-71.1034,,2026-02-20 19:14:00,7.109226843671537,0.0,0.9502354120942993
1546,SomervillePD,26010724,SOMERVILLE,2026,2026-02-23,0,20:47:00,,0,0,0.0,42.397,-71.086,,2026-02-23 20:47:00,MassDOT,5651343,SOMERVILLE,2026,2026-02-23,0,20:47:00,Local,0,0,0.0,42.39689665,-71.08612015,0,2026-02-23 20:47:00,15.119721278191113,0.0,0.8941619510526622
1547,MassDOT,5651359,SOMERVILLE,2026,2026-02-25,0,10:15:00,Local,0,0,0.0,42.40067764,-71.11523043,0,2026-02-25 10:15:00,SomervillePD,26011038,SOMERVILLE,2026,2026-02-25,0,10:15:00,,0,0,0.0,42.4006,-71.1151,,2026-02-25 10:15:00,13.732042217407132,0.0,0.90387570447815
1548,MassDOT,5651325,SOMERVILLE,2026,2026-03-01,2,10:41:00,Local,0,0,0.0,42.396549,-71.12226236,0,2026-03-01 10:41:00,SomervillePD,26012013,SOMERVILLE,2026,2026-03-01,2,10:41:00,,0,0,0.0,42.397,-71.1223,,2026-03-01 10:41:00,50.15599484762057,0.0,0.6489080360666559
1549,SomervillePD,26012477,SOMERVILLE,2026,2026-03-03,0,08:50:00,,0,0,0.0,42.3981,-71.1139,,2026-03-03 08:50:00,MassDOT,5651317,SOMERVILLE,2026,2026-03-03,0,08:50:00,Local,0,0,0.0,42.39826632,-71.1139515,0,2026-03-03 08:50:00,18.93802652379487,0.0,0.8674338143334359
1550,SomervillePD,26012660,SOMERVILLE,2026,2026-03-03,0,23:27:00,,0,0,0.0,42.3898,-71.0882,,2026-03-03 23:27:00,MassDOT,5651313,SOMERVILLE,2026,2026-03-03,0,23:27:00,Local,0,0,0.0,42.38981457,-71.08824658,0,2026-03-03 23:27:00,4.147065105172298,0.0,0.9709705442637939
1551,MassDOT,5651341,SOMERVILLE,2026,2026-03-04,0,05:30:00,Local,0,0,0.0,42.38908928,-71.08667704,0,2026-03-04 05:30:00,SomervillePD,26012705,SOMERVILLE,2026,2026-03-04,0,05:30:00,,0,0,0.0,42.389,-71.0868,,2026-03-04 05:30:00,14.13606277017947,0.0,0.9010475606087436
1552,MassDOT,5651323,SOMERVILLE,2026,2026-03-04,2,07:36:00,Local,0,0,0.0,42.37933883,-71.09924224,0,2026-03-04 07:36:00,SomervillePD,26012717,SOMERVILLE,2026,2026-03-04,2,07:36:00,,0,0,0.0,42.379,-71.0987,,2026-03-04 07:36:00,58.23508461449461,0.0,0.5923544076985376
1553,SomervillePD,26012737,SOMERVILLE,2026,2026-03-04,0,09:13:00,,0,0,0.0,42.4048,-71.129,,2026-03-04 09:13:00,MassDOT,5651348,SOMERVILLE,2026,2026-03-04,0,09:13:00,Local,0,0,0.0,42.40447336,-71.12903228,0,2026-03-04 09:13:00,36.353444143395116,0.0,0.7455258909962341
1554,MassDOT,5651338,SOMERVILLE,2026,2026-03-04,0,22:41:00,Local,0,0,0.0,42.39320885,-71.09197412,0,2026-03-04 22:41:00,SomervillePD,26012888,SOMERVILLE,2026,2026-03-04,0,22:41:00,,0,0,0.0,42.3935,-71.092,,2026-03-04 22:41:00,32.38721327940253,0.0,0.7732895070441823
1555,MassDOT,5651321,SOMERVILLE,2026,2026-03-07,0,02:50:00,Local,0,0,0.0,42.38987199,-71.09793938,0,2026-03-07 02:50:00,SomervillePD,26013417,SOMERVILLE,2026,2026-03-07,0,02:50:00,,0,0,0.0,42.3897,-71.098,,2026-03-07 02:50:00,19.727147468421396,0.0,0.8619099677210502
1556,MassDOT,5651350,SOMERVILLE,2026,2026-03-07,2,11:54:00,Local,0,0,0.0,42.3869103,-71.11615302,0,2026-03-07 11:54:00,SomervillePD,26013507,SOMERVILLE,2026,2026-03-07,2,11:54:00,,0,0,0.0,42.3869,-71.1161,,2026-03-07 11:54:00,4.49471788187728,0.0,0.9685369748268591
1557,SomervillePD,26013581,SOMERVILLE,2026,2026-03-07,0,16:56:00,,0,0,0.0,42.3859,-71.0785,,2026-03-07 16:56:00,MassDOT,5651330,SOMERVILLE,2026,2026-03-07,0,16:56:00,Local,0,0,0.0,42.38602922,-71.0783261,0,2026-03-07 16:56:00,20.22401849822074,0.0,0.8584318705124547
1558,MassDOT,5642806,BOSTON,2026,2026-03-11,2,16:29:00,Local,0,0,0.0,42.2840623,-71.11244893,0,2026-03-11 16:29:00,BostonVisionZero,41678,BOSTON,2026,2026-03-11,,17:25:15,,0,0,,42.28382029052619,-71.11276993759789,,2026-03-11 17:25:15,37.636824372003396,3375.0,0.4552922293959762
1559,SomervillePD,26014576,SOMERVILLE,2026,2026-03-11,2,19:19:00,,0,0,0.0,42.4034,-71.1276,,2026-03-11 19:19:00,MassDOT,5651349,SOMERVILLE,2026,2026-03-11,2,19:19:00,Local,0,0,1.0,42.40345067,-71.12762013,0,2026-03-11 19:19:00,5.861384748792981,0.0,0.958970306758449
1560,SomervillePD,26014738,SOMERVILLE,2026,2026-03-12,0,15:26:00,,0,0,0.0,42.3932,-71.1068,,2026-03-12 15:26:00,MassDOT,5651327,SOMERVILLE,2026,2026-03-12,0,15:26:00,Local,0,0,0.0,42.39333283,-71.10641363,0,2026-03-12 15:26:00,34.937192722381155,0.0,0.7554396509433319
1561,MassDOT,5651328,SOMERVILLE,2026,2026-03-15,2,15:43:00,Local,1,0,0.0,42.37511027,-71.10252793,0,2026-03-15 15:43:00,SomervillePD,26015488,SOMERVILLE,2026,2026-03-15,2,15:43:00,,1,0,0.0,42.3751,-71.1025,,2026-03-15 15:43:00,2.5583113028613322,0.0,0.9820918208799707
1562,SomervillePD,26016083,SOMERVILLE,2026,2026-03-18,0,01:26:00,,0,0,0.0,42.3933,-71.0918,,2026-03-18 01:26:00,MassDOT,5651335,SOMERVILLE,2026,2026-03-18,0,01:26:00,Local,0,0,0.0,42.39315943,-71.09190745,0,2026-03-18 01:26:00,17.917896300421766,0.0,0.8745747258970475
1563,MassDOT,5651353,SOMERVILLE,2026,2026-03-24,0,07:23:00,Local,0,0,0.0,42.38372369,-71.11307593,0,2026-03-24 07:23:00,SomervillePD,26017439,SOMERVILLE,2026,2026-03-24,0,07:23:00,,0,0,0.0,42.3836,-71.1127,,2026-03-24 07:23:00,33.74201533223651,0.0,0.7638058926743444
1564,MassDOT,5651344,SOMERVILLE,2026,2026-03-26,0,12:06:00,Local,0,0,0.0,42.38121917,-71.09963157,0,2026-03-26 12:06:00,SomervillePD,26018037,SOMERVILLE,2026,2026-03-26,0,12:06:00,,0,0,0.0,42.381,-71.0998,,2026-03-26 12:06:00,27.97434419103582,0.0,0.8041795906627494
1565,MassDOT,5651336,SOMERVILLE,2026,2026-03-26,2,23:14:00,Local,0,0,0.0,42.38067121,-71.0886002,0,2026-03-26 23:14:00,SomervillePD,26018166,SOMERVILLE,2026,2026-03-26,2,23:14:00,,0,0,0.0,42.3807,-71.0886,,2026-03-26 23:14:00,3.1957320744357287,0.0,0.9776298754789499
1566,MassDOT,5648565,BOSTON,2026,2026-03-31,2,16:37:00,Local,0,0,0.0,42.29844981,-71.08693218,0,2026-03-31 16:37:00,BostonVisionZero,31979,BOSTON,2026,2026-03-31,,17:01:30,,0,0,,42.29812323243154,-71.08704845767167,,2026-03-31 17:01:30,37.48608483659637,1470.0,0.6150974061438255
1567,SomervillePD,26019560,SOMERVILLE,2026,2026-04-01,2,17:45:00,,0,0,1.0,42.4022,-71.1241,,2026-04-01 17:45:00,MassDOT,5674183,SOMERVILLE,2026,2026-04-01,2,17:45:00,Local,0,0,1.0,42.40207378,-71.12443305,0,2026-04-01 17:45:00,30.68401919163504,0.0,0.7852118656585547
1568,MassDOT,5674177,SOMERVILLE,2026,2026-04-02,0,15:36:00,Local,0,0,0.0,42.39497226,-71.12240699,0,2026-04-02 15:36:00,SomervillePD,26019799,SOMERVILLE,2026,2026-04-02,0,15:36:00,,0,0,0.0,42.3952,-71.1224,,2026-04-02 15:36:00,25.285633372316088,0.0,0.8230005663937874
1569,SomervillePD,26000002,SOMERVILLE,2026,2026-04-02,2,21:52:00,,0,0,0.0,42.3957,-71.1205,,2026-04-02 21:52:00,MassDOT,5674181,SOMERVILLE,2026,2026-04-02,2,21:52:00,Local,0,0,0.0,42.3956945,-71.12047373,0,2026-04-02 21:52:00,2.2383264507449265,0.0,0.9843317148447854
1570,SomervillePD,26020194,SOMERVILLE,2026,2026-04-04,0,05:01:00,,0,0,0.0,42.3847,-71.1037,,2026-04-04 05:01:00,MassDOT,5674180,SOMERVILLE,2026,2026-04-04,0,05:01:00,Local,0,0,0.0,42.38457394,-71.10349244,0,2026-04-04 05:01:00,22.031594470394957,0.0,0.8457788387072354
1571,MassDOT,5674248,SOMERVILLE,2026,2026-04-05,2,11:24:00,Local,0,1,0.0,42.38489276,-71.11246913,0,2026-04-05 11:24:00,SomervillePD,26020466,SOMERVILLE,2026,2026-04-05,2,11:24:00,,0,1,0.0,42.3851,-71.1124,,2026-04-05 11:24:00,23.691601269893567,0.0,0.8341587911107449
1572,MassDOT,5674189,SOMERVILLE,2026,2026-04-07,0,09:16:00,Local,1,0,0.0,42.3872284,-71.11671503,0,2026-04-07 09:16:00,SomervillePD,26020821,SOMERVILLE,2026,2026-04-07,0,09:16:00,,1,0,0.0,42.3872,-71.1167,,2026-04-07 09:16:00,3.3846766567657927,0.0,0.9763072634026393
1573,SomervillePD,26020873,SOMERVILLE,2026,2026-04-07,0,14:13:00,,0,0,0.0,42.3795,-71.0931,,2026-04-07 14:13:00,MassDOT,5674191,SOMERVILLE,2026,2026-04-07,0,14:13:00,Local,0,0,0.0,42.37950675,-71.0930481,0,2026-04-07 14:13:00,4.321011541412729,0.0,0.9697529192101109
1574,SomervillePD,26022291,SOMERVILLE,2026,2026-04-13,0,14:15:00,,0,0,0.0,42.3795,-71.0931,,2026-04-13 14:15:00,MassDOT,5674186,SOMERVILLE,2026,2026-04-13,0,14:15:00,Local,0,0,0.0,42.37950675,-71.0930481,0,2026-04-13 14:15:00,4.321011541412729,0.0,0.9697529192101109
1575,MassDOT,5674187,SOMERVILLE,2026,2026-04-15,2,04:25:00,Local,0,0,0.0,42.39750143,-71.09306722,0,2026-04-15 04:25:00,SomervillePD,26022723,SOMERVILLE,2026,2026-04-15,2,04:25:00,,0,0,0.0,42.398,-71.093,,2026-04-15 04:25:00,55.61490682808027,0.0,0.6106956522034381
1576,SomervillePD,26022774,SOMERVILLE,2026,2026-04-15,0,08:58:00,,1,0,0.0,42.3939,-71.0964,,2026-04-15 08:58:00,MassDOT,5674197,SOMERVILLE,2026,2026-04-15,0,08:58:00,Local,1,0,0.0,42.39392894,-71.09604913,0,2026-04-15 08:58:00,28.94192389340527,0.0,0.7974065327461631
1577,MassDOT,5674190,SOMERVILLE,2026,2026-04-19,0,07:01:00,Local,0,0,0.0,42.39122012,-71.11021202,0,2026-04-19 07:01:00,SomervillePD,26023693,SOMERVILLE,2026,2026-04-19,0,07:01:00,,0,0,0.0,42.3912,-71.1102,,2026-04-19 07:01:00,2.441051179989891,0.0,0.9829126417400706
1578,MassDOT,5674252,SOMERVILLE,2026,2026-04-20,2,18:34:00,Local,0,0,0.0,42.39848343,-71.10797992,0,2026-04-20 18:34:00,SomervillePD,26024025,SOMERVILLE,2026,2026-04-20,2,18:34:00,,0,0,0.0,42.3985,-71.108,,2026-04-20 18:34:00,2.4682230827600793,0.0,0.9827224384206794
1579,MassDOT,5674203,SOMERVILLE,2026,2026-04-20,0,19:31:00,Local,0,0,0.0,42.38870952,-71.09241069,0,2026-04-20 19:31:00,SomervillePD,26024037,SOMERVILLE,2026,2026-04-20,0,19:31:00,,0,0,0.0,42.3887,-71.0921,,2026-04-20 19:31:00,25.49329889783451,0.0,0.8215469077151583
1580,SomervillePD,26024190,SOMERVILLE,2026,2026-04-21,0,11:41:00,,0,0,0.0,42.3882,-71.111,,2026-04-21 11:41:00,MassDOT,5674185,SOMERVILLE,2026,2026-04-21,0,11:41:00,Local,0,0,0.0,42.38841936,-71.11061525,0,2026-04-21 11:41:00,39.84787738379886,0.0,0.7210648583134079
1581,SomervillePD,26024394,SOMERVILLE,2026,2026-04-22,0,04:10:00,,0,0,0.0,42.3878,-71.1096,,2026-04-22 04:10:00,MassDOT,5674229,SOMERVILLE,2026,2026-04-22,0,04:10:00,Local,0,0,0.0,42.38779368,-71.10962326,0,2026-04-22 04:10:00,2.03190127789423,0.0,0.9857766910547403
1582,SomervillePD,26024414,SOMERVILLE,2026,2026-04-22,2,06:43:00,,0,0,0.0,42.3985,-71.1239,,2026-04-22 06:43:00,MassDOT,5674233,SOMERVILLE,2026,2026-04-22,2,06:43:00,Local,0,0,0.0,42.39831407,-71.12399733,0,2026-04-22 06:43:00,22.126636369795406,0.0,0.845113545411432
1583,SomervillePD,26024615,SOMERVILLE,2026,2026-04-22,0,22:41:00,,0,0,0.0,42.4025,-71.127,,2026-04-22 22:41:00,MassDOT,5674196,SOMERVILLE,2026,2026-04-22,0,22:41:00,Local,0,0,0.0,42.40255023,-71.12684,0,2026-04-22 22:41:00,14.250445050216342,0.0,0.9002468846484855
1584,MassDOT,5674200,SOMERVILLE,2026,2026-04-23,0,16:42:00,Local,0,0,0.0,42.39587705,-71.12089471,0,2026-04-23 16:42:00,SomervillePD,26024869,SOMERVILLE,2026,2026-04-23,0,16:42:00,,0,0,0.0,42.3962,-71.1209,,2026-04-23 16:42:00,35.85007276057012,0.0,0.749049490676009
1585,SomervillePD,26024904,SOMERVILLE,2026,2026-04-23,2,19:07:00,,0,1,0.0,42.4018,-71.1226,,2026-04-23 19:07:00,MassDOT,5674198,SOMERVILLE,2026,2026-04-23,2,19:07:00,Local,0,1,0.0,42.4014581,-71.12222455,0,2026-04-23 19:07:00,48.86023536052711,0.0,0.6579783524763101
1586,MassDOT,5674249,SOMERVILLE,2026,2026-04-25,0,09:38:00,Local,0,0,0.0,42.39639742,-71.1036571,0,2026-04-25 09:38:00,SomervillePD,26025295,SOMERVILLE,2026,2026-04-25,0,09:38:00,,0,0,0.0,42.3964,-71.1037,,2026-04-25 09:38:00,3.5282938408719366,0.0,0.9753019431138965
1587,SomervillePD,26025919,SOMERVILLE,2026,2026-04-27,2,15:20:00,,0,0,0.0,42.4005,-71.1177,,2026-04-27 15:20:00,MassDOT,5659771,SOMERVILLE,2026,2026-04-27,2,15:20:00,Local,0,0,1.0,42.40035687,-71.11756141,0,2026-04-27 15:20:00,19.53096100134933,0.0,0.8632832729905546
1588,SomervillePD,26026423,SOMERVILLE,2026,2026-04-29,0,14:16:00,,0,0,0.0,42.386,-71.0808,,2026-04-29 14:16:00,MassDOT,5674184,SOMERVILLE,2026,2026-04-29,0,14:16:00,Local,0,0,0.0,42.38585547,-71.08089446,0,2026-04-29 14:16:00,17.81430046267924,0.0,0.8752998967612453
1589,SomervillePD,26026474,SOMERVILLE,2026,2026-04-29,0,16:55:00,,0,0,0.0,42.3975,-71.1089,,2026-04-29 16:55:00,MassDOT,5674251,SOMERVILLE,2026,2026-04-29,0,16:55:00,Local,0,0,0.0,42.39725193,-71.10882083,0,2026-04-29 16:55:00,28.29019159551513,0.0,0.8019686588313941
1590,MassDOT,5674208,SOMERVILLE,2026,2026-05-01,2,12:15:00,Local,0,0,1.0,42.39527158,-71.09864678,0,2026-05-01 12:15:00,SomervillePD,26026972,SOMERVILLE,2026,2026-05-01,2,12:15:00,,0,0,1.0,42.3953,-71.0986,,2026-05-01 12:15:00,4.965596122980246,0.0,0.9652408271391382
1591,SomervillePD,26027123,SOMERVILLE,2026,2026-05-01,2,19:02:00,,0,0,0.0,42.4054,-71.1258,,2026-05-01 19:02:00,MassDOT,5674199,SOMERVILLE,2026,2026-05-01,2,19:02:00,Local,0,0,0.0,42.40543731,-71.12583656,0,2026-05-01 19:02:00,5.111786479704041,0.0,0.9642174946420716
1592,SomervillePD,26027291,SOMERVILLE,2026,2026-05-02,0,08:55:00,,0,0,0.0,42.3794,-71.1014,,2026-05-02 08:55:00,MassDOT,5674212,SOMERVILLE,2026,2026-05-02,0,08:55:00,Local,0,0,0.0,42.37940251,-71.1014284,0,2026-05-02 08:55:00,2.345278422007945,0.0,0.9835830510459442
1593,MassDOT,5674194,SOMERVILLE,2026,2026-05-03,2,14:07:00,Local,1,0,0.0,42.38374731,-71.10880148,0,2026-05-03 14:07:00,SomervillePD,26027548,SOMERVILLE,2026,2026-05-03,2,14:07:00,,1,0,0.0,42.3838,-71.109,,2026-05-03 14:07:00,17.295491219166,0.0,0.878931561465838
1594,SomervillePD,26028131,SOMERVILLE,2026,2026-05-05,2,17:05:00,,1,0,0.0,42.3802,-71.1087,,2026-05-05 17:05:00,MassDOT,5674230,SOMERVILLE,2026,2026-05-05,2,17:05:00,Local,1,0,0.0,42.38018825,-71.1087094,0,2026-05-05 17:05:00,1.514965215284686,0.0,0.9893952434930071
1595,MassDOT,5674238,SOMERVILLE,2026,2026-05-07,0,07:22:00,Local,0,0,0.0,42.38383949,-71.10079468,0,2026-05-07 07:22:00,SomervillePD,26028569,SOMERVILLE,2026,2026-05-07,0,07:22:00,,0,0,0.0,42.3837,-71.1006,,2026-05-07 07:22:00,22.237640952794337,0.0,0.8443365133304397
1596,SomervillePD,26028676,SOMERVILLE,2026,2026-05-07,2,14:59:00,,0,0,0.0,42.3864,-71.1067,,2026-05-07 14:59:00,MassDOT,5674195,SOMERVILLE,2026,2026-05-07,2,14:59:00,Local,0,0,0.0,42.38658343,-71.10671855,0,2026-05-07 14:59:00,20.417450836290328,0.0,0.8570778441459677
1597,MassDOT,5674215,SOMERVILLE,2026,2026-05-15,0,17:49:00,Local,0,0,0.0,42.37933883,-71.09924224,0,2026-05-15 17:49:00,SomervillePD,26031009,SOMERVILLE,2026,2026-05-15,0,17:49:00,,0,0,0.0,42.379,-71.0987,,2026-05-15 17:49:00,58.23508461449461,0.0,0.5923544076985376
1598,MassDOT,5674218,SOMERVILLE,2026,2026-05-15,2,23:54:00,Local,1,0,0.0,42.39527158,-71.09864678,0,2026-05-15 23:54:00,SomervillePD,26031060,SOMERVILLE,2026,2026-05-15,2,23:54:00,,1,0,0.0,42.3953,-71.0986,,2026-05-15 23:54:00,4.965596122980246,0.0,0.9652408271391382
1599,SomervillePD,26031197,SOMERVILLE,2026,2026-05-16,0,11:43:00,,0,0,0.0,42.386,-71.0973,,2026-05-16 11:43:00,MassDOT,5674220,SOMERVILLE,2026,2026-05-16,0,11:43:00,Local,0,0,0.0,42.38529592,-71.09748142,0,2026-05-16 11:43:00,79.55570395355251,0.0,0.4431100723251324
1600,SomervillePD,26032054,SOMERVILLE,2026,2026-05-19,2,11:19:00,,1,0,0.0,42.381,-71.0886,,2026-05-19 11:19:00,MassDOT,5674222,SOMERVILLE,2026,2026-05-19,2,11:19:00,Local,1,0,0.0,42.38072696,-71.08841946,0,2026-05-19 11:19:00,33.72939557483834,0.0,0.7638942309761316
1601,SomervillePD,26032059,SOMERVILLE,2026,2026-05-19,0,11:34:00,,0,0,0.0,42.3858,-71.0937,,2026-05-19 11:34:00,MassDOT,5674205,SOMERVILLE,2026,2026-05-19,0,11:34:00,Local,0,0,0.0,42.38579013,-71.09373665,0,2026-05-19 11:34:00,3.198321133742765,0.0,0.9776117520638006
1602,SomervillePD,26032449,SOMERVILLE,2026,2026-05-20,0,15:51:00,,0,0,0.0,42.3954,-71.1193,,2026-05-20 15:51:00,MassDOT,5674250,SOMERVILLE,2026,2026-05-20,0,15:51:00,Local,0,0,0.0,42.39520701,-71.11935714,0,2026-05-20 15:51:00,21.928006513803904,0.0,0.8465039544033726
1603,MassDOT,5674241,SOMERVILLE,2026,2026-05-22,2,08:13:00,Local,1,0,0.0,42.39020297,-71.1079417,0,2026-05-22 08:13:00,SomervillePD,26032852,SOMERVILLE,2026,2026-05-22,2,08:13:00,,1,0,0.0,42.3902,-71.108,,2026-05-22 08:13:00,4.790868224275036,0.0,0.9664639224300746
1604,MassDOT,5674204,SOMERVILLE,2026,2026-05-22,0,18:12:00,Local,0,0,0.0,42.39674761,-71.10392951,0,2026-05-22 18:12:00,SomervillePD,26033039,SOMERVILLE,2026,2026-05-22,0,18:12:00,,0,0,0.0,42.3969,-71.1038,,2026-05-22 18:12:00,19.97079820828078,0.0,0.8602044125420345
1605,SomervillePD,26033968,SOMERVILLE,2026,2026-05-26,0,12:57:00,,0,0,0.0,42.3893,-71.1009,,2026-05-26 12:57:00,MassDOT,5674206,SOMERVILLE,2026,2026-05-26,0,12:57:00,Local,0,0,0.0,42.38931886,-71.10086416,0,2026-05-26 12:57:00,3.607756689092058,0.0,0.9747457031763556
1606,MassDOT,5674228,SOMERVILLE,2026,2026-05-26,0,13:04:00,Local,0,0,0.0,42.39506163,-71.12166412,0,2026-05-26 13:04:00,SomervillePD,26033969,SOMERVILLE,2026,2026-05-26,0,13:04:00,,0,0,0.0,42.3947,-71.1218,,2026-05-26 13:04:00,41.65772777383212,0.0,0.7083959055831751
1607,MassDOT,5674232,SOMERVILLE,2026,2026-05-27,0,20:31:00,Local,0,0,0.0,42.38457059,-71.08325796,0,2026-05-27 20:31:00,SomervillePD,26034362,SOMERVILLE,2026,2026-05-27,0,20:31:00,,0,0,0.0,42.3846,-71.0828,,2026-05-27 20:31:00,37.68918972030735,0.0,0.7361756719578485
1608,MassDOT,5674237,SOMERVILLE,2026,2026-05-28,2,00:16:00,Local,0,0,0.0,42.38571923,-71.07819642,0,2026-05-28 00:16:00,SomervillePD,26034388,SOMERVILLE,2026,2026-05-28,2,00:16:00,,0,0,0.0,42.3852,-71.0789,,2026-05-28 00:16:00,81.54291198013706,0.0,0.4291996161390405
1609,MassDOT,5674207,SOMERVILLE,2026,2026-05-31,0,00:39:00,Local,0,0,0.0,42.39614409,-71.12151071,0,2026-05-31 00:39:00,SomervillePD,26035261,SOMERVILLE,2026,2026-05-31,0,00:39:00,,0,0,0.0,42.3965,-71.1218,,2026-05-31 00:39:00,46.07694775307392,0.0,0.6774613657284825
1610,SomervillePD,26035451,SOMERVILLE,2026,2026-05-31,0,20:24:00,,0,0,0.0,42.3977,-71.0861,,2026-05-31 20:24:00,MassDOT,5674231,SOMERVILLE,2026,2026-05-31,0,20:24:00,Local,0,0,0.0,42.39772489,-71.08611139,0,2026-05-31 20:24:00,2.9162856456973354,0.0,0.9795860004801187
1611,MassDOT,5674213,SOMERVILLE,2026,2026-06-01,2,08:52:00,Local,1,0,0.0,42.38700756,-71.08174623,0,2026-06-01 08:52:00,SomervillePD,26035558,SOMERVILLE,2026,2026-06-01,2,08:52:00,,1,0,0.0,42.387,-71.0817,,2026-06-01 08:52:00,3.881975247876226,0.0,0.9728261732648664
1612,SomervillePD,26035585,SOMERVILLE,2026,2026-06-01,0,10:11:00,,0,0,0.0,42.383,-71.0922,,2026-06-01 10:11:00,MassDOT,5674227,SOMERVILLE,2026,2026-06-01,0,10:11:00,Local,0,0,0.0,42.38311056,-71.0920539,0,2026-06-01 10:11:00,17.14930650134935,0.0,0.8799548544905544
1613,SomervillePD,26035813,SOMERVILLE,2026,2026-06-02,0,07:13:00,,0,0,0.0,42.3836,-71.0935,,2026-06-02 07:13:00,MassDOT,5683639,SOMERVILLE,2026,2026-06-02,0,07:13:00,Local,0,0,0.0,42.3839768,-71.09301552,0,2026-06-02 07:13:00,57.68180561496743,0.0,0.596227360695228
1614,SomervillePD,26036026,SOMERVILLE,2026,2026-06-02,0,20:51:00,,0,0,0.0,42.3818,-71.0831,,2026-06-02 20:51:00,MassDOT,5683540,SOMERVILLE,2026,2026-06-02,0,20:51:00,Local,0,0,0.0,42.38177723,-71.08307237,0,2026-06-02 20:51:00,3.394165227817411,0.0,0.9762408434052781
1615,MassDOT,5683626,SOMERVILLE,2026,2026-06-03,0,12:06:00,Local,0,0,0.0,42.37965997,-71.09128357,0,2026-06-03 12:06:00,SomervillePD,26036180,SOMERVILLE,2026,2026-06-03,0,12:06:00,,0,0,0.0,42.3798,-71.0915,,2026-06-03 12:06:00,23.590734828260594,0.0,0.8348648562021759
1616,SomervillePD,26036538,SOMERVILLE,2026,2026-06-04,0,17:10:00,,0,0,0.0,42.3864,-71.0823,,2026-06-04 17:10:00,MassDOT,5683625,SOMERVILLE,2026,2026-06-04,0,17:10:00,Local,0,0,0.0,42.38680586,-71.08188114,0,2026-06-04 17:10:00,56.64656583116296,0.0,0.6034740391818592
1617,MassDOT,5683758,SOMERVILLE,2026,2026-06-05,0,15:39:00,Local,0,1,0.0,42.39083811,-71.09077765,0,2026-06-05 15:39:00,SomervillePD,26036818,SOMERVILLE,2026,2026-06-05,0,15:39:00,,0,1,0.0,42.391,-71.0906,,2026-06-05 15:39:00,23.130471671992083,0.0,0.8380866982960553
1618,SomervillePD,26037528,SOMERVILLE,2026,2026-06-08,0,10:22:00,,0,0,0.0,42.3778,-71.0919,,2026-06-08 10:22:00,MassDOT,5683638,SOMERVILLE,2026,2026-06-08,0,10:22:00,Local,0,0,0.0,42.37786164,-71.09172679,0,2026-06-08 10:22:00,15.764924765435158,0.0,0.8896455266419538
1619,SomervillePD,26037815,SOMERVILLE,2026,2026-06-09,0,11:17:00,,0,0,0.0,42.3795,-71.094,,2026-06-09 11:17:00,MassDOT,5683543,SOMERVILLE,2026,2026-06-09,0,11:17:00,Local,0,0,0.0,42.37958991,-71.09398297,0,2026-06-09 11:17:00,10.077225680653472,0.0,0.9294594202354256
1620,SomervillePD,26037840,SOMERVILLE,2026,2026-06-09,2,13:04:00,,1,0,0.0,42.4012,-71.1254,,2026-06-09 13:04:00,MassDOT,5683647,SOMERVILLE,2026,2026-06-09,2,13:04:00,Local,1,0,0.0,42.40082424,-71.12598606,0,2026-06-09 13:04:00,63.618223873200975,0.0,0.5546724328875932
1621,MassDOT,5683527,SOMERVILLE,2026,2026-06-12,2,13:06:00,Local,1,0,0.0,42.39536289,-71.11594062,0,2026-06-12 13:06:00,SomervillePD,26038766,SOMERVILLE,2026,2026-06-12,2,13:06:00,,1,0,0.0,42.3955,-71.1162,,2026-06-12 13:06:00,26.14806517131144,0.0,0.8169635438008198
1622,MassDOT,5683635,SOMERVILLE,2026,2026-06-14,2,11:51:00,Local,0,0,0.0,42.38288767,-71.09368888,0,2026-06-14 11:51:00,SomervillePD,26039266,SOMERVILLE,2026,2026-06-14,2,11:51:00,,0,0,0.0,42.3829,-71.0937,,2026-06-14 11:51:00,1.6445107479017038,0.0,0.9884884247646879
1623,MassDOT,5683634,SOMERVILLE,2026,2026-06-14,0,12:05:00,Local,0,0,0.0,42.38316168,-71.09190837,0,2026-06-14 12:05:00,SomervillePD,26039273,SOMERVILLE,2026,2026-06-14,0,12:05:00,,0,0,0.0,42.383,-71.0918,,2026-06-14 12:05:00,20.02560749870745,0.0,0.8598207475090478
1624,MassDOT,5683703,SOMERVILLE,2026,2026-06-14,0,18:16:00,Local,0,0,0.0,42.38150951,-71.10054992,0,2026-06-14 18:16:00,SomervillePD,26039352,SOMERVILLE,2026,2026-06-14,0,18:16:00,,0,0,0.0,42.3813,-71.1005,,2026-06-14 18:16:00,23.61306124757587,0.0,0.8347085712669688
1625,SomervillePD,26039728,SOMERVILLE,2026,2026-06-16,0,07:14:00,,0,0,0.0,42.401,-71.1183,,2026-06-16 07:14:00,MassDOT,5683628,SOMERVILLE,2026,2026-06-16,0,07:14:00,Local,0,0,0.0,42.40082381,-71.11808435,0,2026-06-16 07:14:00,26.361506726695083,0.0,0.8154694529131343
1626,MassDOT,5683654,SOMERVILLE,2026,2026-06-16,0,09:55:00,Local,0,0,0.0,42.40329341,-71.12724649,0,2026-06-16 09:55:00,SomervillePD,26039770,SOMERVILLE,2026,2026-06-16,0,09:55:00,,0,0,0.0,42.4027,-71.1272,,2026-06-16 09:55:00,65.97863785735778,0.0,0.5381495349984955
1627,MassDOT,5683519,SOMERVILLE,2026,2026-06-16,0,14:06:00,Local,0,0,0.0,42.38912135,-71.09714554,0,2026-06-16 14:06:00,SomervillePD,26039831,SOMERVILLE,2026,2026-06-16,0,14:06:00,,0,0,0.0,42.3891,-71.0972,,2026-06-16 14:06:00,5.054745862984469,0.0,0.9646167789591087
1628,MassDOT,5683636,SOMERVILLE,2026,2026-06-18,0,07:24:00,Local,0,0,0.0,42.38004075,-71.09034783,0,2026-06-18 07:24:00,SomervillePD,26040249,SOMERVILLE,2026,2026-06-18,0,07:24:00,,0,0,0.0,42.3802,-71.0904,,2026-06-18 07:24:00,18.186969401513064,0.0,0.8726912141894085
1629,SomervillePD,26040383,SOMERVILLE,2026,2026-06-18,2,16:48:00,,0,0,0.0,42.3973,-71.1043,,2026-06-18 16:48:00,MassDOT,5683698,SOMERVILLE,2026,2026-06-18,2,16:48:00,Local,0,0,1.0,42.39736101,-71.10439596,0,2026-06-18 16:48:00,10.379598080764742,0.0,0.9273428134346469
1630,MassDOT,5681789,BOSTON,2026,2026-06-19,0,06:37:00,State,0,0,0.0,42.31786884,-71.0514914,0,2026-06-19 06:37:00,BostonVisionZero,19463,BOSTON,2026,2026-06-19,,07:17:00,,0,0,,42.3184513226757,-71.05196025005509,,2026-06-19 07:17:00,75.24060010795847,2400.0,0.2733157992442907
1631,MassDOT,5683692,SOMERVILLE,2026,2026-06-19,0,10:37:00,Local,0,0,0.0,42.38139701,-71.08134393,0,2026-06-19 10:37:00,SomervillePD,26040600,SOMERVILLE,2026,2026-06-19,0,10:37:00,,0,0,0.0,42.3809,-71.0807,,2026-06-19 10:37:00,76.36171925047384,0.0,0.4654679652466831
1632,SomervillePD,26042912,SOMERVILLE,2026,2026-06-27,0,22:44:00,,0,0,0.0,42.391,-71.1106,,2026-06-27 22:44:00,MassDOT,5683704,SOMERVILLE,2026,2026-06-27,0,22:44:00,Local,0,0,0.0,42.39066454,-71.11059176,0,2026-06-27 22:44:00,37.242186944322114,0.0,0.7393046913897452
1633,MassDOT,5683055,BOSTON,2026,2026-06-29,2,12:19:00,Local,0,0,0.0,42.38921385,-70.99809012,0,2026-06-29 12:19:00,BostonVisionZero,40463,BOSTON,2026,2026-06-29,,13:10:50,,0,0,,42.389770536931216,-70.99737408381479,,2026-06-29 13:10:50,85.23068232938941,3110.0,0.14421855702760747
